{
  "type": "FeatureCollection",
  "generator": "overpass-turbo",
  "copyright": "The data included in this document is from www.openstreetmap.org. The data is made available under ODbL.",
  "timestamp": "2026-10-06T19:24:17Z",
  "features": [
    {
      "type": "Feature",
      "properties": {
        "@id": "relation/72659",
        "building": "yes",
        "building:levels": "3",
        "check_date": "2026-07-17",
        "check_date:opening_hours": "2026-07-17",
        "name": "Canberra Museum and Gallery",
        "name:vi": "Bảo tàng và Nhà triển lãm Canberra",
        "opening_hours": "Mo-Fr 10:00-17:00; Sa-Su 12:00-16:00",
        "roof:shape": "flat",
        "tourism": "museum",
        "type": "multipolygon",
        "website": "https://www.cmag.com.au/",
        "wikidata": "Q495518",
        "@geometry": "center"
      },
      "geometry": {
        "type": "Point",
        "coordinates": [
          149.1306317,
          -35.2806626
        ]
      },
      "id": "relation/72659"
    },
    {
      "type": "Feature",
      "properties": {
        "@id": "relation/1925132",
        "addr:housenumber": "205",
        "addr:postcode": "4207",
        "addr:state": "QLD",
        "addr:street": "Main Street",
        "addr:suburb": "Beenleigh",
        "fee": "yes",
        "museum": "history",
        "museum_type": "regional",
        "name": "Beenleigh Historical Village and Museum",
        "note": "Closed on Christmas Day, Good Friday, Easter Sunday, and ANZAC Day",
        "opening_hours": "Mo-Su 09:00-15:00",
        "toilets": "yes",
        "toilets:access": "customers",
        "tourism": "museum",
        "type": "multipolygon",
        "website": "https://beenleighhistoricalvillage.com.au/",
        "wheelchair": "limited",
        "wikidata": "Q19871213",
        "wikipedia": "en:Beenleigh Historical Village",
        "@geometry": "center"
      },
      "geometry": {
        "type": "Point",
        "coordinates": [
          153.2133802,
          -27.7230828
        ]
      },
      "id": "relation/1925132"
    },
    {
      "type": "Feature",
      "properties": {
        "@id": "relation/2840634",
        "building": "university",
        "fee": "no",
        "name": "National Film & Sound Archive",
        "opening_hours": "Mo-Su 10:00-16:00",
        "tourism": "museum",
        "type": "multipolygon",
        "website": "https://www.nfsa.gov.au/",
        "wikidata": "Q2565882",
        "@geometry": "center"
      },
      "geometry": {
        "type": "Point",
        "coordinates": [
          149.1211106,
          -35.2829194
        ]
      },
      "id": "relation/2840634"
    },
    {
      "type": "Feature",
      "properties": {
        "@id": "way/4817074",
        "addr:housenumber": "11",
        "addr:postcode": "3053",
        "addr:state": "VIC",
        "addr:street": "Nicholson Street",
        "addr:suburb": "Carlton",
        "atm": "yes",
        "building": "yes",
        "fee": "yes",
        "internet_access": "wlan",
        "layer": "1",
        "name": "Melbourne Museum",
        "name:el": "Μουσείο της Μελβούρνης",
        "name:fr": "Musée de Melbourne",
        "opening_hours": "Mo-Su 10:00-17:00,09:00-17:00",
        "operator": "Museum Victoria",
        "operator:type": "public",
        "phone": "+61 3 8341 7777",
        "source": "Vicmap Address",
        "tourism": "museum",
        "website": "https://museumsvictoria.com.au/melbournemuseum/",
        "wheelchair": "yes",
        "wikidata": "Q1353869",
        "wikipedia": "en:Melbourne Museum",
        "@geometry": "center"
      },
      "geometry": {
        "type": "Point",
        "coordinates": [
          144.9717001,
          -37.8032374
        ]
      },
      "id": "way/4817074"
    },
    {
      "type": "Feature",
      "properties": {
        "@id": "way/4960808",
        "addr:housenumber": "7",
        "addr:postcode": "2011",
        "addr:street": "Onslow Avenue",
        "addr:suburb": "Elizabeth Bay",
        "building": "house",
        "building:levels": "2",
        "building:material": "plaster",
        "fee": "no",
        "historic": "house",
        "museum": "local",
        "name": "Elizabeth Bay House",
        "opening_hours": "Su-Mo 10:00-16:00",
        "operator": "Museums of History New South Wales",
        "roof:shape": "hipped",
        "toilets": "yes",
        "toilets:wheelchair": "yes",
        "tourism": "museum",
        "website": "https://mhnsw.au/visit-us/elizabeth-bay-house/",
        "wheelchair": "limited",
        "wikidata": "Q656521",
        "wikipedia": "en:Elizabeth Bay House",
        "@geometry": "center"
      },
      "geometry": {
        "type": "Point",
        "coordinates": [
          151.2264389,
          -33.8701101
        ]
      },
      "id": "way/4960808"
    },
    {
      "type": "Feature",
      "properties": {
        "@id": "relation/5613553",
        "addr:street": "Lawson Crescent",
        "fee": "no",
        "museum": "history",
        "opening_hours": "Mo-Su 09:00-17:00",
        "operator": "Australian Government",
        "operator:type": "public",
        "source": "bing",
        "tourism": "museum",
        "type": "multipolygon",
        "wikidata": "Q1967496",
        "wikipedia": "en:National Museum of Australia",
        "@geometry": "center"
      },
      "geometry": {
        "type": "Point",
        "coordinates": [
          149.1202523,
          -35.2921822
        ]
      },
      "id": "relation/5613553"
    },
    {
      "type": "Feature",
      "properties": {
        "@id": "relation/7527080",
        "addr:street": "Treloar Crescent",
        "building": "yes",
        "fee": "no",
        "historic": "memorial",
        "name": "Australian War Memorial",
        "opening_hours": "10:00-17:00; Dec 25 off",
        "tourism": "museum",
        "type": "multipolygon",
        "website": "https://www.awm.gov.au/",
        "wikidata": "Q782783",
        "wikipedia": "en:Australian War Memorial",
        "@geometry": "center"
      },
      "geometry": {
        "type": "Point",
        "coordinates": [
          149.1490149,
          -35.2805841
        ]
      },
      "id": "relation/7527080"
    },
    {
      "type": "Feature",
      "properties": {
        "@id": "relation/7908100",
        "addr:housenumber": "70",
        "addr:postcode": "2142",
        "addr:state": "NSW",
        "addr:street": "Alice Street",
        "addr:suburb": "Rosehill",
        "building": "yes",
        "fee": "no",
        "museum": "local",
        "name": "Elizabeth Farm",
        "opening_hours": "Fr-Sa 10:00-16:00",
        "phone": "+61 2 9635 9488",
        "tourism": "museum",
        "type": "multipolygon",
        "website": "https://mhnsw.au/visit-us/elizabeth-farm/",
        "wheelchair": "yes",
        "wikidata": "Q5362749",
        "wikipedia": "en:Elizabeth Farm",
        "@geometry": "center"
      },
      "geometry": {
        "type": "Point",
        "coordinates": [
          151.0178563,
          -33.8211852
        ]
      },
      "id": "relation/7908100"
    },
    {
      "type": "Feature",
      "properties": {
        "@id": "relation/8016729",
        "historic": "archaeological_site",
        "leisure": "park",
        "name": "Headland Park",
        "operator": "Sydney Harbour Federation Trust",
        "operator:type": "government",
        "operator:wikidata": "Q2373699",
        "tourism": "museum",
        "type": "multipolygon",
        "website": "https://www.harbourtrust.gov.au/our-places/middle-head/",
        "wikidata": "Q21930892",
        "@geometry": "center"
      },
      "geometry": {
        "type": "Point",
        "coordinates": [
          151.2581925,
          -33.8326383
        ]
      },
      "id": "relation/8016729"
    },
    {
      "type": "Feature",
      "properties": {
        "@id": "relation/8893061",
        "addr:housenumber": "116",
        "addr:street": "Kentucky Street",
        "building": "school",
        "building:levels": "1",
        "fee": "no",
        "name": "Museum of Education",
        "opening_hours": "\"by appointment\"",
        "roof:levels": "0",
        "roof:shape": "many",
        "tourism": "museum",
        "type": "multipolygon",
        "wheelchair": "no",
        "@geometry": "center"
      },
      "geometry": {
        "type": "Point",
        "coordinates": [
          151.6635459,
          -30.5248506
        ]
      },
      "id": "relation/8893061"
    },
    {
      "type": "Feature",
      "properties": {
        "@id": "way/14251243",
        "addr:housenumber": "400",
        "addr:postcode": "3000",
        "addr:state": "VIC",
        "addr:street": "Flinders Street",
        "addr:suburb": "Melbourne",
        "building": "yes",
        "building:levels": "3",
        "fee": "yes",
        "height": "20",
        "historic": "building",
        "museum": "history",
        "name": "Immigration Museum",
        "name:fr": "Musée de l'immigration",
        "opening_hours": "Mo-Su 10:00-17:00",
        "operator": "Museum Victoria",
        "operator:type": "public",
        "phone": "+61 3 9927 2709",
        "start_date": "1998",
        "tourism": "museum",
        "website": "https://museumsvictoria.com.au/immigrationmuseum/",
        "wheelchair": "yes",
        "wikidata": "Q2694295",
        "wikipedia": "en:Immigration Museum, Melbourne",
        "@geometry": "center"
      },
      "geometry": {
        "type": "Point",
        "coordinates": [
          144.9603968,
          -37.8191169
        ]
      },
      "id": "way/14251243"
    },
    {
      "type": "Feature",
      "properties": {
        "@id": "way/16598528",
        "addr:housenumber": "2",
        "addr:street": "Murray Street",
        "building": "museum",
        "building:levels": "3",
        "changing_table": "yes",
        "check_date": "2026-07-15",
        "fee": "no",
        "layer": "1",
        "museum": "maritime",
        "name": "Australian National Maritime Museum",
        "opening_hours": "Mo-Su 10:00-16:00",
        "operator:type": "public",
        "roof:shape": "round_skillion",
        "toilets": "yes",
        "toilets:wheelchair": "yes",
        "tourism": "museum",
        "website": "https://www.sea.museum/",
        "wheelchair": "yes",
        "wikidata": "Q844329",
        "wikipedia": "en:Australian National Maritime Museum",
        "@geometry": "center"
      },
      "geometry": {
        "type": "Point",
        "coordinates": [
          151.1987411,
          -33.8693751
        ]
      },
      "id": "way/16598528"
    },
    {
      "type": "Feature",
      "properties": {
        "@id": "way/16748926",
        "addr:housenumber": "6-8",
        "building": "museum",
        "building:levels": "3",
        "changing_table": "yes",
        "fee": "no",
        "name": "Australian Museum",
        "name:en": "Australian Museum",
        "opening_hours": "PH,Mo-Su 10:00-17:00",
        "phone": "+61 2 9320 6000",
        "source:location": "digitalglobe",
        "toilets": "yes",
        "tourism": "museum",
        "website": "https://australian.museum/",
        "wheelchair": "yes",
        "wikidata": "Q769416",
        "wikipedia": "en:Australian Museum",
        "@geometry": "center"
      },
      "geometry": {
        "type": "Point",
        "coordinates": [
          151.2132545,
          -33.8743465
        ]
      },
      "id": "way/16748926"
    },
    {
      "type": "Feature",
      "properties": {
        "@id": "way/16749595",
        "addr:housename": "Hyde Park Barracks",
        "building": "yes",
        "building:levels": "3",
        "fee": "no",
        "heritage:operator": "whc",
        "heritage:website": "https://whc.unesco.org/en/list/1306/",
        "museum": "local",
        "name": "Hyde Park Barracks",
        "opening_hours": "Mo-Su 10:00-18:00",
        "operator": "Museums of History New South Wales",
        "ref:whc": "1306-003",
        "toilets": "yes",
        "tourism": "museum",
        "website": "https://mhnsw.au/visit-us/hyde-park-barracks/",
        "whc:criteria": "(iv)(vi)",
        "whc:inscription_date": "2010",
        "wheelchair": "limited",
        "wikidata": "Q1577600",
        "wikipedia": "en:Hyde Park Barracks, Sydney",
        "@geometry": "center"
      },
      "geometry": {
        "type": "Point",
        "coordinates": [
          151.2128014,
          -33.8695991
        ]
      },
      "id": "way/16749595"
    },
    {
      "type": "Feature",
      "properties": {
        "@id": "way/16750260",
        "addr:housenumber": "10",
        "building": "hospital",
        "building:levels": "2",
        "fee": "no",
        "museum": "local",
        "name": "The Mint",
        "opening_hours": "Mo-Fr 09:00-16:00; PH off",
        "operator": "Museums of History New South Wales",
        "toilets": "yes",
        "tourism": "museum",
        "website": "https://mhnsw.au/visit-us/the-mint/",
        "wheelchair": "limited",
        "wikidata": "Q1641346",
        "wikipedia": "en:Sydney Mint",
        "@geometry": "center"
      },
      "geometry": {
        "type": "Point",
        "coordinates": [
          151.2124305,
          -33.8689428
        ]
      },
      "id": "way/16750260"
    },
    {
      "type": "Feature",
      "properties": {
        "@id": "way/16765958",
        "addr:postcode": "2007",
        "addr:street": "Harris Street",
        "air_conditioning": "yes",
        "alt_name": "Museum of Applied Arts and Science",
        "building": "museum",
        "building:levels": "4",
        "fee": "no",
        "name": "Powerhouse Museum",
        "note": "Closed for renovations as of July 2024.",
        "opening_hours": "closed \"Closed for renovations\"",
        "source:name": "local_knowledge",
        "toilets": "yes",
        "tourism": "museum",
        "website": "https://powerhouse.com.au/visit/ultimo",
        "wheelchair": "yes",
        "wikidata": "Q2107035",
        "wikipedia": "en:Powerhouse Museum",
        "@geometry": "center"
      },
      "geometry": {
        "type": "Point",
        "coordinates": [
          151.1995566,
          -33.8783509
        ]
      },
      "id": "way/16765958"
    },
    {
      "type": "Feature",
      "properties": {
        "@id": "relation/17140476",
        "addr:housenumber": "156",
        "addr:postcode": "3006",
        "addr:state": "VIC",
        "addr:street": "Southbank Boulevard",
        "addr:suburb": "Southbank",
        "air_conditioning": "yes",
        "architect": "Fender Katsalidis",
        "building": "university",
        "building:levels": "2",
        "building:levels:underground": "0",
        "changing_table": "yes",
        "check_date": "2026-05-01",
        "check_date:opening_hours": "2026-05-01",
        "description": "The museum is located in the heart of the Melbourne arts precinct where it provides a creative forum through which the University engages local, national and international audiences with the best of contemporary Australian and international art.",
        "email": "buxton-contemporary@unimelb.edu.au",
        "faculty": "arts;music",
        "fee": "no",
        "height": "6",
        "internet_access": "wlan",
        "internet_access:fee": "customers",
        "internet_access:ssid": "Unimelb, Eduroam",
        "museum": "art",
        "name": "Buxton Contemporary (868)",
        "opening_hours": "Tu-Sa 11:00-17:00",
        "operator": "University of Melbourne",
        "operator:type": "government",
        "phone": "+61 3 9035 9339",
        "ref:unimelb": "868",
        "smoking": "no",
        "social_facility": "AU",
        "toilets": "yes",
        "toilets:wheelchair": "yes",
        "tourism": "museum",
        "type": "multipolygon",
        "website": "https://buxtoncontemporary.com/",
        "website:map": "https://use.mazemap.com/?campusid=216&sharepoitype=identifier&sharepoi= 868",
        "wheelchair": "yes",
        "@geometry": "center"
      },
      "geometry": {
        "type": "Point",
        "coordinates": [
          144.968824,
          -37.8240653
        ]
      },
      "id": "relation/17140476"
    },
    {
      "type": "Feature",
      "properties": {
        "@id": "relation/18112159",
        "area": "yes",
        "barrier": "fence",
        "fee": "yes",
        "name": "National Rail Museum",
        "opening_hours": "Mo-Su,PH 10:00-16:30",
        "phone": "+61 8 8341 1690",
        "tourism": "museum",
        "type": "multipolygon",
        "website": "https://nrm.org.au/",
        "wikidata": "Q6975187",
        "wikipedia": "en:National Railway Museum (Port Adelaide)",
        "@geometry": "center"
      },
      "geometry": {
        "type": "Point",
        "coordinates": [
          138.5089112,
          -34.8460616
        ]
      },
      "id": "relation/18112159"
    },
    {
      "type": "Feature",
      "properties": {
        "@id": "relation/18157403",
        "addr:postcode": "4101",
        "addr:state": "QLD",
        "addr:street": "Grey Street",
        "addr:suburb": "South Brisbane",
        "building": "government",
        "building:levels": "8",
        "fee": "no",
        "layer": "1",
        "name": "Queensland Museum",
        "opening_hours": "Mo-Su 09:30-17:00",
        "phone": "+61 7 3153 3000",
        "toilets:wheelchair": "yes",
        "tourism": "museum",
        "type": "multipolygon",
        "website": "https://www.museum.qld.gov.au/",
        "wheelchair": "yes",
        "wheelchair:description": "11 accessible carparks with lifts provided from carpark to all levels Accessible counter & toilets Avoid openings & weekends (busy) Accessible public transport available Some displays at inappropriate height Overall great accessibility",
        "wikidata": "Q1537684",
        "wikipedia": "en:Queensland Museum",
        "@geometry": "center"
      },
      "geometry": {
        "type": "Point",
        "coordinates": [
          153.0180223,
          -27.4727442
        ]
      },
      "id": "relation/18157403"
    },
    {
      "type": "Feature",
      "properties": {
        "@id": "relation/18721805",
        "addr:postcode": "4008",
        "addr:state": "QLD",
        "addr:street": "Airport Drive",
        "addr:suburb": "Brisbane Airport",
        "building": "yes",
        "fee": "no",
        "layer": "1",
        "museum": "aerospace",
        "name": "Sir Charles Kingsford Smith Memorial",
        "opening_hours": "24/7",
        "tourism": "museum",
        "type": "multipolygon",
        "website": "https://www.bne.com.au/passenger/shop-dine-explore/explore/kingsford-smith-memorial",
        "@geometry": "center"
      },
      "geometry": {
        "type": "Point",
        "coordinates": [
          153.1088266,
          -27.3994191
        ]
      },
      "id": "relation/18721805"
    },
    {
      "type": "Feature",
      "properties": {
        "@id": "relation/18892045",
        "addr:housenumber": "48",
        "addr:street": "Royal Parade",
        "air_conditioning": "yes",
        "alt_name": "Building 140",
        "building": "university",
        "check_date": "2024-04-09",
        "faculty": "Music",
        "height": "6 m",
        "internet_access": "wlan",
        "internet_access:fee": "no",
        "internet_access:ssid": "UniWireless, Eduroam",
        "museum": "person",
        "name": "Grainger Museum",
        "opening_hours": "\"by appointment\"",
        "operator": "University of Melbourne",
        "operator:type": "university",
        "ref:unimelb": "140",
        "toilets": "yes",
        "tourism": "museum",
        "type": "multipolygon",
        "wheelchair": "limited",
        "wikidata": "Q5593518",
        "@geometry": "center"
      },
      "geometry": {
        "type": "Point",
        "coordinates": [
          144.958434,
          -37.7972913
        ]
      },
      "id": "relation/18892045"
    },
    {
      "type": "Feature",
      "properties": {
        "@id": "node/20959057",
        "check_date": "2026-05-25",
        "fee": "no",
        "museum": "local",
        "name": "Justice & Police Museum",
        "opening_hours": "Sa-Su 10:00-17:00",
        "operator": "Museums of History New South Wales",
        "toilets": "yes",
        "tourism": "museum",
        "website": "https://mhnsw.au/visit-us/justice-and-police-museum/",
        "wheelchair": "limited",
        "wikidata": "Q42915912",
        "wikipedia": "en:Justice and Police Museum"
      },
      "geometry": {
        "type": "Point",
        "coordinates": [
          151.2122831,
          -33.8620845
        ]
      },
      "id": "node/20959057"
    },
    {
      "type": "Feature",
      "properties": {
        "@id": "relation/21258633",
        "addr:housenumber": "9",
        "addr:postcode": "5234",
        "addr:street": "Shannon Street",
        "addr:suburb": "Birdwood",
        "building": "yes",
        "fee": "yes",
        "name": "National Motor Museum",
        "opening_hours": "Mo-Su 10:00-17:00",
        "tourism": "museum",
        "type": "multipolygon",
        "website": "https://motor.history.sa.gov.au/",
        "@geometry": "center"
      },
      "geometry": {
        "type": "Point",
        "coordinates": [
          138.9537768,
          -34.8198512
        ]
      },
      "id": "relation/21258633"
    },
    {
      "type": "Feature",
      "properties": {
        "@id": "way/22963243",
        "addr:postcode": "3000",
        "addr:state": "VIC",
        "addr:street": "Federation Square",
        "addr:suburb": "Melbourne",
        "building": "yes",
        "fee": "no",
        "layer": "1",
        "name": "Ian Potter Centre: NGV Australia",
        "opening_hours": "Mo-Su 10:00-17:00",
        "tourism": "museum",
        "website": "https://www.ngv.vic.gov.au/",
        "wikidata": "Q4350417",
        "@geometry": "center"
      },
      "geometry": {
        "type": "Point",
        "coordinates": [
          144.9699711,
          -37.8175394
        ]
      },
      "id": "way/22963243"
    },
    {
      "type": "Feature",
      "properties": {
        "@id": "way/22963244",
        "addr:postcode": "3000",
        "addr:state": "VIC",
        "addr:street": "Federation Square",
        "addr:suburb": "Melbourne",
        "building:part": "yes",
        "check_date": "2026-07-17",
        "fee": "no",
        "layer": "0",
        "name": "ACMI",
        "old_name": "Australian Centre for the Moving Image",
        "opening_hours": "10:00-17:00; Apr 25 13:00-17:00; Dec 25 off",
        "phone": "+61 3 8663 2200",
        "toilets:menstrual_products": "yes",
        "tourism": "museum",
        "website": "https://www.acmi.net.au/",
        "wheelchair": "yes",
        "wikidata": "Q4823962",
        "wikipedia": "en:ACMI (museum)",
        "@geometry": "center"
      },
      "geometry": {
        "type": "Point",
        "coordinates": [
          144.9691169,
          -37.8174614
        ]
      },
      "id": "way/22963244"
    },
    {
      "type": "Feature",
      "properties": {
        "@id": "way/23144072",
        "addr:housenumber": "2",
        "addr:postcode": "3015",
        "addr:state": "VIC",
        "addr:street": "Booker Street",
        "addr:suburb": "Spotswood",
        "fee": "yes",
        "museum": "science",
        "name": "Scienceworks",
        "opening_hours": "Mo-Su 08:00-16:30",
        "operator": "Museums Victoria",
        "tourism": "museum",
        "website": "https://museumsvictoria.com.au/scienceworks",
        "wikidata": "Q7433721",
        "wikipedia": "en:Scienceworks (Melbourne)",
        "@geometry": "center"
      },
      "geometry": {
        "type": "Point",
        "coordinates": [
          144.8939082,
          -37.8315705
        ]
      },
      "id": "way/23144072"
    },
    {
      "type": "Feature",
      "properties": {
        "@id": "way/23579447",
        "addr:housenumber": "115",
        "addr:street": "William Street",
        "building": "museum",
        "heritage": "yes",
        "name": "Commissariat Store",
        "opening_hours": "Tu-Fr 10:00-16:00",
        "operator": "Royal Historical Society of Queensland",
        "tourism": "museum",
        "wheelchair": "yes",
        "wikidata": "Q5152612",
        "wikipedia": "en:Commissariat Store, Brisbane",
        "@geometry": "center"
      },
      "geometry": {
        "type": "Point",
        "coordinates": [
          153.0242409,
          -27.4732537
        ]
      },
      "id": "way/23579447"
    },
    {
      "type": "Feature",
      "properties": {
        "@id": "way/24269164",
        "building": "public",
        "building:levels": "1",
        "name": "National Capital Exhibition",
        "roof:levels": "0",
        "tourism": "museum",
        "website": "https://www.nca.gov.au/attractions/national-capital-exhibition",
        "wikidata": "Q136649082",
        "@geometry": "center"
      },
      "geometry": {
        "type": "Point",
        "coordinates": [
          149.1313783,
          -35.2904136
        ]
      },
      "id": "way/24269164"
    },
    {
      "type": "Feature",
      "properties": {
        "@id": "node/25984265",
        "fee": "yes",
        "name": "New Italy Museum",
        "source": "NSW LPI Base Map",
        "source:date": "2016-08",
        "tourism": "museum"
      },
      "geometry": {
        "type": "Point",
        "coordinates": [
          153.2981964,
          -29.1533487
        ]
      },
      "id": "node/25984265"
    },
    {
      "type": "Feature",
      "properties": {
        "@id": "way/27129540",
        "fee": "yes",
        "landuse": "commercial",
        "museum": "maritime",
        "name": "Queensland Maritime Museum",
        "opening_hours": "Mo-Su 09:30-16:30",
        "tourism": "museum",
        "website": "https://maritimemuseum.com.au/",
        "wikidata": "Q7270964",
        "wikipedia": "en:Queensland Maritime Museum",
        "@geometry": "center"
      },
      "geometry": {
        "type": "Point",
        "coordinates": [
          153.0266694,
          -27.481844
        ]
      },
      "id": "way/27129540"
    },
    {
      "type": "Feature",
      "properties": {
        "@id": "way/27246421",
        "name": "Villa Alba Museum",
        "tourism": "museum",
        "wikidata": "Q106958839",
        "wikipedia": "en:Villa Alba Museum",
        "@geometry": "center"
      },
      "geometry": {
        "type": "Point",
        "coordinates": [
          145.0113729,
          -37.8051614
        ]
      },
      "id": "way/27246421"
    },
    {
      "type": "Feature",
      "properties": {
        "@id": "way/30040538",
        "air_conditioning": "no",
        "building": "yes",
        "name": "Boiler Shop",
        "tourism": "museum",
        "wheelchair": "yes",
        "@geometry": "center"
      },
      "geometry": {
        "type": "Point",
        "coordinates": [
          152.7592188,
          -27.5983454
        ]
      },
      "id": "way/30040538"
    },
    {
      "type": "Feature",
      "properties": {
        "@id": "way/30680456",
        "addr:housename": "East Block",
        "addr:postcode": "2600",
        "addr:state": "ACT",
        "addr:street": "Kings Avenue",
        "addr:suburb": "Parkes",
        "alt_name": "East Block",
        "building": "government",
        "contact:facebook": "https://www.facebook.com/naagovau/",
        "contact:instagram": "https://www.instagram.com/naagovau/?hl=en",
        "contact:linkedin": "https://au.linkedin.com/company/national-archives-of-australia",
        "contact:twitter": "https://twitter.com/naagovau?lang=en",
        "contact:youtube": "https://www.youtube.com/channel/UC4tmpYcD5R7TjmxQ7sw7TFg",
        "email": "ref@naa.gov.au",
        "name": "National Archives of Australia",
        "old_name": "Secretariat Building No. 1",
        "opening_hours": "Mo-Su 09:00-17:00",
        "phone": "+61 2 6212 3600",
        "tourism": "museum",
        "website": "https://www.naa.gov.au/",
        "wikidata": "Q1684918",
        "@geometry": "center"
      },
      "geometry": {
        "type": "Point",
        "coordinates": [
          149.1306533,
          -35.3049355
        ]
      },
      "id": "way/30680456"
    },
    {
      "type": "Feature",
      "properties": {
        "@id": "node/32661116",
        "fee": "no",
        "name": "Berry Museum",
        "opening_hours": "Sa,Su 11:00-15:00",
        "source": "survey",
        "tourism": "museum"
      },
      "geometry": {
        "type": "Point",
        "coordinates": [
          150.6984646,
          -34.7756122
        ]
      },
      "id": "node/32661116"
    },
    {
      "type": "Feature",
      "properties": {
        "@id": "way/35089593",
        "tourism": "museum",
        "@geometry": "center"
      },
      "geometry": {
        "type": "Point",
        "coordinates": [
          137.6268105,
          -33.9295491
        ]
      },
      "id": "way/35089593"
    },
    {
      "type": "Feature",
      "properties": {
        "@id": "way/35394567",
        "barrier": "fence",
        "email": "ttms.information@internode.on.net",
        "museum": "transport",
        "name": "Tasmanian Transport Museum",
        "operator": "Tasmanian Transport Museum Society",
        "phone": "+61 3 6272 7721;+61 428 386 843",
        "tourism": "museum",
        "website": "https://tasmaniantransportmuseum.com.au/",
        "@geometry": "center"
      },
      "geometry": {
        "type": "Point",
        "coordinates": [
          147.2746039,
          -42.8311615
        ]
      },
      "id": "way/35394567"
    },
    {
      "type": "Feature",
      "properties": {
        "@id": "way/35501881",
        "alt_name": "Moorabbin Air Museum",
        "name": "Australian National Aviation Museum",
        "tourism": "museum",
        "website": "https://www.aarg.com.au/",
        "wikidata": "Q4824444",
        "@geometry": "center"
      },
      "geometry": {
        "type": "Point",
        "coordinates": [
          145.0914188,
          -37.9768991
        ]
      },
      "id": "way/35501881"
    },
    {
      "type": "Feature",
      "properties": {
        "@id": "way/35841181",
        "amenity": "prison",
        "name": "Boggo Road Gaol",
        "tourism": "museum",
        "wikidata": "Q4937584",
        "wikipedia": "en:Boggo Road Gaol",
        "@geometry": "center"
      },
      "geometry": {
        "type": "Point",
        "coordinates": [
          153.0286957,
          -27.4951488
        ]
      },
      "id": "way/35841181"
    },
    {
      "type": "Feature",
      "properties": {
        "@id": "way/40067702",
        "building": "yes",
        "name": "Azelia Ley Homestead",
        "tourism": "museum",
        "wikidata": "Q56053403",
        "@geometry": "center"
      },
      "geometry": {
        "type": "Point",
        "coordinates": [
          115.7686823,
          -32.0912739
        ]
      },
      "id": "way/40067702"
    },
    {
      "type": "Feature",
      "properties": {
        "@id": "node/42024393",
        "addr:housenumber": "66",
        "addr:street": "Victoria Avenue",
        "name": "Freshwater Bay Museum",
        "old_name": "Claremont Museum",
        "opening_hours": "Mo-Th 10:00-16:00, Su 10:00-14:00",
        "phone": "+61 8 9285 4300",
        "tourism": "museum",
        "website": "https://www.claremont.wa.gov.au/places/museum/",
        "wikidata": "Q66974898"
      },
      "geometry": {
        "type": "Point",
        "coordinates": [
          115.7870746,
          -31.9904114
        ]
      },
      "id": "node/42024393"
    },
    {
      "type": "Feature",
      "properties": {
        "@id": "way/42180358",
        "addr:housenumber": "40",
        "addr:street": "Lydiard Street North",
        "building": "yes",
        "museum": "art",
        "name": "Ballarat Fine Art Gallery",
        "opening_hours": "Mo-Su 10:00-17:00",
        "tourism": "museum",
        "website": "https://artgalleryofballarat.com.au/visit/",
        "wheelchair": "yes",
        "wikidata": "Q2881135",
        "wikipedia": "en:Art Gallery of Ballarat",
        "@geometry": "center"
      },
      "geometry": {
        "type": "Point",
        "coordinates": [
          143.8584034,
          -37.5604518
        ]
      },
      "id": "way/42180358"
    },
    {
      "type": "Feature",
      "properties": {
        "@id": "way/46197639",
        "addr:housenumber": "22",
        "addr:postcode": "3000",
        "addr:street": "Cohen Place",
        "addr:suburb": "Melbourne",
        "building": "yes",
        "check_date": "2026-04-06",
        "check_date:opening_hours": "2026-04-06",
        "name": "Chinese Museum",
        "name:fr": "Musée chinois",
        "opening_hours": "Mo-Su 10:00-16:00",
        "tourism": "museum",
        "website": "https://www.chinesemuseum.com.au/",
        "wikidata": "Q5100547",
        "@geometry": "center"
      },
      "geometry": {
        "type": "Point",
        "coordinates": [
          144.9692111,
          -37.8107405
        ]
      },
      "id": "way/46197639"
    },
    {
      "type": "Feature",
      "properties": {
        "@id": "way/47121746",
        "addr:postcode": "6160",
        "addr:street": "Victoria Quay",
        "addr:suburb": "Fremantle",
        "building": "public",
        "building:levels": "5",
        "fee": "yes",
        "internet_access": "wlan",
        "internet_access:fee": "no",
        "name": "Western Australian Maritime Museum",
        "opening_hours": "Mo-Su 09:30-17:00",
        "phone": "+61 8 9437 8444",
        "tourism": "museum",
        "website": "https://www.museum.wa.gov.au/museums/wa-maritime-museum",
        "wikidata": "Q3567483",
        "wikipedia": "en:Western Australian Museum",
        "@geometry": "center"
      },
      "geometry": {
        "type": "Point",
        "coordinates": [
          115.7388979,
          -32.0547251
        ]
      },
      "id": "way/47121746"
    },
    {
      "type": "Feature",
      "properties": {
        "@id": "way/49654270",
        "building": "yes",
        "name": "Bert Hinkler House",
        "tourism": "museum",
        "@geometry": "center"
      },
      "geometry": {
        "type": "Point",
        "coordinates": [
          152.3360542,
          -24.8520337
        ]
      },
      "id": "way/49654270"
    },
    {
      "type": "Feature",
      "properties": {
        "@id": "way/49654515",
        "building": "yes",
        "name": "Bundaberg Museum",
        "tourism": "museum",
        "@geometry": "center"
      },
      "geometry": {
        "type": "Point",
        "coordinates": [
          152.3354126,
          -24.8526129
        ]
      },
      "id": "way/49654515"
    },
    {
      "type": "Feature",
      "properties": {
        "@id": "way/49736345",
        "building": "yes",
        "name": "Western Australian Museum Shipwrecks",
        "tourism": "museum",
        "website": "https://www.museum.wa.gov.au/explore/education/wa-shipwrecks-museum",
        "@geometry": "center"
      },
      "geometry": {
        "type": "Point",
        "coordinates": [
          115.7424768,
          -32.0571388
        ]
      },
      "id": "way/49736345"
    },
    {
      "type": "Feature",
      "properties": {
        "@id": "way/49780447",
        "addr:postcode": "5022",
        "addr:state": "SA",
        "addr:street": "Jetty Street",
        "addr:suburb": "Grange",
        "alt_name": "Captain Sturts Cottage",
        "alt_name:en": "Charles Sturt Cottage",
        "building": "yes",
        "museum": "history",
        "name": "Charles Sturt Museum",
        "opening_hours": "Su 10:00-04:00",
        "operator": "City Of Charles Sturt",
        "phone": "+61 8 8356 8185",
        "tourism": "museum",
        "website": "https://www.charlessturtmuseum.com.au/",
        "@geometry": "center"
      },
      "geometry": {
        "type": "Point",
        "coordinates": [
          138.4983456,
          -34.9030005
        ]
      },
      "id": "way/49780447"
    },
    {
      "type": "Feature",
      "properties": {
        "@id": "way/50275702",
        "addr:housenumber": "401A",
        "addr:street": "Wendouree Parade",
        "building": "shed",
        "contact:pobox": "P.O. Box 632",
        "date": "1971",
        "email": "info@btm.org.au",
        "name": "Ballarat Tramway Museum",
        "opening_hours": "Sa,Su,PH 11:30-16:00",
        "phone": "+61 3 5334 1580",
        "tourism": "museum",
        "website": "https://www.btm.org.au/",
        "wikidata": "Q4851483",
        "wikipedia": "en:Ballarat Tramway Museum",
        "@geometry": "center"
      },
      "geometry": {
        "type": "Point",
        "coordinates": [
          143.8203831,
          -37.551523
        ]
      },
      "id": "way/50275702"
    },
    {
      "type": "Feature",
      "properties": {
        "@id": "way/50724949",
        "building": "yes",
        "name": "Historic Council Shire Offices",
        "tourism": "museum",
        "@geometry": "center"
      },
      "geometry": {
        "type": "Point",
        "coordinates": [
          145.4762921,
          -38.0716791
        ]
      },
      "id": "way/50724949"
    },
    {
      "type": "Feature",
      "properties": {
        "@id": "way/55084999",
        "building": "yes",
        "name": "Russell Island Museum",
        "tourism": "museum",
        "@geometry": "center"
      },
      "geometry": {
        "type": "Point",
        "coordinates": [
          153.3745874,
          -27.6587194
        ]
      },
      "id": "way/55084999"
    },
    {
      "type": "Feature",
      "properties": {
        "@id": "way/55218511",
        "building": "yes",
        "building:levels": "2",
        "fee": "yes",
        "man_made": "observatory",
        "museum": "local;science",
        "name": "Sydney Observatory",
        "observatory:type": "astronomical",
        "reservation": "required",
        "source:geometry": "nearmap",
        "tourism": "museum",
        "website": "https://powerhouse.com.au/visit/sydney-observatory",
        "wheelchair": "limited",
        "wikidata": "Q7660067",
        "wikipedia": "en:Sydney Observatory",
        "@geometry": "center"
      },
      "geometry": {
        "type": "Point",
        "coordinates": [
          151.2045683,
          -33.8595564
        ]
      },
      "id": "way/55218511"
    },
    {
      "type": "Feature",
      "properties": {
        "@id": "way/55890139",
        "building": "yes",
        "name": "YMCA building",
        "source": "nearmap",
        "tourism": "museum",
        "@geometry": "center"
      },
      "geometry": {
        "type": "Point",
        "coordinates": [
          151.0521924,
          -34.0449529
        ]
      },
      "id": "way/55890139"
    },
    {
      "type": "Feature",
      "properties": {
        "@id": "way/58060426",
        "amenity": "arts_centre",
        "name": "Blacktown Arts Centre",
        "tourism": "museum",
        "@geometry": "center"
      },
      "geometry": {
        "type": "Point",
        "coordinates": [
          150.9086971,
          -33.7726591
        ]
      },
      "id": "way/58060426"
    },
    {
      "type": "Feature",
      "properties": {
        "@id": "way/59384104",
        "addr:housenumber": "5",
        "addr:street": "Crichton Road",
        "building": "yes",
        "name": "Emerald Museum",
        "tourism": "museum",
        "@geometry": "center"
      },
      "geometry": {
        "type": "Point",
        "coordinates": [
          145.4485513,
          -37.9310134
        ]
      },
      "id": "way/59384104"
    },
    {
      "type": "Feature",
      "properties": {
        "@id": "node/60436753",
        "addr:housenumber": "70-102",
        "addr:street": "Flinders Street",
        "name": "Museum of Tropical Queensland",
        "opening_hours": "Mo-Su 09:30-16:00",
        "operator": "Queensland Museum",
        "operator:type": "public",
        "tourism": "museum",
        "website": "https://www.museum.qld.gov.au/museum-of-tropical-queensland"
      },
      "geometry": {
        "type": "Point",
        "coordinates": [
          146.8222433,
          -19.2573829
        ]
      },
      "id": "node/60436753"
    },
    {
      "type": "Feature",
      "properties": {
        "@id": "way/62151542",
        "name": "Sydney Tramway Museum",
        "source": "knowledge",
        "tourism": "museum",
        "website": "https://www.sydneytramwaymuseum.com.au/",
        "wikidata": "Q1109301",
        "wikipedia": "en:Sydney Tramway Museum",
        "@geometry": "center"
      },
      "geometry": {
        "type": "Point",
        "coordinates": [
          151.0519305,
          -34.0457811
        ]
      },
      "id": "way/62151542"
    },
    {
      "type": "Feature",
      "properties": {
        "@id": "way/64882368",
        "addr:housename": "Rushworth Museum",
        "addr:housenumber": "2-4A",
        "addr:postcode": "3612",
        "addr:state": "VIC",
        "addr:street": "High Street",
        "addr:suburb": "Rushworth",
        "building": "yes",
        "name": "Rushworth Museum",
        "tourism": "museum",
        "@geometry": "center"
      },
      "geometry": {
        "type": "Point",
        "coordinates": [
          145.0162864,
          -36.5868737
        ]
      },
      "id": "way/64882368"
    },
    {
      "type": "Feature",
      "properties": {
        "@id": "way/68023635",
        "addr:housenumber": "260",
        "addr:postcode": "2323",
        "addr:street": "Leggetts Drive",
        "addr:suburb": "Richmond Vale",
        "alt_name": "Richmond Main Rail/Mine Museum",
        "email": "rvrminfo@richmondvalerailwaymuseum.org",
        "name": "Richmond Vale Railway Museum",
        "old_name": "Richmond Main Colliery",
        "opening_hours": "Su[1-3] 09:30-16:00; PH off",
        "operator": "Richmond Vale Preservation Co-operative Society",
        "railway": "museum",
        "source:alt_name": "LPI Base Map Aug 2016",
        "tourism": "museum",
        "website": "https://www.richmondvalerailwaymuseum.org/",
        "wheelchair": "limited",
        "wikipedia": "en:Richmond Vale Railway Museum",
        "@geometry": "center"
      },
      "geometry": {
        "type": "Point",
        "coordinates": [
          151.479399,
          -32.8569605
        ]
      },
      "id": "way/68023635"
    },
    {
      "type": "Feature",
      "properties": {
        "@id": "way/69021935",
        "building": "yes",
        "name": "Seaside Museum",
        "toilets:wheelchair": "yes",
        "tourism": "museum",
        "wheelchair": "yes",
        "@geometry": "center"
      },
      "geometry": {
        "type": "Point",
        "coordinates": [
          153.1594869,
          -27.0861035
        ]
      },
      "id": "way/69021935"
    },
    {
      "type": "Feature",
      "properties": {
        "@id": "way/71071344",
        "addr:housenumber": "77",
        "addr:postcode": "3228",
        "addr:street": "Beach Road",
        "addr:suburb": "Torquay",
        "alt_name": "Surf World Museum",
        "building": "yes",
        "contact:email": "ansm@surfcoast.vic.gov.au",
        "contact:phone": "+61 3 5261 4606",
        "name": "Australian National Surfing Museum",
        "opening_hours": "Mo-Su,PH 09:00-17:00; Dec 25 off",
        "operator": "Surf Coast Shire Council",
        "source": "nearmap",
        "tourism": "museum",
        "website": "https://ansmtorquay.wordpress.com/",
        "wikidata": "Q6528667",
        "wikipedia": "en:Australian National Surfing Museum",
        "@geometry": "center"
      },
      "geometry": {
        "type": "Point",
        "coordinates": [
          144.3159766,
          -38.3266116
        ]
      },
      "id": "way/71071344"
    },
    {
      "type": "Feature",
      "properties": {
        "@id": "way/71893525",
        "building": "museum",
        "building:levels": "1",
        "check_date": "2023-12-18",
        "fee": "no",
        "museum": "science;nature;history",
        "name": "Museum of Economic Botany",
        "opening_hours": "Mo-Su 10:00-16:00",
        "toilets": "no",
        "tourism": "museum",
        "website": "https://www.botanicgardens.sa.gov.au/visit/adelaide-botanic-garden/santos-museum-economic-botany",
        "wikidata": "Q65071201",
        "wikipedia": "en:Santos Museum of Economic Botany",
        "@geometry": "center"
      },
      "geometry": {
        "type": "Point",
        "coordinates": [
          138.6113039,
          -34.9180607
        ]
      },
      "id": "way/71893525"
    },
    {
      "type": "Feature",
      "properties": {
        "@id": "way/80890306",
        "building": "yes",
        "name": "National Motor Racing Museum",
        "tourism": "museum",
        "website": "https://museumsbathurst.com.au/nmrm/",
        "wikidata": "Q6974397",
        "@geometry": "center"
      },
      "geometry": {
        "type": "Point",
        "coordinates": [
          149.562003,
          -33.4400928
        ]
      },
      "id": "way/80890306"
    },
    {
      "type": "Feature",
      "properties": {
        "@id": "way/85378973",
        "name": "Millmerran Museum",
        "tourism": "museum",
        "@geometry": "center"
      },
      "geometry": {
        "type": "Point",
        "coordinates": [
          151.2732353,
          -27.8739982
        ]
      },
      "id": "way/85378973"
    },
    {
      "type": "Feature",
      "properties": {
        "@id": "way/86609995",
        "addr:postcode": "2527",
        "addr:state": "NSW",
        "addr:street": "Airport Road and Boomerang Avenue",
        "addr:suburb": "Albion Park Rail",
        "building": "hangar",
        "fax": "+61 2 4257 4388",
        "name": "Historical Aircraft Restoration Society",
        "opening_hours": "Mo-Fr 09:30-15:30",
        "operator": "Historical Aircraft Restoration Society",
        "phone": "+61 2 4257 4333",
        "tourism": "museum",
        "website": "https://hars.org.au/",
        "wikidata": "Q56021454",
        "@geometry": "center"
      },
      "geometry": {
        "type": "Point",
        "coordinates": [
          150.7909579,
          -34.5612998
        ]
      },
      "id": "way/86609995"
    },
    {
      "type": "Feature",
      "properties": {
        "@id": "way/88180345",
        "building": "yes",
        "name": "Launceston Tramway Museum",
        "tourism": "museum",
        "website": "www.ltms.org.au",
        "@geometry": "center"
      },
      "geometry": {
        "type": "Point",
        "coordinates": [
          147.1389705,
          -41.4281745
        ]
      },
      "id": "way/88180345"
    },
    {
      "type": "Feature",
      "properties": {
        "@id": "way/93169474",
        "addr:housenumber": "770",
        "addr:street": "Mount Alexander Road",
        "building": "yes",
        "name": "Moonee Ponds Court House Museum",
        "operator": "Essendon Historical Society",
        "tourism": "museum",
        "@geometry": "center"
      },
      "geometry": {
        "type": "Point",
        "coordinates": [
          144.9240587,
          -37.7645045
        ]
      },
      "id": "way/93169474"
    },
    {
      "type": "Feature",
      "properties": {
        "@id": "way/94112328",
        "building": "yes",
        "email": "info@barklytourism.com.au",
        "name": "Battery Hill Mining Centre",
        "opening_hours": "Mo-Su 09:00-17:30",
        "phone:AU": "1800 500 879",
        "tourism": "museum",
        "@geometry": "center"
      },
      "geometry": {
        "type": "Point",
        "coordinates": [
          134.2080476,
          -19.6479708
        ]
      },
      "id": "way/94112328"
    },
    {
      "type": "Feature",
      "properties": {
        "@id": "way/95196016",
        "building": "historic",
        "fee": "no",
        "name": "Ross Female Factory",
        "opening_hours": "Mo-Fr 09:30-16:00; Sa,Su 10:00-16:00",
        "tourism": "museum",
        "wikidata": "Q16204876",
        "@geometry": "center"
      },
      "geometry": {
        "type": "Point",
        "coordinates": [
          147.493591,
          -42.033481
        ]
      },
      "id": "way/95196016"
    },
    {
      "type": "Feature",
      "properties": {
        "@id": "way/97530651",
        "addr:housenumber": "1",
        "addr:postcode": "5280",
        "addr:street": "Princes Highway",
        "addr:suburb": "Millicent",
        "description": "The museum features fully restored buggies and collections.",
        "fee": "yes",
        "name": "Millicent National Trust Museum",
        "operator": "National Trust",
        "phone": "+61 8 8733 2417",
        "tourism": "museum",
        "website": "https://www.nationaltrust.org.au/places/millicent-museum/",
        "@geometry": "center"
      },
      "geometry": {
        "type": "Point",
        "coordinates": [
          140.3573399,
          -37.5970859
        ]
      },
      "id": "way/97530651"
    },
    {
      "type": "Feature",
      "properties": {
        "@id": "way/100533199",
        "historic": "archaeological_site",
        "name": "Woolwich Dock and Parklands",
        "operator": "Sydney Harbour Federation Trust",
        "operator:wikidata": "Q2373699",
        "tourism": "museum",
        "website": "https://www.harbourtrust.gov.au/our-places/woolwich-dock-and-parklands/",
        "@geometry": "center"
      },
      "geometry": {
        "type": "Point",
        "coordinates": [
          151.1719847,
          -33.8408661
        ]
      },
      "id": "way/100533199"
    },
    {
      "type": "Feature",
      "properties": {
        "@id": "way/100949415",
        "building": "yes",
        "name": "Former Barracks Building",
        "ref:sap_equip_id": "1138498",
        "source": "Bing imagery",
        "tourism": "museum",
        "@geometry": "center"
      },
      "geometry": {
        "type": "Point",
        "coordinates": [
          151.195386,
          -33.8534843
        ]
      },
      "id": "way/100949415"
    },
    {
      "type": "Feature",
      "properties": {
        "@id": "way/103167412",
        "building": "yes",
        "fee": "no",
        "name": "Cape Bruny Light Station",
        "source": "survey",
        "tourism": "museum",
        "@geometry": "center"
      },
      "geometry": {
        "type": "Point",
        "coordinates": [
          147.1445603,
          -43.4893113
        ]
      },
      "id": "way/103167412"
    },
    {
      "type": "Feature",
      "properties": {
        "@id": "way/103191507",
        "building": "yes",
        "fee": "yes",
        "name": "Whale World",
        "opening_hours": "Mo-Su 09:00-17:00",
        "tourism": "museum",
        "@geometry": "center"
      },
      "geometry": {
        "type": "Point",
        "coordinates": [
          117.9596001,
          -35.0952904
        ]
      },
      "id": "way/103191507"
    },
    {
      "type": "Feature",
      "properties": {
        "@id": "way/103238763",
        "building": "house",
        "fee": "no",
        "name": "Cawthorne Cottage",
        "tourism": "museum",
        "@geometry": "center"
      },
      "geometry": {
        "type": "Point",
        "coordinates": [
          138.1323955,
          -35.8423957
        ]
      },
      "id": "way/103238763"
    },
    {
      "type": "Feature",
      "properties": {
        "@id": "way/105698058",
        "building": "yes",
        "name": "Breakwater Battery Military Museum",
        "phone": "+61 2 4275 2888",
        "tourism": "museum",
        "website": "https://mgnsw.org.au/organisations/breakwater-battery-museum/",
        "@geometry": "center"
      },
      "geometry": {
        "type": "Point",
        "coordinates": [
          150.9129042,
          -34.4755905
        ]
      },
      "id": "way/105698058"
    },
    {
      "type": "Feature",
      "properties": {
        "@id": "way/108180190",
        "addr:housenumber": "168",
        "addr:street": "Charlotte Street",
        "building": "commercial",
        "building:levels": "1",
        "fee": "yes",
        "name": "Queensland Holocaust Museum",
        "opening_hours": "Tu,Th,Su 09:00-16:00",
        "tourism": "museum",
        "wheelchair": "yes",
        "@geometry": "center"
      },
      "geometry": {
        "type": "Point",
        "coordinates": [
          153.0287157,
          -27.4694056
        ]
      },
      "id": "way/108180190"
    },
    {
      "type": "Feature",
      "properties": {
        "@id": "way/108220058",
        "area": "yes",
        "landuse": "railway",
        "name": "Daylesford Spa Country Railway",
        "tourism": "museum",
        "website": "www.dscr.com.au",
        "@geometry": "center"
      },
      "geometry": {
        "type": "Point",
        "coordinates": [
          144.1536488,
          -37.3421671
        ]
      },
      "id": "way/108220058"
    },
    {
      "type": "Feature",
      "properties": {
        "@id": "way/118409007",
        "building": "yes",
        "tourism": "museum",
        "@geometry": "center"
      },
      "geometry": {
        "type": "Point",
        "coordinates": [
          153.1519191,
          -27.4106047
        ]
      },
      "id": "way/118409007"
    },
    {
      "type": "Feature",
      "properties": {
        "@id": "way/118409029",
        "building": "yes",
        "name": "Fort Lytton Museum",
        "tourism": "museum",
        "@geometry": "center"
      },
      "geometry": {
        "type": "Point",
        "coordinates": [
          153.1518661,
          -27.410842
        ]
      },
      "id": "way/118409029"
    },
    {
      "type": "Feature",
      "properties": {
        "@id": "way/118409030",
        "building": "yes",
        "museum": "history",
        "name": "Visitor Information Centre",
        "old_name": "Old Laundry Block",
        "opening_hours": "Su 10:00-16:00",
        "tourism": "museum",
        "@geometry": "center"
      },
      "geometry": {
        "type": "Point",
        "coordinates": [
          153.1507495,
          -27.4119421
        ]
      },
      "id": "way/118409030"
    },
    {
      "type": "Feature",
      "properties": {
        "@id": "way/123987972",
        "building": "yes",
        "name": "Motor Museum of Western Australia",
        "tourism": "museum",
        "@geometry": "center"
      },
      "geometry": {
        "type": "Point",
        "coordinates": [
          115.9485782,
          -31.8359798
        ]
      },
      "id": "way/123987972"
    },
    {
      "type": "Feature",
      "properties": {
        "@id": "way/123992014",
        "building": "yes",
        "name": "Tractor Musem",
        "tourism": "museum",
        "@geometry": "center"
      },
      "geometry": {
        "type": "Point",
        "coordinates": [
          115.9509231,
          -31.836943
        ]
      },
      "id": "way/123992014"
    },
    {
      "type": "Feature",
      "properties": {
        "@id": "way/123992159",
        "building": "yes",
        "tourism": "museum",
        "@geometry": "center"
      },
      "geometry": {
        "type": "Point",
        "coordinates": [
          115.9431506,
          -31.8335582
        ]
      },
      "id": "way/123992159"
    },
    {
      "type": "Feature",
      "properties": {
        "@id": "way/123992161",
        "building": "yes",
        "layer": "1",
        "name": "Revolutions",
        "tourism": "museum",
        "website": "https://www.whitemanpark.com.au/attractions/revolutions.aspx",
        "@geometry": "center"
      },
      "geometry": {
        "type": "Point",
        "coordinates": [
          115.943375,
          -31.8339722
        ]
      },
      "id": "way/123992161"
    },
    {
      "type": "Feature",
      "properties": {
        "@id": "way/127975057",
        "building": "yes",
        "fee": "yes",
        "museum": "mining",
        "name": "Ballarat Gold Museum",
        "opening_hours": "Mo-Su 09:30-17:20",
        "operator": "Sovereign Hill Museums Association",
        "tourism": "museum",
        "website": "https://sovereignhill.com.au",
        "@geometry": "center"
      },
      "geometry": {
        "type": "Point",
        "coordinates": [
          143.8670138,
          -37.5736733
        ]
      },
      "id": "way/127975057"
    },
    {
      "type": "Feature",
      "properties": {
        "@id": "way/128838907",
        "fee": "yes",
        "landuse": "recreation_ground",
        "museum": "open_air",
        "name": "Sovereign Hill",
        "operator": "Sovereign Hill Museums Association",
        "operator:type": "community",
        "tourism": "museum",
        "website": "https://sovereignhill.com.au",
        "wikidata": "Q7571604",
        "wikipedia": "en:Sovereign Hill",
        "@geometry": "center"
      },
      "geometry": {
        "type": "Point",
        "coordinates": [
          143.865143,
          -37.5789711
        ]
      },
      "id": "way/128838907"
    },
    {
      "type": "Feature",
      "properties": {
        "@id": "way/130512350",
        "layer": "-1",
        "name": "Hazelhurst Gallery",
        "tourism": "museum",
        "wikidata": "Q5688083",
        "wikipedia": "en:Hazelhurst Regional Gallery and Arts Centre",
        "@geometry": "center"
      },
      "geometry": {
        "type": "Point",
        "coordinates": [
          151.0823254,
          -34.0328679
        ]
      },
      "id": "way/130512350"
    },
    {
      "type": "Feature",
      "properties": {
        "@id": "way/130992870",
        "addr:housenumber": "53",
        "addr:street": "Albert Street",
        "building": "yes",
        "museum": "local_history",
        "name": "Morven Historic Museum",
        "opening_hours": "Mo-Fr 10:00-12:00",
        "phone": "+61 7 4654 8131",
        "tourism": "museum",
        "website": "https://magsq.com.au/museum-gallery/morven-historical-museum/",
        "@geometry": "center"
      },
      "geometry": {
        "type": "Point",
        "coordinates": [
          147.1115166,
          -26.4153354
        ]
      },
      "id": "way/130992870"
    },
    {
      "type": "Feature",
      "properties": {
        "@id": "way/131870203",
        "designation": "Reserve 28880",
        "name": "Former museum",
        "tourism": "museum",
        "@geometry": "center"
      },
      "geometry": {
        "type": "Point",
        "coordinates": [
          115.3734194,
          -31.1099643
        ]
      },
      "id": "way/131870203"
    },
    {
      "type": "Feature",
      "properties": {
        "@id": "way/132317741",
        "addr:housenumber": "6",
        "addr:state": "QLD",
        "addr:street": "O'Callaghan Street",
        "addr:suburb": "Irvinebank",
        "building": "yes",
        "museum": "history",
        "name": "Loudoun House Museum",
        "opening_hours": "Mo-Su 10:00-16:00",
        "tourism": "museum",
        "@geometry": "center"
      },
      "geometry": {
        "type": "Point",
        "coordinates": [
          145.2043694,
          -17.4290052
        ]
      },
      "id": "way/132317741"
    },
    {
      "type": "Feature",
      "properties": {
        "@id": "way/136489651",
        "building": "yes",
        "name": "Historic Woolshed Museum",
        "source": "Bing",
        "tourism": "museum",
        "@geometry": "center"
      },
      "geometry": {
        "type": "Point",
        "coordinates": [
          132.9912888,
          -31.9247276
        ]
      },
      "id": "way/136489651"
    },
    {
      "type": "Feature",
      "properties": {
        "@id": "way/138390159",
        "name": "Illawarra Historical Society Inc & Illawarra Museum",
        "tourism": "museum",
        "website": "http://www.illawarramuseum.com/",
        "@geometry": "center"
      },
      "geometry": {
        "type": "Point",
        "coordinates": [
          150.9010214,
          -34.4248159
        ]
      },
      "id": "way/138390159"
    },
    {
      "type": "Feature",
      "properties": {
        "@id": "way/141612624",
        "building": "yes",
        "fee": "donation",
        "name": "Diamantina Health Care Museum",
        "opening_hours": "We 11:00-14:30; Su 12:00-14:00",
        "ref": "5",
        "tourism": "museum",
        "@geometry": "center"
      },
      "geometry": {
        "type": "Point",
        "coordinates": [
          153.0331878,
          -27.5005492
        ]
      },
      "id": "way/141612624"
    },
    {
      "type": "Feature",
      "properties": {
        "@id": "way/147511201",
        "alt_name": "Lady Denman Maritime Museum",
        "building": "yes",
        "fee": "yes",
        "name": "Maritime Museum",
        "source:alt_name": "LPI Base Map Aug 2016",
        "tourism": "museum",
        "@geometry": "center"
      },
      "geometry": {
        "type": "Point",
        "coordinates": [
          150.6674236,
          -35.0338386
        ]
      },
      "id": "way/147511201"
    },
    {
      "type": "Feature",
      "properties": {
        "@id": "way/148015865",
        "addr:housenumber": "655",
        "addr:postcode": "7011",
        "addr:state": "TAS",
        "addr:street": "Main Road",
        "addr:suburb": "Berriedale",
        "fee": "yes",
        "name": "Museum of Old and New Art (MONA)",
        "opening_hours": "We-Mo 10:00-18:00",
        "tourism": "museum",
        "website": "https://www.mona.net.au/",
        "wheelchair": "yes",
        "wikidata": "Q2353030",
        "wikipedia": "en:Museum of Old and New Art",
        "@geometry": "center"
      },
      "geometry": {
        "type": "Point",
        "coordinates": [
          147.2612712,
          -42.8126862
        ]
      },
      "id": "way/148015865"
    },
    {
      "type": "Feature",
      "properties": {
        "@id": "way/148171262",
        "building": "yes",
        "name": "Victorian Maritime Centre",
        "name_1": "Westernport Oberon Association",
        "tourism": "museum",
        "website": "https://maritimecentre.com.au/",
        "@geometry": "center"
      },
      "geometry": {
        "type": "Point",
        "coordinates": [
          145.2150787,
          -38.3488514
        ]
      },
      "id": "way/148171262"
    },
    {
      "type": "Feature",
      "properties": {
        "@id": "way/149140846",
        "building": "yes",
        "name": "Golden City Steamer Museum",
        "tourism": "museum",
        "@geometry": "center"
      },
      "geometry": {
        "type": "Point",
        "coordinates": [
          143.8429304,
          -37.553202
        ]
      },
      "id": "way/149140846"
    },
    {
      "type": "Feature",
      "properties": {
        "@id": "way/153133956",
        "building": "yes",
        "tourism": "museum",
        "@geometry": "center"
      },
      "geometry": {
        "type": "Point",
        "coordinates": [
          150.6835747,
          -33.7464636
        ]
      },
      "id": "way/153133956"
    },
    {
      "type": "Feature",
      "properties": {
        "@id": "way/155272264",
        "addr:housenumber": "330",
        "addr:postcode": "3762",
        "addr:street": "Union Lane",
        "addr:suburb": "Bylands",
        "name": "Tramway Heritage Centre",
        "operator": "Tramway Museum Society of Victoria Inc",
        "tourism": "museum",
        "website": "www.tramway.org.au",
        "wikidata": "Q7833252",
        "wikipedia": "en:Tramway Museum Society of Victoria",
        "@geometry": "center"
      },
      "geometry": {
        "type": "Point",
        "coordinates": [
          144.9666606,
          -37.352181
        ]
      },
      "id": "way/155272264"
    },
    {
      "type": "Feature",
      "properties": {
        "@id": "way/157634414",
        "building": "yes",
        "name": "Andrew Ross Museum",
        "tourism": "museum",
        "@geometry": "center"
      },
      "geometry": {
        "type": "Point",
        "coordinates": [
          145.2152994,
          -37.6916736
        ]
      },
      "id": "way/157634414"
    },
    {
      "type": "Feature",
      "properties": {
        "@id": "way/157682672",
        "fee": "yes",
        "name": "Cheyne Beach Whaling Station",
        "tourism": "museum",
        "wikidata": "Q23641155",
        "@geometry": "center"
      },
      "geometry": {
        "type": "Point",
        "coordinates": [
          117.9605187,
          -35.0965911
        ]
      },
      "id": "way/157682672"
    },
    {
      "type": "Feature",
      "properties": {
        "@id": "way/158861477",
        "addr:postcode": "7320",
        "addr:state": "TAS",
        "addr:street": "Little Alexander Street",
        "addr:suburb": "Burnie",
        "building": "civic",
        "building:colour": "darkblue",
        "building:levels": "1",
        "building:material": "brick",
        "fee": "yes",
        "name": "Burnie Regional Museum",
        "opening_hours": "Mo-Fr 10:00-16:30",
        "operator": "Burnie City Council",
        "roof:levels": "1",
        "tourism": "museum",
        "wheelchair": "yes",
        "@geometry": "center"
      },
      "geometry": {
        "type": "Point",
        "coordinates": [
          145.9025855,
          -41.0518044
        ]
      },
      "id": "way/158861477"
    },
    {
      "type": "Feature",
      "properties": {
        "@id": "way/166222594",
        "building": "yes",
        "historic": "ship",
        "name": "HMAS Castlemaine",
        "operator": "Maritime Trust of Australia Inc.",
        "seamark:name": "HMAS Castlemaine",
        "seamark:type": "hulk",
        "ship:type": "corvette",
        "start_date": "1941",
        "tourism": "museum",
        "wikipedia": "en:HMAS Castlemaine",
        "@geometry": "center"
      },
      "geometry": {
        "type": "Point",
        "coordinates": [
          144.9056805,
          -37.861075
        ]
      },
      "id": "way/166222594"
    },
    {
      "type": "Feature",
      "properties": {
        "@id": "way/167089598",
        "building": "yes",
        "check_date": "2025-09-21",
        "name": "South Perth Historical Society",
        "tourism": "museum",
        "wikidata": "Q66975805",
        "@geometry": "center"
      },
      "geometry": {
        "type": "Point",
        "coordinates": [
          115.852112,
          -31.9734264
        ]
      },
      "id": "way/167089598"
    },
    {
      "type": "Feature",
      "properties": {
        "@id": "way/167942848",
        "building": "yes",
        "name": "Fire station",
        "tourism": "museum",
        "@geometry": "center"
      },
      "geometry": {
        "type": "Point",
        "coordinates": [
          146.4512055,
          -37.9415951
        ]
      },
      "id": "way/167942848"
    },
    {
      "type": "Feature",
      "properties": {
        "@id": "way/172361351",
        "museum": "history",
        "name": "Eidsvold Historical Museum",
        "phone": "+61 7 4165 1337",
        "source": "Bing",
        "tourism": "museum",
        "@geometry": "center"
      },
      "geometry": {
        "type": "Point",
        "coordinates": [
          151.1227453,
          -25.3690905
        ]
      },
      "id": "way/172361351"
    },
    {
      "type": "Feature",
      "properties": {
        "@id": "way/172840395",
        "building": "yes",
        "fee": "yes",
        "name": "Qantas Founders Museum",
        "source": "visual survey;bing",
        "tourism": "museum",
        "website": "https://www.qfom.com.au/",
        "@geometry": "center"
      },
      "geometry": {
        "type": "Point",
        "coordinates": [
          144.2705616,
          -23.4398615
        ]
      },
      "id": "way/172840395"
    },
    {
      "type": "Feature",
      "properties": {
        "@id": "node/172920960",
        "addr:housenumber": "51",
        "addr:street": "Airport Road",
        "name": "WWII Bunker Museum",
        "opening_hours": "Tu 09:30-11:30",
        "phone": "+61 459 437 474",
        "tourism": "museum",
        "website": "https://visitmallacoota.com.au/things-to-do/wwii-bunker/"
      },
      "geometry": {
        "type": "Point",
        "coordinates": [
          149.7271263,
          -37.5931395
        ]
      },
      "id": "node/172920960"
    },
    {
      "type": "Feature",
      "properties": {
        "@id": "way/173026727",
        "addr:full": "Corner Clarence and Hay Streets",
        "building": "public",
        "building:levels": "1",
        "fee": "no",
        "name": "Port Macquarie Historic Courthouse",
        "opening_hours": "Mo-Fr 10:00-15:00; Sa 10:00-13:00",
        "source": "Bing",
        "tourism": "museum",
        "@geometry": "center"
      },
      "geometry": {
        "type": "Point",
        "coordinates": [
          152.9097791,
          -31.4287754
        ]
      },
      "id": "way/173026727"
    },
    {
      "type": "Feature",
      "properties": {
        "@id": "way/176726573",
        "building": "house",
        "building:levels": "2",
        "fee": "no",
        "historic": "house",
        "museum": "local",
        "name": "Vaucluse House",
        "opening_hours": "We-Su 10:00-16:00",
        "operator": "Museums of History New South Wales",
        "source": "Bing",
        "tourism": "museum",
        "website": "https://mhnsw.au/visit-us/vaucluse-house/",
        "@geometry": "center"
      },
      "geometry": {
        "type": "Point",
        "coordinates": [
          151.2736157,
          -33.8555668
        ]
      },
      "id": "way/176726573"
    },
    {
      "type": "Feature",
      "properties": {
        "@id": "way/177037345",
        "name": "Bowdens Cottage",
        "tourism": "museum",
        "@geometry": "center"
      },
      "geometry": {
        "type": "Point",
        "coordinates": [
          138.8281328,
          -34.6573075
        ]
      },
      "id": "way/177037345"
    },
    {
      "type": "Feature",
      "properties": {
        "@id": "way/177941561",
        "amenity": "arts_centre",
        "building": "yes",
        "name": "Waltzing Matilda Centre",
        "tourism": "museum",
        "website": "https://www.matildacentre.com.au/",
        "@geometry": "center"
      },
      "geometry": {
        "type": "Point",
        "coordinates": [
          143.039822,
          -22.3907216
        ]
      },
      "id": "way/177941561"
    },
    {
      "type": "Feature",
      "properties": {
        "@id": "way/179588243",
        "addr:postcode": "3550",
        "addr:state": "VIC",
        "addr:suburb": "Bendigo",
        "building": "yes",
        "fee": "yes",
        "name": "Bendigo RSL Museum",
        "opening_hours": "Sa 11:00-15:00",
        "tourism": "museum",
        "wheelchair": "yes",
        "@geometry": "center"
      },
      "geometry": {
        "type": "Point",
        "coordinates": [
          144.2791779,
          -36.7584929
        ]
      },
      "id": "way/179588243"
    },
    {
      "type": "Feature",
      "properties": {
        "@id": "way/181217037",
        "addr:postcode": "2651",
        "addr:state": "NSW",
        "addr:street": "Sturt Highway",
        "addr:suburb": "Forest Hill",
        "building": "yes",
        "description": "Free Entry. The Centre showcases Air Force history, and the significant involvement of the RAAF in the Riverina Region of New South Wales. Currently on display is a Mirage, a Korean War Meteor, a Vietnam War Canberra and an F-111.",
        "museum": "military",
        "name": "RAAF Wagga Aviation Heritage Centre",
        "opening_hours": "Sa-Th 10:00-16:00",
        "operator": "Royal Australian Air Force",
        "operator:type": "government",
        "phone": "+61 2 6937 5402",
        "tourism": "museum",
        "website": "https://raafbasewagga.com.au/raaf-base-wagga-heritage-centre/",
        "wheelchair": "yes",
        "wikidata": "Q7274989",
        "wikipedia": "en:RAAF Wagga Heritage Centre",
        "@geometry": "center"
      },
      "geometry": {
        "type": "Point",
        "coordinates": [
          147.4677412,
          -35.1493273
        ]
      },
      "id": "way/181217037"
    },
    {
      "type": "Feature",
      "properties": {
        "@id": "way/182176269",
        "addr:housenumber": "3",
        "addr:street": "Simon Street",
        "museum": "history",
        "name": "Gayndah Museum",
        "opening_hours": "Mo-Su 09:00-16:00",
        "phone": "+61 7 4161 2226",
        "source": "survey",
        "tourism": "museum",
        "website": "https://www.gayndahmuseum.com.au/",
        "@geometry": "center"
      },
      "geometry": {
        "type": "Point",
        "coordinates": [
          151.6122506,
          -25.6257587
        ]
      },
      "id": "way/182176269"
    },
    {
      "type": "Feature",
      "properties": {
        "@id": "way/182176270",
        "name": "Gayndah Museum",
        "source": "survey",
        "tourism": "museum",
        "@geometry": "center"
      },
      "geometry": {
        "type": "Point",
        "coordinates": [
          151.6132876,
          -25.6259172
        ]
      },
      "id": "way/182176270"
    },
    {
      "type": "Feature",
      "properties": {
        "@id": "way/182486565",
        "name": "Biggenden Museum",
        "tourism": "museum",
        "@geometry": "center"
      },
      "geometry": {
        "type": "Point",
        "coordinates": [
          152.0473376,
          -25.5146878
        ]
      },
      "id": "way/182486565"
    },
    {
      "type": "Feature",
      "properties": {
        "@id": "way/182489704",
        "name": "Brooweena Museum",
        "tourism": "museum",
        "@geometry": "center"
      },
      "geometry": {
        "type": "Point",
        "coordinates": [
          152.2628806,
          -25.6000791
        ]
      },
      "id": "way/182489704"
    },
    {
      "type": "Feature",
      "properties": {
        "@id": "way/183532933",
        "addr:housenumber": "1542",
        "addr:postcode": "2036",
        "addr:state": "NSW",
        "addr:street": "Anzac Parade",
        "addr:suburb": "La Perouse",
        "building": "yes",
        "building:levels": "2",
        "disused:telecom": "cable_landing_station",
        "fee": "no",
        "layer": "1",
        "museum": "person;local",
        "name": "La Perouse Museum (Former Cable Station)",
        "opening_hours": "We, Fr 10:00-14:00; Sa-Su 10:00-16:00",
        "operator": "Randwick Council",
        "source": "Bing",
        "toilets": "yes",
        "tourism": "museum",
        "website": "https://www.randwick.nsw.gov.au/facilities-and-recreation/buildings/la-perouse-museum",
        "wheelchair": "limited",
        "@geometry": "center"
      },
      "geometry": {
        "type": "Point",
        "coordinates": [
          151.2316081,
          -33.9885167
        ]
      },
      "id": "way/183532933"
    },
    {
      "type": "Feature",
      "properties": {
        "@id": "way/184283185",
        "building": "yes",
        "name": "The Burke Museum",
        "tourism": "museum",
        "wikidata": "Q55130301",
        "@geometry": "center"
      },
      "geometry": {
        "type": "Point",
        "coordinates": [
          146.6872514,
          -36.358108
        ]
      },
      "id": "way/184283185"
    },
    {
      "type": "Feature",
      "properties": {
        "@id": "way/185409279",
        "building": "yes",
        "fee": "no",
        "name": "South Australian Museum",
        "opening_hours": "Mo-Su 10:00-17:00; PH 10:00-17:00",
        "toilets": "yes",
        "toilets:wheelchair": "yes",
        "tourism": "museum",
        "website": "https://www.samuseum.sa.gov.au/",
        "wheelchair": "yes",
        "wikidata": "Q2546445",
        "wikipedia": "en:South Australian Museum",
        "@geometry": "center"
      },
      "geometry": {
        "type": "Point",
        "coordinates": [
          138.6032472,
          -34.9207069
        ]
      },
      "id": "way/185409279"
    },
    {
      "type": "Feature",
      "properties": {
        "@id": "way/186250211",
        "building": "yes",
        "name": "Royal Flying Doctor Service Tourist Facility",
        "opening_hours": "Mo-Sa 09:00-17:00, Su,PH 13:00-17:00",
        "operator": "RFDS",
        "phone": "+61 8 8952 1129",
        "tourism": "museum",
        "website": "https://www.rfdsalicesprings.com.au/",
        "@geometry": "center"
      },
      "geometry": {
        "type": "Point",
        "coordinates": [
          133.8779535,
          -23.7040227
        ]
      },
      "id": "way/186250211"
    },
    {
      "type": "Feature",
      "properties": {
        "@id": "way/186404799",
        "building": "yes",
        "name": "Interpretation Centre (Duck Reach Power Station)",
        "tourism": "museum",
        "website": "http://www.launcestoncataractgorge.com.au/interpretationcentre.html",
        "wikidata": "Q5311467",
        "wikipedia": "en:Duck Reach Power Station",
        "@geometry": "center"
      },
      "geometry": {
        "type": "Point",
        "coordinates": [
          147.1113076,
          -41.4591207
        ]
      },
      "id": "way/186404799"
    },
    {
      "type": "Feature",
      "properties": {
        "@id": "way/187550737",
        "addr:housenumber": "40",
        "addr:postcode": "7000",
        "addr:state": "TAS",
        "addr:street": "Macquarie Street",
        "addr:suburb": "Hobart",
        "building": "civic",
        "building:levels": "2",
        "description": "Entry from Dunn Place",
        "fee": "no",
        "name": "Tasmanian Museum and Art Gallery",
        "opening_hours": "Dec 26-Mar 01 Mo-Su,PH 10:00-16:00; Mar 02-Dec 24 Tu-Su 10:00-16:00; PH Mo 10:00-16:00; Dec 25 off; Apr 25 off; easter -2 days off",
        "tourism": "museum",
        "website": "https://www.tmag.tas.gov.au/",
        "wheelchair": "yes",
        "wikidata": "Q7687474",
        "wikipedia": "en:Tasmanian Museum and Art Gallery",
        "@geometry": "center"
      },
      "geometry": {
        "type": "Point",
        "coordinates": [
          147.3320093,
          -42.8819917
        ]
      },
      "id": "way/187550737"
    },
    {
      "type": "Feature",
      "properties": {
        "@id": "way/187774730",
        "building": "yes",
        "museum": "history",
        "name": "Australian Stockmans Hall of Fame",
        "tourism": "museum",
        "@geometry": "center"
      },
      "geometry": {
        "type": "Point",
        "coordinates": [
          144.2747695,
          -23.4442817
        ]
      },
      "id": "way/187774730"
    },
    {
      "type": "Feature",
      "properties": {
        "@id": "way/190835200",
        "addr:housenumber": "27",
        "addr:postcode": "4350",
        "addr:state": "QLD",
        "addr:street": "Lindsay Street",
        "addr:suburb": "East Toowoomba",
        "alt_name": "Cobb+Co Museum",
        "building": "yes",
        "building:levels": "2",
        "description": "Museum to the history of the horse drawn era.",
        "fee": "yes",
        "museum": "history",
        "name": "Cobb & Co Museum",
        "opening_hours": "Mo-Su 10:00-16:00",
        "operator": "Queensland Museum Network",
        "operator:type": "government",
        "roof:colour": "white",
        "roof:shape": "gabled",
        "tourism": "museum",
        "website": "https://cobb.qm.qld.gov.au/",
        "wikidata": "Q5138747",
        "wikipedia": "en:Cobb & Co Museum",
        "@geometry": "center"
      },
      "geometry": {
        "type": "Point",
        "coordinates": [
          151.9646192,
          -27.5556236
        ]
      },
      "id": "way/190835200"
    },
    {
      "type": "Feature",
      "properties": {
        "@id": "way/191128778",
        "building": "yes",
        "name": "Australian Army Flying Museum",
        "tourism": "museum",
        "@geometry": "center"
      },
      "geometry": {
        "type": "Point",
        "coordinates": [
          151.7434088,
          -27.4158889
        ]
      },
      "id": "way/191128778"
    },
    {
      "type": "Feature",
      "properties": {
        "@id": "way/193180778",
        "building": "yes",
        "fee": "voluntary",
        "tourism": "museum",
        "@geometry": "center"
      },
      "geometry": {
        "type": "Point",
        "coordinates": [
          152.1614148,
          -32.7103968
        ]
      },
      "id": "way/193180778"
    },
    {
      "type": "Feature",
      "properties": {
        "@id": "way/195277717",
        "building": "yes",
        "name": "Wood Works Main Building",
        "source": "Bing",
        "tourism": "museum",
        "@geometry": "center"
      },
      "geometry": {
        "type": "Point",
        "coordinates": [
          152.6409127,
          -26.1644669
        ]
      },
      "id": "way/195277717"
    },
    {
      "type": "Feature",
      "properties": {
        "@id": "way/195277721",
        "building": "yes",
        "name": "Woodworks Saw Mill",
        "source": "Bing",
        "tourism": "museum",
        "@geometry": "center"
      },
      "geometry": {
        "type": "Point",
        "coordinates": [
          152.6405959,
          -26.163984
        ]
      },
      "id": "way/195277721"
    },
    {
      "type": "Feature",
      "properties": {
        "@id": "way/199477104",
        "name": "Chinchilla Museum",
        "tourism": "museum",
        "@geometry": "center"
      },
      "geometry": {
        "type": "Point",
        "coordinates": [
          150.6296278,
          -26.7427627
        ]
      },
      "id": "way/199477104"
    },
    {
      "type": "Feature",
      "properties": {
        "@id": "way/200160482",
        "building": "commercial",
        "name": "Shell World",
        "opening_hours": "Mo-Fr 09:00-17:00",
        "phone": "+61 7 4925 0085",
        "tourism": "museum",
        "@geometry": "center"
      },
      "geometry": {
        "type": "Point",
        "coordinates": [
          150.748941,
          -23.1373604
        ]
      },
      "id": "way/200160482"
    },
    {
      "type": "Feature",
      "properties": {
        "@id": "way/200239494",
        "fee": "yes",
        "museum": "history;transport",
        "museum_type": "regional",
        "name": "Temora Rural Museum",
        "toilets": "yes",
        "tourism": "museum",
        "@geometry": "center"
      },
      "geometry": {
        "type": "Point",
        "coordinates": [
          147.5354835,
          -34.4574202
        ]
      },
      "id": "way/200239494"
    },
    {
      "type": "Feature",
      "properties": {
        "@id": "way/202894162",
        "building": "yes",
        "name": "Daintree Entomological Museum",
        "source": "Bing",
        "source:name": "voice",
        "tourism": "museum",
        "@geometry": "center"
      },
      "geometry": {
        "type": "Point",
        "coordinates": [
          145.4122774,
          -16.1714597
        ]
      },
      "id": "way/202894162"
    },
    {
      "type": "Feature",
      "properties": {
        "@id": "way/203047773",
        "addr:housenumber": "631",
        "addr:postcode": "5066",
        "addr:street": "Glynburn Road",
        "building": "yes",
        "description": "Beaumont House built in 1849, was home of the first Anglican Bishop of Adelaide, Bishop Augustus Short, and later Sir Samuel Davenport, politician, horticulturist and founder of the olive oil industry in SA.",
        "name": "Beaumont House - National Trust",
        "opening_hours": "Su[1] 14:00-16:30; Jan off || \"by arrangement\"",
        "operator": "National Trust",
        "phone": "+61 8 8202 9200",
        "tourism": "museum",
        "website": "https://www.nationaltrust.org.au/places/beaumont-house/",
        "wikidata": "Q4877573",
        "@geometry": "center"
      },
      "geometry": {
        "type": "Point",
        "coordinates": [
          138.6605937,
          -34.9496722
        ]
      },
      "id": "way/203047773"
    },
    {
      "type": "Feature",
      "properties": {
        "@id": "way/203304052",
        "abandoned:railway": "station",
        "building": "yes",
        "name": "Bright Museum",
        "tourism": "museum",
        "@geometry": "center"
      },
      "geometry": {
        "type": "Point",
        "coordinates": [
          146.9566441,
          -36.7301326
        ]
      },
      "id": "way/203304052"
    },
    {
      "type": "Feature",
      "properties": {
        "@id": "way/204997090",
        "building": "yes",
        "name": "Roseworthy Agricultural Museum",
        "opening_hours": "We 10:00-15:00; Su[3] 13:30-16:00",
        "source": "survey",
        "tourism": "museum",
        "@geometry": "center"
      },
      "geometry": {
        "type": "Point",
        "coordinates": [
          138.6846939,
          -34.5272959
        ]
      },
      "id": "way/204997090"
    },
    {
      "type": "Feature",
      "properties": {
        "@id": "way/205290144",
        "addr:housenumber": "16",
        "addr:postcode": "7000",
        "addr:state": "TAS",
        "addr:street": "Argyle Street",
        "addr:suburb": "Hobart",
        "alt_name": "Carnegie Gallery and Maritime Museum of Tasmania",
        "building": "civic",
        "building:levels": "2",
        "fee": "yes",
        "name": "Maritime Museum of Tasmania",
        "opening_hours": "Mo-Su 09:00-17:00",
        "tourism": "museum",
        "website": "https://www.maritimetas.org/",
        "wikidata": "Q6765823",
        "wikipedia": "en:Maritime Museum of Tasmania",
        "@geometry": "center"
      },
      "geometry": {
        "type": "Point",
        "coordinates": [
          147.3315596,
          -42.8826282
        ]
      },
      "id": "way/205290144"
    },
    {
      "type": "Feature",
      "properties": {
        "@id": "way/207686332",
        "building": "yes",
        "fee": "yes",
        "name": "Historic Village",
        "opening_hours": "13:30-16:30",
        "tourism": "museum",
        "@geometry": "center"
      },
      "geometry": {
        "type": "Point",
        "coordinates": [
          121.8942449,
          -33.8596294
        ]
      },
      "id": "way/207686332"
    },
    {
      "type": "Feature",
      "properties": {
        "@id": "way/208829085",
        "addr:housenumber": "22",
        "addr:postcode": "7018",
        "addr:state": "TAS",
        "addr:street": "Rosny Hill Road",
        "addr:suburb": "Rosny Park",
        "addr:unit": "1",
        "building": "yes",
        "fee": "no",
        "name": "Rosny Barn",
        "opening_hours": "We-Su 11:00-17:00",
        "tourism": "museum",
        "@geometry": "center"
      },
      "geometry": {
        "type": "Point",
        "coordinates": [
          147.366536,
          -42.8669303
        ]
      },
      "id": "way/208829085"
    },
    {
      "type": "Feature",
      "properties": {
        "@id": "way/209483704",
        "name": "Bairnsdale Museum",
        "source": "local knowledge",
        "tourism": "museum",
        "@geometry": "center"
      },
      "geometry": {
        "type": "Point",
        "coordinates": [
          147.6258538,
          -37.8328161
        ]
      },
      "id": "way/209483704"
    },
    {
      "type": "Feature",
      "properties": {
        "@id": "way/209919160",
        "building": "yes",
        "name": "Powerworks",
        "source": "local knowledge",
        "tourism": "museum",
        "website": "https://www.powerworks.net.au/",
        "@geometry": "center"
      },
      "geometry": {
        "type": "Point",
        "coordinates": [
          146.4136057,
          -38.2469643
        ]
      },
      "id": "way/209919160"
    },
    {
      "type": "Feature",
      "properties": {
        "@id": "way/211128042",
        "building": "yes",
        "building:levels": "1",
        "name": "Sister Kenny House",
        "roof:colour": "green",
        "roof:shape": "mansard",
        "tourism": "museum",
        "@geometry": "center"
      },
      "geometry": {
        "type": "Point",
        "coordinates": [
          151.9028043,
          -27.8536391
        ]
      },
      "id": "way/211128042"
    },
    {
      "type": "Feature",
      "properties": {
        "@id": "way/211128047",
        "addr:housenumber": "46",
        "addr:postcode": "4361",
        "addr:state": "QLD",
        "addr:street": "King Street",
        "addr:suburb": "Clifton",
        "alt_name": "Clifton Dairy Co-Op",
        "loc_name": "Old Butter Factory",
        "name": "Clifton Historical Museum",
        "old_name": "The Downs Co-operative Dairy Association Ltd",
        "phone": "+61 7 4697 3313",
        "tourism": "museum",
        "website": "https://www.cliftonpa.org/",
        "wheelchair": "yes",
        "@geometry": "center"
      },
      "geometry": {
        "type": "Point",
        "coordinates": [
          151.9059563,
          -27.9341938
        ]
      },
      "id": "way/211128047"
    },
    {
      "type": "Feature",
      "properties": {
        "@id": "way/211261351",
        "addr:postcode": "3550",
        "addr:state": "VIC",
        "addr:suburb": "Bendigo",
        "building": "yes",
        "layer": "1",
        "name": "Bendigo Tramways Depot and Workshop",
        "tourism": "museum",
        "wikidata": "Q113613248",
        "@geometry": "center"
      },
      "geometry": {
        "type": "Point",
        "coordinates": [
          144.2894774,
          -36.7545245
        ]
      },
      "id": "way/211261351"
    },
    {
      "type": "Feature",
      "properties": {
        "@id": "way/211435360",
        "name": "Sulphide Street Station Railway Museum",
        "tourism": "museum",
        "@geometry": "center"
      },
      "geometry": {
        "type": "Point",
        "coordinates": [
          141.4611946,
          -31.9589628
        ]
      },
      "id": "way/211435360"
    },
    {
      "type": "Feature",
      "properties": {
        "@id": "way/218866359",
        "building": "yes",
        "museum": "history",
        "name": "Schwerkolt Cottage Orchard Shed",
        "tourism": "museum",
        "@geometry": "center"
      },
      "geometry": {
        "type": "Point",
        "coordinates": [
          145.2108944,
          -37.8105317
        ]
      },
      "id": "way/218866359"
    },
    {
      "type": "Feature",
      "properties": {
        "@id": "way/218866360",
        "addr:housenumber": "2-10",
        "addr:street": "Deep Creek Road",
        "building": "yes",
        "layer": "1",
        "museum": "history",
        "name": "Schwerkolt Cottage & Museum Complex",
        "opening_hours": "Sa-Su 14:00-17:00",
        "phone": "+61 3 9262 6333",
        "tourism": "museum",
        "website": "https://www.whitehorse.vic.gov.au/things-do/arts-culture/schwerkolt-cottage",
        "@geometry": "center"
      },
      "geometry": {
        "type": "Point",
        "coordinates": [
          145.2108304,
          -37.8111141
        ]
      },
      "id": "way/218866360"
    },
    {
      "type": "Feature",
      "properties": {
        "@id": "way/223101311",
        "building": "yes",
        "email": "station@loopline.com.au",
        "name": "Loopline Railway Museum",
        "opening_hours": "Mo-Su 09:00-16:00",
        "phone": "+61 8 9093 3055",
        "tourism": "museum",
        "website": "http://www.loopline.com.au/",
        "@geometry": "center"
      },
      "geometry": {
        "type": "Point",
        "coordinates": [
          121.4922854,
          -30.7826794
        ]
      },
      "id": "way/223101311"
    },
    {
      "type": "Feature",
      "properties": {
        "@id": "way/223965389",
        "addr:housenumber": "313",
        "addr:postcode": "3777",
        "addr:state": "VIC",
        "addr:street": "Healesville - Yarra Glen Road",
        "addr:suburb": "Healesville",
        "building": "yes",
        "museum": "art",
        "name": "TarraWarra Museum of Art",
        "opening_hours": "Mo closed; Tu-Su 11:00-17:00",
        "phone": "+61 3 5957 3100",
        "tourism": "museum",
        "website": "https://www.twma.com.au/",
        "wikidata": "Q53706297",
        "@geometry": "center"
      },
      "geometry": {
        "type": "Point",
        "coordinates": [
          145.4691901,
          -37.6595868
        ]
      },
      "id": "way/223965389"
    },
    {
      "type": "Feature",
      "properties": {
        "@id": "way/223968806",
        "addr:postcode": "5417",
        "addr:street": "The Crescent",
        "addr:suburb": "Burra",
        "building": "yes",
        "name": "Redruth Gaol",
        "note": "Part of the Burra Passport, which is available from the Burra Visitors Centre",
        "opening_hours": "Mo-Su",
        "operator": "National Trust",
        "phone": "+61 8 8892 2154",
        "tourism": "museum",
        "website": "https://www.nationaltrust.org.au/places/redruth-gaol/",
        "@geometry": "center"
      },
      "geometry": {
        "type": "Point",
        "coordinates": [
          138.9330109,
          -33.6644944
        ]
      },
      "id": "way/223968806"
    },
    {
      "type": "Feature",
      "properties": {
        "@id": "way/224093546",
        "name": "Historic Gunpowder Magazine",
        "tourism": "museum",
        "@geometry": "center"
      },
      "geometry": {
        "type": "Point",
        "coordinates": [
          147.073021,
          -38.1182963
        ]
      },
      "id": "way/224093546"
    },
    {
      "type": "Feature",
      "properties": {
        "@id": "way/225067324",
        "addr:postcode": "2648",
        "addr:street": "Beverley Street",
        "addr:suburb": "Wentworth",
        "name": "Old Wentworth Gaol",
        "tourism": "museum",
        "@geometry": "center"
      },
      "geometry": {
        "type": "Point",
        "coordinates": [
          141.9135629,
          -34.102682
        ]
      },
      "id": "way/225067324"
    },
    {
      "type": "Feature",
      "properties": {
        "@id": "way/225921856",
        "amenity": "licensed_club",
        "building": "yes",
        "name": "RSL Club and War Museum",
        "tourism": "museum",
        "@geometry": "center"
      },
      "geometry": {
        "type": "Point",
        "coordinates": [
          133.883322,
          -23.6924722
        ]
      },
      "id": "way/225921856"
    },
    {
      "type": "Feature",
      "properties": {
        "@id": "way/226080148",
        "building": "yes",
        "fee": "yes",
        "name": "Holbrook Submarine Museum",
        "opening_hours": "Mo-Fr 10:00-16:00; Sa,Su 10:00-14:30",
        "source": "bing",
        "tourism": "museum",
        "@geometry": "center"
      },
      "geometry": {
        "type": "Point",
        "coordinates": [
          147.3162676,
          -35.7186252
        ]
      },
      "id": "way/226080148"
    },
    {
      "type": "Feature",
      "properties": {
        "@id": "way/226713137",
        "addr:housenumber": "152A",
        "addr:postcode": "3067",
        "addr:street": "Hoddle Street",
        "addr:suburb": "Abbotsford",
        "building": "yes",
        "museum": "military",
        "name": "Collingwood Sailors and Soldiers Memorial Hall",
        "note": "Closed off for Asbestos presence",
        "tourism": "museum",
        "@geometry": "center"
      },
      "geometry": {
        "type": "Point",
        "coordinates": [
          144.9929144,
          -37.802851
        ]
      },
      "id": "way/226713137"
    },
    {
      "type": "Feature",
      "properties": {
        "@id": "way/227665210",
        "building": "civic",
        "fee": "yes",
        "name": "Australian Fossil and Mineral Museum",
        "phone": "+61 2 6331 5511",
        "tourism": "museum",
        "website": "https://www.somervillecollection.com.au/",
        "@geometry": "center"
      },
      "geometry": {
        "type": "Point",
        "coordinates": [
          149.5806422,
          -33.4169846
        ]
      },
      "id": "way/227665210"
    },
    {
      "type": "Feature",
      "properties": {
        "@id": "way/232448896",
        "landuse": "commercial",
        "name": "Katherine Museum",
        "source": "http://www.katherinemuseum.com/contact",
        "tourism": "museum",
        "@geometry": "center"
      },
      "geometry": {
        "type": "Point",
        "coordinates": [
          132.2730718,
          -14.4433435
        ]
      },
      "id": "way/232448896"
    },
    {
      "type": "Feature",
      "properties": {
        "@id": "way/233589311",
        "addr:postcode": "2700",
        "addr:street": "Audley Street",
        "addr:suburb": "Narrandera",
        "building": "yes",
        "name": "John O'Brien Heritage House",
        "source": "Bing",
        "tourism": "museum",
        "@geometry": "center"
      },
      "geometry": {
        "type": "Point",
        "coordinates": [
          146.5563341,
          -34.748943
        ]
      },
      "id": "way/233589311"
    },
    {
      "type": "Feature",
      "properties": {
        "@id": "way/233923121",
        "addr:housenumber": "1",
        "addr:postcode": "3390",
        "addr:street": "Comyn Street",
        "addr:suburb": "Murtoa",
        "name": "Murtoa Museum Complex",
        "tourism": "museum",
        "@geometry": "center"
      },
      "geometry": {
        "type": "Point",
        "coordinates": [
          142.4711939,
          -36.6151659
        ]
      },
      "id": "way/233923121"
    },
    {
      "type": "Feature",
      "properties": {
        "@id": "way/234083784",
        "fee": "no",
        "historic": "ruins",
        "name": "Breakwater Battery",
        "opening_hours": "24/7",
        "tourism": "museum",
        "website": "https://www.ozatwar.com/museums/breakwaterbatterymilitarymuseum.htm",
        "wikipedia": "en:Breakwater Battery",
        "@geometry": "center"
      },
      "geometry": {
        "type": "Point",
        "coordinates": [
          150.9137206,
          -34.4758757
        ]
      },
      "id": "way/234083784"
    },
    {
      "type": "Feature",
      "properties": {
        "@id": "way/238813052",
        "building": "yes",
        "name": "Port Lincoln Railway Museum",
        "tourism": "museum",
        "wikidata": "Q63368485",
        "@geometry": "center"
      },
      "geometry": {
        "type": "Point",
        "coordinates": [
          135.8670967,
          -34.7241619
        ]
      },
      "id": "way/238813052"
    },
    {
      "type": "Feature",
      "properties": {
        "@id": "way/238820535",
        "building": "yes",
        "name": "Dawson Folk Museum",
        "tourism": "museum",
        "@geometry": "center"
      },
      "geometry": {
        "type": "Point",
        "coordinates": [
          150.0741986,
          -24.9507543
        ]
      },
      "id": "way/238820535"
    },
    {
      "type": "Feature",
      "properties": {
        "@id": "way/241199604",
        "building": "yes",
        "name": "Mandurah Peel Convention Centre",
        "tourism": "museum",
        "@geometry": "center"
      },
      "geometry": {
        "type": "Point",
        "coordinates": [
          115.7176715,
          -32.5274215
        ]
      },
      "id": "way/241199604"
    },
    {
      "type": "Feature",
      "properties": {
        "@id": "way/241574143",
        "building": "yes",
        "name": "Mandurah Community Museum",
        "tourism": "museum",
        "@geometry": "center"
      },
      "geometry": {
        "type": "Point",
        "coordinates": [
          115.7195732,
          -32.5350042
        ]
      },
      "id": "way/241574143"
    },
    {
      "type": "Feature",
      "properties": {
        "@id": "way/250151489",
        "addr:housenumber": "25",
        "addr:street": "Wharf Street",
        "building": "yes",
        "name": "Port Douglas Court House Museum",
        "opening_hours": "Tu-Su 10:00-13:00; We off; Fr off",
        "operator": "Douglas Shire Historical Society",
        "tourism": "museum",
        "website": "https://douglashistory.org.au/visit-court-house-museum-port-douglas",
        "wikidata": "Q24997949",
        "wikimedia_commons": "Category:Port Douglas Court House Museum",
        "wikipedia": "en:Port Douglas Court House Museum",
        "@geometry": "center"
      },
      "geometry": {
        "type": "Point",
        "coordinates": [
          145.4628326,
          -16.4796107
        ]
      },
      "id": "way/250151489"
    },
    {
      "type": "Feature",
      "properties": {
        "@id": "node/250430074",
        "contact:website": "https://www.qvmag.tas.gov.au/",
        "fee": "no",
        "name": "Queen Victoria Museum & Art Gallery",
        "opening_hours": "Mo-Su 10:00-16:00",
        "tourism": "museum"
      },
      "geometry": {
        "type": "Point",
        "coordinates": [
          147.1409141,
          -41.4284501
        ]
      },
      "id": "node/250430074"
    },
    {
      "type": "Feature",
      "properties": {
        "@id": "way/250488537",
        "name": "Historical Museum",
        "tourism": "museum",
        "@geometry": "center"
      },
      "geometry": {
        "type": "Point",
        "coordinates": [
          148.2445981,
          -20.0110475
        ]
      },
      "id": "way/250488537"
    },
    {
      "type": "Feature",
      "properties": {
        "@id": "way/252594646",
        "building": "hangar",
        "fee": "yes",
        "name": "Australian Aviation Heritage Centre",
        "tourism": "museum",
        "wikidata": "Q23753999",
        "@geometry": "center"
      },
      "geometry": {
        "type": "Point",
        "coordinates": [
          130.8956478,
          -12.4251049
        ]
      },
      "id": "way/252594646"
    },
    {
      "type": "Feature",
      "properties": {
        "@id": "node/253725403",
        "name": "Oberon Tarana Heritage Railway",
        "tourism": "museum",
        "website": "https://othr.com.au"
      },
      "geometry": {
        "type": "Point",
        "coordinates": [
          149.8540065,
          -33.700868
        ]
      },
      "id": "node/253725403"
    },
    {
      "type": "Feature",
      "properties": {
        "@id": "way/254083636",
        "building": "yes",
        "description": "Former railway station",
        "name": "St Marys Cranks and Tinkerers",
        "railway": "disused",
        "source": "bing",
        "tourism": "museum",
        "train": "yes",
        "@geometry": "center"
      },
      "geometry": {
        "type": "Point",
        "coordinates": [
          148.1792424,
          -41.5795848
        ]
      },
      "id": "way/254083636"
    },
    {
      "type": "Feature",
      "properties": {
        "@id": "way/254434628",
        "building": "yes",
        "source": "bing",
        "tourism": "museum",
        "@geometry": "center"
      },
      "geometry": {
        "type": "Point",
        "coordinates": [
          115.9572524,
          -26.8932683
        ]
      },
      "id": "way/254434628"
    },
    {
      "type": "Feature",
      "properties": {
        "@id": "way/256124626",
        "building": "yes",
        "name": "Connor's Mill",
        "tourism": "museum",
        "wikidata": "Q5161998",
        "@geometry": "center"
      },
      "geometry": {
        "type": "Point",
        "coordinates": [
          116.4653169,
          -31.5504446
        ]
      },
      "id": "way/256124626"
    },
    {
      "type": "Feature",
      "properties": {
        "@id": "way/257045082",
        "addr:housenumber": "288",
        "addr:postcode": "5000",
        "addr:street": "North Terrace",
        "addr:suburb": "Adelaide",
        "description": "Step back in time to colonial Adelaide when you visit Ayers House Museum. Ayers House is the last of the grand mansions of Adelaide’s North Terrace boulevard, and one of the few examples of a historic home of one of Adelaide's prominent families.",
        "name": "Ayers House - National Trust",
        "note": "Adult $10.00, Concession $8.00, Child 13 - 16 Yrs $5.00, Child 12 and Under Free, National Trust Members free",
        "opening_hours": "Tu-Su 10:00-16:00",
        "operator": "National Trust",
        "phone": "+61 8 8223 1234",
        "source": "National Trust SA",
        "tourism": "museum",
        "website": "https://www.nationaltrust.org.au/places/ayers-house-museum/",
        "wikidata": "Q4831192",
        "wikipedia": "en:Ayers House (Adelaide)",
        "@geometry": "center"
      },
      "geometry": {
        "type": "Point",
        "coordinates": [
          138.6092847,
          -34.9215311
        ]
      },
      "id": "way/257045082"
    },
    {
      "type": "Feature",
      "properties": {
        "@id": "way/257906824",
        "building": "yes",
        "name": "Museum of Central Australia",
        "tourism": "museum",
        "@geometry": "center"
      },
      "geometry": {
        "type": "Point",
        "coordinates": [
          133.8643249,
          -23.7013062
        ]
      },
      "id": "way/257906824"
    },
    {
      "type": "Feature",
      "properties": {
        "@id": "way/257906834",
        "addr:street": "Larapinta Drive",
        "building": "yes",
        "fee": "no",
        "name": "Araluen Arts Centre",
        "opening_hours": "Mo-Fr 10:00-16:00, Sa-Su 11:00-16:00",
        "tourism": "museum",
        "@geometry": "center"
      },
      "geometry": {
        "type": "Point",
        "coordinates": [
          133.8625788,
          -23.701634
        ]
      },
      "id": "way/257906834"
    },
    {
      "type": "Feature",
      "properties": {
        "@id": "way/258266004",
        "name": "Wimmera-Mallee Pioneer Museum",
        "tourism": "museum",
        "@geometry": "center"
      },
      "geometry": {
        "type": "Point",
        "coordinates": [
          141.9922907,
          -36.1461017
        ]
      },
      "id": "way/258266004"
    },
    {
      "type": "Feature",
      "properties": {
        "@id": "way/259034802",
        "name": "Proserpine Museum",
        "source": "Bing",
        "tourism": "museum",
        "@geometry": "center"
      },
      "geometry": {
        "type": "Point",
        "coordinates": [
          148.592302,
          -20.4053155
        ]
      },
      "id": "way/259034802"
    },
    {
      "type": "Feature",
      "properties": {
        "@id": "way/259489884",
        "building": "yes",
        "name": "Australian Army Infantry Museum",
        "tourism": "museum",
        "@geometry": "center"
      },
      "geometry": {
        "type": "Point",
        "coordinates": [
          151.1752011,
          -32.6290723
        ]
      },
      "id": "way/259489884"
    },
    {
      "type": "Feature",
      "properties": {
        "@id": "way/261226318",
        "building": "yes",
        "name": "Kapunda Museum",
        "tourism": "museum",
        "@geometry": "center"
      },
      "geometry": {
        "type": "Point",
        "coordinates": [
          138.9147362,
          -34.3399869
        ]
      },
      "id": "way/261226318"
    },
    {
      "type": "Feature",
      "properties": {
        "@id": "way/265560634",
        "building": "yes",
        "name": "Old Gaol Museum",
        "tourism": "museum",
        "wikidata": "Q7084076",
        "@geometry": "center"
      },
      "geometry": {
        "type": "Point",
        "coordinates": [
          116.4670189,
          -31.5535062
        ]
      },
      "id": "way/265560634"
    },
    {
      "type": "Feature",
      "properties": {
        "@id": "way/266484269",
        "addr:housenumber": "11",
        "addr:street": "High Street",
        "building": "courthouse",
        "building:use": "museum",
        "club": "history",
        "contact:facebook": "https://facebook.com/historybellarinepeninsula",
        "height": "7.263",
        "name": "Old Court House Museum",
        "operator": "Bellarine Historical Society",
        "tourism": "museum",
        "website": "https://bellarinehistory.org",
        "wikimedia_commons": "File:Drysdale Court House Museum.JPG",
        "@geometry": "center"
      },
      "geometry": {
        "type": "Point",
        "coordinates": [
          144.5704449,
          -38.1737744
        ]
      },
      "id": "way/266484269"
    },
    {
      "type": "Feature",
      "properties": {
        "@id": "way/266728013",
        "addr:housenumber": "26-32",
        "addr:street": "Moorabool Street",
        "building": "yes",
        "building:levels": "3",
        "contact:facebook": "https://facebook.com/NationalWoolMuseumGeelong",
        "contact:instagram": "https://instagram.com/nationalwoolmuseum",
        "contact:twitter": "https://twitter.com/NatWoolMuseum",
        "fee": "yes",
        "height": "12.5",
        "name": "National Wool Museum",
        "opening_hours": "Mo-Su 10:00-15:00",
        "phone": "+61 3 5272 4701",
        "tourism": "museum",
        "wikidata": "Q25182739",
        "wikipedia": "en:National Wool Museum (Geelong)",
        "@geometry": "center"
      },
      "geometry": {
        "type": "Point",
        "coordinates": [
          144.3611734,
          -38.1454159
        ]
      },
      "id": "way/266728013"
    },
    {
      "type": "Feature",
      "properties": {
        "@id": "way/266729011",
        "addr:housenumber": "51",
        "addr:street": "McKillop Street",
        "building": "yes",
        "building:levels": "2",
        "contact:facebook": "https://facebook.com/MuseumofPlayandArt",
        "contact:instagram": "https://instagram.com/museum_of_play_and_art",
        "height": "8.322",
        "name": "Museum of Play and Art",
        "opening_hours": "Mo-Fr 09:30-15:30; Sa,Su 09:00-17:00",
        "phone:AU": "1800 006 672",
        "short_name": "MOPA",
        "tourism": "museum",
        "website": "https://museumofplayandart.com.au",
        "@geometry": "center"
      },
      "geometry": {
        "type": "Point",
        "coordinates": [
          144.357123,
          -38.1528335
        ]
      },
      "id": "way/266729011"
    },
    {
      "type": "Feature",
      "properties": {
        "@id": "way/266760090",
        "addr:housenumber": "110",
        "addr:postcode": "3212",
        "addr:state": "VIC",
        "addr:street": "Canterbury Road West",
        "addr:suburb": "Lara",
        "building": "yes",
        "building:levels": "1",
        "height": "2.841",
        "name": "Lara Heritage and History Museum",
        "opening_hours": "We 11:00-16:00, Su 11:00-16:00",
        "operator": "Lara Historical Society",
        "tourism": "museum",
        "@geometry": "center"
      },
      "geometry": {
        "type": "Point",
        "coordinates": [
          144.394043,
          -38.0337494
        ]
      },
      "id": "way/266760090"
    },
    {
      "type": "Feature",
      "properties": {
        "@id": "way/267164272",
        "addr:housenumber": "15A",
        "addr:postcode": "3071",
        "addr:street": "Anderson Road",
        "building": "yes",
        "name": "Islamic Museum of Australia",
        "tourism": "museum",
        "website": "https://www.islamicmuseum.org.au/",
        "wikidata": "Q16251084",
        "@geometry": "center"
      },
      "geometry": {
        "type": "Point",
        "coordinates": [
          144.9807272,
          -37.7545199
        ]
      },
      "id": "way/267164272"
    },
    {
      "type": "Feature",
      "properties": {
        "@id": "node/271104530",
        "name": "Kalamunda History Village",
        "tourism": "museum"
      },
      "geometry": {
        "type": "Point",
        "coordinates": [
          116.0593013,
          -31.9699631
        ]
      },
      "id": "node/271104530"
    },
    {
      "type": "Feature",
      "properties": {
        "@id": "node/271824235",
        "name": "Stirk Cottage",
        "name:etymology": "Frederick and Elizabeth Stirk",
        "tourism": "museum",
        "wikidata": "Q66976401",
        "wikimedia_commons": "Category:Stirk Cottage"
      },
      "geometry": {
        "type": "Point",
        "coordinates": [
          116.0546493,
          -31.9702107
        ]
      },
      "id": "node/271824235"
    },
    {
      "type": "Feature",
      "properties": {
        "@id": "way/272207636",
        "addr:housenumber": "31",
        "addr:street": "The Abbey Place",
        "building": "yes",
        "building:levels": "2",
        "name": "The Abbey Museum of Art & Archaeology",
        "opening_hours": "Mo-Sa 10:00-16:00",
        "tourism": "museum",
        "website": "https://abbeymuseum.com.au/",
        "wikidata": "Q17000681",
        "@geometry": "center"
      },
      "geometry": {
        "type": "Point",
        "coordinates": [
          153.0230403,
          -27.0707955
        ]
      },
      "id": "way/272207636"
    },
    {
      "type": "Feature",
      "properties": {
        "@id": "way/273903884",
        "building": "yes",
        "tourism": "museum",
        "@geometry": "center"
      },
      "geometry": {
        "type": "Point",
        "coordinates": [
          146.3246188,
          -38.5982605
        ]
      },
      "id": "way/273903884"
    },
    {
      "type": "Feature",
      "properties": {
        "@id": "way/275272865",
        "building": "yes",
        "name": "Museum of Natural History",
        "tourism": "museum",
        "wikidata": "Q45919614",
        "@geometry": "center"
      },
      "geometry": {
        "type": "Point",
        "coordinates": [
          115.9700814,
          -31.8996165
        ]
      },
      "id": "way/275272865"
    },
    {
      "type": "Feature",
      "properties": {
        "@id": "way/275642168",
        "addr:housename": "Willandra Museum",
        "addr:housenumber": "109",
        "addr:postcode": "3527",
        "addr:street": "Broadway",
        "addr:suburb": "Wycheproof",
        "name": "Willandra Museum",
        "tourism": "museum",
        "@geometry": "center"
      },
      "geometry": {
        "type": "Point",
        "coordinates": [
          143.2249459,
          -36.0834974
        ]
      },
      "id": "way/275642168"
    },
    {
      "type": "Feature",
      "properties": {
        "@id": "node/277695240",
        "name": "Balladong Farm",
        "tourism": "museum",
        "wikidata": "Q56052389"
      },
      "geometry": {
        "type": "Point",
        "coordinates": [
          116.7722668,
          -31.8969824
        ]
      },
      "id": "node/277695240"
    },
    {
      "type": "Feature",
      "properties": {
        "@id": "node/277751613",
        "tourism": "museum"
      },
      "geometry": {
        "type": "Point",
        "coordinates": [
          115.7554477,
          -31.8528847
        ]
      },
      "id": "node/277751613"
    },
    {
      "type": "Feature",
      "properties": {
        "@id": "way/277976567",
        "building": "yes",
        "name": "Model Train Club and Railway Museum",
        "tourism": "museum",
        "@geometry": "center"
      },
      "geometry": {
        "type": "Point",
        "coordinates": [
          151.1509746,
          -23.959767
        ]
      },
      "id": "way/277976567"
    },
    {
      "type": "Feature",
      "properties": {
        "@id": "way/280940061",
        "building": "yes",
        "tourism": "museum",
        "@geometry": "center"
      },
      "geometry": {
        "type": "Point",
        "coordinates": [
          139.1323648,
          -35.5073357
        ]
      },
      "id": "way/280940061"
    },
    {
      "type": "Feature",
      "properties": {
        "@id": "way/282212415",
        "addr:housenumber": "5434",
        "addr:postcode": "0820",
        "addr:state": "NT",
        "addr:street": "Alec Fong Lim Drive",
        "addr:suburb": "East Point",
        "building": "yes",
        "fee": "yes",
        "name": "Darwin Military Museum",
        "opening_hours": "Mo-Sa 09:30-16:00; Su,PH 10:00-15:00",
        "phone": "+61 8 8981 9702",
        "tourism": "museum",
        "website": "https://www.darwinmilitarymuseum.au",
        "wheelchair": "limited",
        "@geometry": "center"
      },
      "geometry": {
        "type": "Point",
        "coordinates": [
          130.8195455,
          -12.4079845
        ]
      },
      "id": "way/282212415"
    },
    {
      "type": "Feature",
      "properties": {
        "@id": "node/283932720",
        "tourism": "museum"
      },
      "geometry": {
        "type": "Point",
        "coordinates": [
          139.5140915,
          -21.6948981
        ]
      },
      "id": "node/283932720"
    },
    {
      "type": "Feature",
      "properties": {
        "@id": "way/287057916",
        "building": "yes",
        "name": "Army Museum Bandiana",
        "tourism": "museum",
        "@geometry": "center"
      },
      "geometry": {
        "type": "Point",
        "coordinates": [
          146.9168367,
          -36.146326
        ]
      },
      "id": "way/287057916"
    },
    {
      "type": "Feature",
      "properties": {
        "@id": "way/295976661",
        "building": "yes",
        "name": "Mole Creek Memorial Hall",
        "tourism": "museum",
        "@geometry": "center"
      },
      "geometry": {
        "type": "Point",
        "coordinates": [
          146.4070971,
          -41.5574824
        ]
      },
      "id": "way/295976661"
    },
    {
      "type": "Feature",
      "properties": {
        "@id": "way/297853805",
        "building": "yes",
        "name": "Ravenswood Court House & Museum",
        "phone": "+61 7 4770 2047",
        "tourism": "museum",
        "@geometry": "center"
      },
      "geometry": {
        "type": "Point",
        "coordinates": [
          146.8887091,
          -20.0993081
        ]
      },
      "id": "way/297853805"
    },
    {
      "type": "Feature",
      "properties": {
        "@id": "node/298331607",
        "name": "Queanbeyan and District Historical Museum",
        "tourism": "museum"
      },
      "geometry": {
        "type": "Point",
        "coordinates": [
          149.2306067,
          -35.3548787
        ]
      },
      "id": "node/298331607"
    },
    {
      "type": "Feature",
      "properties": {
        "@id": "node/298331609",
        "museum": "printing",
        "name": "Queanbeyan Printing Museum",
        "tourism": "museum"
      },
      "geometry": {
        "type": "Point",
        "coordinates": [
          149.2301881,
          -35.3550862
        ]
      },
      "id": "node/298331609"
    },
    {
      "type": "Feature",
      "properties": {
        "@id": "way/299393727",
        "addr:housenumber": "1-7",
        "addr:postcode": "7467",
        "addr:state": "TAS",
        "addr:street": "Driffield Street",
        "addr:suburb": "Queenstown",
        "building": "yes",
        "fee": "yes",
        "name": "Queenstown Galley Museum",
        "tourism": "museum",
        "@geometry": "center"
      },
      "geometry": {
        "type": "Point",
        "coordinates": [
          145.5566431,
          -42.0783749
        ]
      },
      "id": "way/299393727"
    },
    {
      "type": "Feature",
      "properties": {
        "@id": "way/301619218",
        "name": "Wallsend District Hospital",
        "tourism": "museum",
        "@geometry": "center"
      },
      "geometry": {
        "type": "Point",
        "coordinates": [
          151.6785772,
          -32.899727
        ]
      },
      "id": "way/301619218"
    },
    {
      "type": "Feature",
      "properties": {
        "@id": "way/302730994",
        "addr:housenumber": "11",
        "addr:street": "Exhibition Avenue",
        "contact:facebook": "https://www.facebook.com/queenslandheritagepark/",
        "museum": "open_air",
        "name": "Queensland Heritage Park",
        "opening_hours": "Mo-Su 09:00-16:00",
        "phone": "+61 7 4992 2400",
        "tourism": "museum",
        "website": "https://qldheritagepark.com.au/",
        "@geometry": "center"
      },
      "geometry": {
        "type": "Point",
        "coordinates": [
          150.4987444,
          -24.4034069
        ]
      },
      "id": "way/302730994"
    },
    {
      "type": "Feature",
      "properties": {
        "@id": "node/305567880",
        "description": "The first Courthouse and Police Station built 1850. This museum has extensive collections of Clare memorabilia.",
        "name": "Old Police Station Musuem National Trust",
        "note": "Adults $5.00, Students $0.50",
        "opening_hours": "Sa-Su,PH 10:00-12:00,14:00-16:00 || \"by appointment\"",
        "operator": "National Trust",
        "phone": "+61 448 183 748",
        "tourism": "museum",
        "website": "https://www.nationaltrust.org.au/places/clare-old-police-station-and-courthouse-museum/"
      },
      "geometry": {
        "type": "Point",
        "coordinates": [
          138.6056917,
          -33.8379944
        ]
      },
      "id": "node/305567880"
    },
    {
      "type": "Feature",
      "properties": {
        "@id": "way/305810410",
        "building": "yes",
        "name": "Museum Of The Riverina",
        "source:name": "NSW LPI Base Map",
        "source:name:date": "2016-08",
        "tourism": "museum",
        "wikidata": "Q6941115",
        "wikipedia": "en:Museum of the Riverina",
        "@geometry": "center"
      },
      "geometry": {
        "type": "Point",
        "coordinates": [
          147.370855,
          -35.1096222
        ]
      },
      "id": "way/305810410"
    },
    {
      "type": "Feature",
      "properties": {
        "@id": "way/305861918",
        "addr:housenumber": "40",
        "addr:postcode": "4870",
        "addr:state": "QLD",
        "addr:street": "Abbott Street",
        "addr:suburb": "Cairns City",
        "building": "yes",
        "fee": "no",
        "name": "Cairns Art Gallery",
        "source": "Bing, 2012-7",
        "tourism": "museum",
        "@geometry": "center"
      },
      "geometry": {
        "type": "Point",
        "coordinates": [
          145.7772648,
          -16.9212878
        ]
      },
      "id": "way/305861918"
    },
    {
      "type": "Feature",
      "properties": {
        "@id": "way/307663526",
        "building": "yes",
        "name": "John Flynn Place Museum",
        "start_date": "1988",
        "tourism": "museum",
        "@geometry": "center"
      },
      "geometry": {
        "type": "Point",
        "coordinates": [
          140.5085768,
          -20.7041797
        ]
      },
      "id": "way/307663526"
    },
    {
      "type": "Feature",
      "properties": {
        "@id": "way/309944670",
        "fee": "no",
        "name": "Museum of Central Australia",
        "tourism": "museum",
        "@geometry": "center"
      },
      "geometry": {
        "type": "Point",
        "coordinates": [
          133.863308,
          -23.7021545
        ]
      },
      "id": "way/309944670"
    },
    {
      "type": "Feature",
      "properties": {
        "@id": "node/310213484",
        "museum": "railway",
        "name": "Six Mile Railway Museum",
        "note": "Sunday 9 - 2 by appointment",
        "tourism": "museum"
      },
      "geometry": {
        "type": "Point",
        "coordinates": [
          116.75853,
          -20.72232
        ]
      },
      "id": "node/310213484"
    },
    {
      "type": "Feature",
      "properties": {
        "@id": "way/311200988",
        "addr:housenumber": "7",
        "addr:postcode": "3858",
        "addr:state": "VIC",
        "addr:street": "Temple Street",
        "addr:suburb": "Heyfield",
        "building": "yes",
        "museum": "local",
        "name": "Heyfield and District Museum",
        "tourism": "museum",
        "@geometry": "center"
      },
      "geometry": {
        "type": "Point",
        "coordinates": [
          146.7855812,
          -37.9812998
        ]
      },
      "id": "way/311200988"
    },
    {
      "type": "Feature",
      "properties": {
        "@id": "way/312068324",
        "name": "Pioneer Village",
        "tourism": "museum",
        "@geometry": "center"
      },
      "geometry": {
        "type": "Point",
        "coordinates": [
          148.0197706,
          -23.0791758
        ]
      },
      "id": "way/312068324"
    },
    {
      "type": "Feature",
      "properties": {
        "@id": "way/313512299",
        "building": "yes",
        "fee": "no",
        "name": "Maldon Vintage Machinery Museum",
        "opening_hours": "Sa 12:00-17:00",
        "tourism": "museum",
        "@geometry": "center"
      },
      "geometry": {
        "type": "Point",
        "coordinates": [
          144.0718137,
          -36.9972657
        ]
      },
      "id": "way/313512299"
    },
    {
      "type": "Feature",
      "properties": {
        "@id": "way/313512300",
        "building": "yes",
        "fee": "no",
        "name": "Maldon Vintage Machinery Museum",
        "opening_hours:signed": "no",
        "tourism": "museum",
        "@geometry": "center"
      },
      "geometry": {
        "type": "Point",
        "coordinates": [
          144.0717381,
          -36.9975386
        ]
      },
      "id": "way/313512300"
    },
    {
      "type": "Feature",
      "properties": {
        "@id": "way/313512302",
        "building": "yes",
        "fee": "no",
        "name": "Maldon Vintage Machinery Museum",
        "opening_hours:signed": "no",
        "tourism": "museum",
        "@geometry": "center"
      },
      "geometry": {
        "type": "Point",
        "coordinates": [
          144.0718682,
          -36.9979742
        ]
      },
      "id": "way/313512302"
    },
    {
      "type": "Feature",
      "properties": {
        "@id": "way/313512303",
        "building": "yes",
        "fee": "no",
        "name": "Maldon Vintage Machinery Museum",
        "opening_hours:signed": "no",
        "tourism": "museum",
        "@geometry": "center"
      },
      "geometry": {
        "type": "Point",
        "coordinates": [
          144.0720226,
          -36.9977029
        ]
      },
      "id": "way/313512303"
    },
    {
      "type": "Feature",
      "properties": {
        "@id": "way/313660117",
        "building": "yes",
        "museum": "history",
        "name": "Woomera History Museum",
        "tourism": "museum",
        "@geometry": "center"
      },
      "geometry": {
        "type": "Point",
        "coordinates": [
          136.824566,
          -31.1983199
        ]
      },
      "id": "way/313660117"
    },
    {
      "type": "Feature",
      "properties": {
        "@id": "way/313765662",
        "building": "yes",
        "tourism": "museum",
        "@geometry": "center"
      },
      "geometry": {
        "type": "Point",
        "coordinates": [
          147.3723653,
          -35.1092203
        ]
      },
      "id": "way/313765662"
    },
    {
      "type": "Feature",
      "properties": {
        "@id": "way/314193828",
        "addr:housenumber": "26",
        "addr:postcode": "3015",
        "addr:state": "VIC",
        "addr:street": "Champion Road",
        "addr:suburb": "Newport",
        "area": "yes",
        "fee": "yes",
        "name": "Newport Railway Museum",
        "opening_hours": "Sa 12:00-17:00; SH Su 12:00-17:00; Dec 25 off",
        "operator": "Newport Railway Museum Inc.",
        "railway": "museum",
        "tourism": "museum",
        "website": "https://www.railwaymuseum.org.au",
        "wikidata": "Q16926902",
        "wikipedia": "en:Newport Railway Museum",
        "@geometry": "center"
      },
      "geometry": {
        "type": "Point",
        "coordinates": [
          144.886144,
          -37.8557493
        ]
      },
      "id": "way/314193828"
    },
    {
      "type": "Feature",
      "properties": {
        "@id": "way/314829584",
        "barrier": "fence",
        "fee": "yes",
        "name": "Maldon Vintage Machinery Museum",
        "opening_hours": "Sa 10:00-16:00",
        "operator": "Maldon Vintage Machinery Museum Inc.",
        "payment:cash": "yes",
        "payment:contactless": "no",
        "payment:credit_cards": "no",
        "payment:cryptocurrencies": "no",
        "payment:debit_cards": "no",
        "tourism": "museum",
        "wheelchair": "yes",
        "@geometry": "center"
      },
      "geometry": {
        "type": "Point",
        "coordinates": [
          144.0717644,
          -36.9978859
        ]
      },
      "id": "way/314829584"
    },
    {
      "type": "Feature",
      "properties": {
        "@id": "way/319398256",
        "addr:housenumber": "21",
        "addr:postcode": "4520",
        "addr:state": "QLD",
        "addr:street": "Station Street",
        "addr:suburb": "Samford Village",
        "name": "Samford Museum",
        "opening_hours": "We,Su 10:00-16:00",
        "phone": "+61 417 610 983",
        "tourism": "museum",
        "@geometry": "center"
      },
      "geometry": {
        "type": "Point",
        "coordinates": [
          152.8854131,
          -27.368952
        ]
      },
      "id": "way/319398256"
    },
    {
      "type": "Feature",
      "properties": {
        "@id": "way/319962108",
        "addr:housenumber": "141",
        "addr:street": "Murilla Street",
        "museum": "history",
        "name": "Miles Historical Village",
        "opening_hours": "Mo-Su 08:30-16:30",
        "tourism": "museum",
        "website": "https://www.mhv.org.au/",
        "wikipedia": "en:Miles Historical Village and Museum",
        "@geometry": "center"
      },
      "geometry": {
        "type": "Point",
        "coordinates": [
          150.1971464,
          -26.6593049
        ]
      },
      "id": "way/319962108"
    },
    {
      "type": "Feature",
      "properties": {
        "@id": "node/324207765",
        "fee": "no",
        "name": "Museum of Australian Photography",
        "opening_hours": "Mo off; Tu-Fr 10:00-17:00; Sa-Su 10:00-16:00; Jan 1 off; easter -2 days off; easter -1 day off; easter off",
        "tourism": "museum",
        "website": "https://maph.org.au/"
      },
      "geometry": {
        "type": "Point",
        "coordinates": [
          145.1902768,
          -37.9077439
        ]
      },
      "id": "node/324207765"
    },
    {
      "type": "Feature",
      "properties": {
        "@id": "way/326023310",
        "building": "yes",
        "description": "Former Town Hall",
        "name": "Campbell Town Museum & Visitor Information Centre",
        "tourism": "museum",
        "@geometry": "center"
      },
      "geometry": {
        "type": "Point",
        "coordinates": [
          147.494443,
          -41.9269944
        ]
      },
      "id": "way/326023310"
    },
    {
      "type": "Feature",
      "properties": {
        "@id": "way/326662791",
        "building": "yes",
        "fee": "yes",
        "name": "Mawsons Hut Replica Museum",
        "opening_hours": "Mo-Su 10:00-17:00",
        "operator": "Mawsons Hut Foundation",
        "source:name": "data.gov.au",
        "source_ref:name": "http://data.gov.au/dataset/36f1ca48-ed2d-4a58-a15b-6fb4b97fdbd7",
        "tourism": "museum",
        "website": "https://www.mawsons-huts.org.au/replica-museum/",
        "wheelchair": "yes",
        "@geometry": "center"
      },
      "geometry": {
        "type": "Point",
        "coordinates": [
          147.3322697,
          -42.8830997
        ]
      },
      "id": "way/326662791"
    },
    {
      "type": "Feature",
      "properties": {
        "@id": "node/330382739",
        "name": "Langi Morgala Museum",
        "tourism": "museum",
        "website": "https://cv.vic.gov.au/organisations/3594/langi-morgala-museum/"
      },
      "geometry": {
        "type": "Point",
        "coordinates": [
          142.9344785,
          -37.2835373
        ]
      },
      "id": "node/330382739"
    },
    {
      "type": "Feature",
      "properties": {
        "@id": "node/330382743",
        "check_date": "2026-05-17",
        "fee": "donation",
        "museum": "railway",
        "name": "Ararat Railway Museum",
        "opening_hours": "Mo,Su 13:00-16:00; PH off",
        "operator": "Ararat Railway Heritage Association",
        "operator:type": "community",
        "tourism": "museum"
      },
      "geometry": {
        "type": "Point",
        "coordinates": [
          142.9372359,
          -37.2825726
        ]
      },
      "id": "node/330382743"
    },
    {
      "type": "Feature",
      "properties": {
        "@id": "way/331769921",
        "building": "yes",
        "name": "Stage 7",
        "tourism": "museum",
        "@geometry": "center"
      },
      "geometry": {
        "type": "Point",
        "coordinates": [
          151.228331,
          -33.8923894
        ]
      },
      "id": "way/331769921"
    },
    {
      "type": "Feature",
      "properties": {
        "@id": "node/332192771",
        "name": "Gum San Chinese Heritage Museum",
        "tourism": "museum"
      },
      "geometry": {
        "type": "Point",
        "coordinates": [
          142.9253757,
          -37.2792693
        ]
      },
      "id": "node/332192771"
    },
    {
      "type": "Feature",
      "properties": {
        "@id": "way/333547928",
        "building": "yes",
        "name": "HMS Sirius Museum",
        "opening_hours": "Mo-Sa 11:00-15:00",
        "tourism": "museum",
        "@geometry": "center"
      },
      "geometry": {
        "type": "Point",
        "coordinates": [
          167.9582314,
          -29.0577466
        ]
      },
      "id": "way/333547928"
    },
    {
      "type": "Feature",
      "properties": {
        "@id": "way/333547933",
        "building": "yes",
        "name": "Pier Store",
        "opening_hours": "Mo-Su 11:00-15:00",
        "tourism": "museum",
        "@geometry": "center"
      },
      "geometry": {
        "type": "Point",
        "coordinates": [
          167.9547607,
          -29.0576641
        ]
      },
      "id": "way/333547933"
    },
    {
      "type": "Feature",
      "properties": {
        "@id": "way/333547937",
        "building": "yes",
        "name": "Royal Engineers Office",
        "opening_hours": "Mo-Sa 11:00-15:00",
        "tourism": "museum",
        "@geometry": "center"
      },
      "geometry": {
        "type": "Point",
        "coordinates": [
          167.955346,
          -29.0576682
        ]
      },
      "id": "way/333547937"
    },
    {
      "type": "Feature",
      "properties": {
        "@id": "way/333934398",
        "building": "house",
        "name": "Dalgety House Museum",
        "tourism": "museum",
        "wikidata": "Q66975047",
        "@geometry": "center"
      },
      "geometry": {
        "type": "Point",
        "coordinates": [
          118.5767925,
          -20.3133849
        ]
      },
      "id": "way/333934398"
    },
    {
      "type": "Feature",
      "properties": {
        "@id": "way/333939341",
        "building": "yes",
        "tourism": "museum",
        "@geometry": "center"
      },
      "geometry": {
        "type": "Point",
        "coordinates": [
          119.7270782,
          -23.3589708
        ]
      },
      "id": "way/333939341"
    },
    {
      "type": "Feature",
      "properties": {
        "@id": "way/333939342",
        "building": "yes",
        "tourism": "museum",
        "@geometry": "center"
      },
      "geometry": {
        "type": "Point",
        "coordinates": [
          119.7271774,
          -23.3589301
        ]
      },
      "id": "way/333939342"
    },
    {
      "type": "Feature",
      "properties": {
        "@id": "way/333939343",
        "building": "yes",
        "tourism": "museum",
        "@geometry": "center"
      },
      "geometry": {
        "type": "Point",
        "coordinates": [
          119.7272746,
          -23.3588903
        ]
      },
      "id": "way/333939343"
    },
    {
      "type": "Feature",
      "properties": {
        "@id": "way/333939344",
        "building": "yes",
        "tourism": "museum",
        "@geometry": "center"
      },
      "geometry": {
        "type": "Point",
        "coordinates": [
          119.7271381,
          -23.3592092
        ]
      },
      "id": "way/333939344"
    },
    {
      "type": "Feature",
      "properties": {
        "@id": "way/333939345",
        "building": "yes",
        "tourism": "museum",
        "@geometry": "center"
      },
      "geometry": {
        "type": "Point",
        "coordinates": [
          119.7272311,
          -23.359255
        ]
      },
      "id": "way/333939345"
    },
    {
      "type": "Feature",
      "properties": {
        "@id": "way/334125977",
        "addr:housenumber": "63",
        "addr:postcode": "4735",
        "addr:state": "QLD",
        "addr:street": "Elderslie Street",
        "addr:suburb": "Winton",
        "building": "retail",
        "museum": "history",
        "name": "Corfield & Fitzmaurice General Merchants",
        "tourism": "museum",
        "@geometry": "center"
      },
      "geometry": {
        "type": "Point",
        "coordinates": [
          143.0384085,
          -22.3898311
        ]
      },
      "id": "way/334125977"
    },
    {
      "type": "Feature",
      "properties": {
        "@id": "way/334146794",
        "building": "yes",
        "name": "Mens Museum",
        "tourism": "museum",
        "@geometry": "center"
      },
      "geometry": {
        "type": "Point",
        "coordinates": [
          131.803,
          -22.2559863
        ]
      },
      "id": "way/334146794"
    },
    {
      "type": "Feature",
      "properties": {
        "@id": "way/334665653",
        "building": "yes",
        "name": "Old Wirrega Council Chambers",
        "tourism": "museum",
        "@geometry": "center"
      },
      "geometry": {
        "type": "Point",
        "coordinates": [
          140.6916638,
          -36.3596745
        ]
      },
      "id": "way/334665653"
    },
    {
      "type": "Feature",
      "properties": {
        "@id": "way/334837979",
        "addr:housenumber": "10",
        "addr:postcode": "2899",
        "addr:street": "Quality Row",
        "building": "yes",
        "name": "House Museum",
        "opening_hours": "Mo-Sa 11:00-15:00",
        "source": "Bing",
        "tourism": "museum",
        "@geometry": "center"
      },
      "geometry": {
        "type": "Point",
        "coordinates": [
          167.9614086,
          -29.0558244
        ]
      },
      "id": "way/334837979"
    },
    {
      "type": "Feature",
      "properties": {
        "@id": "way/336829629",
        "historic": "industrial",
        "name": "Maritime Museum",
        "tourism": "museum",
        "@geometry": "center"
      },
      "geometry": {
        "type": "Point",
        "coordinates": [
          152.8743731,
          -31.4226474
        ]
      },
      "id": "way/336829629"
    },
    {
      "type": "Feature",
      "properties": {
        "@id": "way/337754002",
        "name": "The Bonegilla Migrant Experience",
        "tourism": "museum",
        "@geometry": "center"
      },
      "geometry": {
        "type": "Point",
        "coordinates": [
          147.0135433,
          -36.1310677
        ]
      },
      "id": "way/337754002"
    },
    {
      "type": "Feature",
      "properties": {
        "@id": "way/339864651",
        "name": "Coal Creek Community Park & Museum",
        "tourism": "museum",
        "website": "https://coalcreekcommunityparkandmuseum.com/",
        "wikidata": "Q5137717",
        "@geometry": "center"
      },
      "geometry": {
        "type": "Point",
        "coordinates": [
          145.8329594,
          -38.4451976
        ]
      },
      "id": "way/339864651"
    },
    {
      "type": "Feature",
      "properties": {
        "@id": "way/341346069",
        "building": "government",
        "name": "Old Omeo Courthouse",
        "tourism": "museum",
        "@geometry": "center"
      },
      "geometry": {
        "type": "Point",
        "coordinates": [
          147.5923525,
          -37.1010749
        ]
      },
      "id": "way/341346069"
    },
    {
      "type": "Feature",
      "properties": {
        "@id": "way/341505996",
        "leisure": "park",
        "name": "Omeo Historical Park & Museum",
        "tourism": "museum",
        "@geometry": "center"
      },
      "geometry": {
        "type": "Point",
        "coordinates": [
          147.5924268,
          -37.1012037
        ]
      },
      "id": "way/341505996"
    },
    {
      "type": "Feature",
      "properties": {
        "@id": "way/343458385",
        "building": "yes",
        "name": "Sir Hubert Wilkins Homestead",
        "source": "Survey",
        "tourism": "museum",
        "@geometry": "center"
      },
      "geometry": {
        "type": "Point",
        "coordinates": [
          139.0274419,
          -33.37558
        ]
      },
      "id": "way/343458385"
    },
    {
      "type": "Feature",
      "properties": {
        "@id": "way/346800271",
        "building": "yes",
        "name": "Old Courthouse Gallery and Museum",
        "tourism": "museum",
        "@geometry": "center"
      },
      "geometry": {
        "type": "Point",
        "coordinates": [
          140.7776874,
          -37.8337829
        ]
      },
      "id": "way/346800271"
    },
    {
      "type": "Feature",
      "properties": {
        "@id": "way/347039412",
        "building": "yes",
        "name": "Sexton's Cottage",
        "operator": "Mount Gambier Heritage and History Society",
        "tourism": "museum",
        "@geometry": "center"
      },
      "geometry": {
        "type": "Point",
        "coordinates": [
          140.7862361,
          -37.8418292
        ]
      },
      "id": "way/347039412"
    },
    {
      "type": "Feature",
      "properties": {
        "@id": "way/347071548",
        "building": "retail",
        "building:levels": "1",
        "name": "Court House Museum",
        "source": "bing;NSW LPI Base Map",
        "source:date": "2016-08",
        "tourism": "museum",
        "@geometry": "center"
      },
      "geometry": {
        "type": "Point",
        "coordinates": [
          149.1403439,
          -33.6112277
        ]
      },
      "id": "way/347071548"
    },
    {
      "type": "Feature",
      "properties": {
        "@id": "way/347771265",
        "alt_name": "Bradman Museum International Cricket Hall Of Fame",
        "building": "yes",
        "fee": "yes",
        "layer": "3",
        "name": "Bradman Museum",
        "note": "Source derived from Bing and local area knowledge",
        "source": "Bing",
        "source:alt_name": "LPI Base Map Aug 2016",
        "source:geometry": "viewable in DigitalGlobe Standard",
        "tourism": "museum",
        "@geometry": "center"
      },
      "geometry": {
        "type": "Point",
        "coordinates": [
          150.424439,
          -34.4830676
        ]
      },
      "id": "way/347771265"
    },
    {
      "type": "Feature",
      "properties": {
        "@id": "way/348453819",
        "building": "yes",
        "name": "Pilots Boatshed",
        "opening_hours": "11:00-15:00",
        "tourism": "museum",
        "wikidata": "Q71266593",
        "@geometry": "center"
      },
      "geometry": {
        "type": "Point",
        "coordinates": [
          115.5405487,
          -31.9945598
        ]
      },
      "id": "way/348453819"
    },
    {
      "type": "Feature",
      "properties": {
        "@id": "way/348534986",
        "addr:housenumber": "45",
        "addr:street": "Stokes Hill Road",
        "building": "yes",
        "name": "RFDS Darwin Tourist Facility",
        "tourism": "museum",
        "website": "https://www.rfdsdarwin.com.au",
        "@geometry": "center"
      },
      "geometry": {
        "type": "Point",
        "coordinates": [
          130.8490319,
          -12.4705046
        ]
      },
      "id": "way/348534986"
    },
    {
      "type": "Feature",
      "properties": {
        "@id": "way/351574028",
        "addr:housenumber": "24",
        "addr:postcode": "2453",
        "addr:street": "Cudgery Street",
        "addr:suburb": "Dorrigo",
        "alt_name": "Don Dorrigo And Guy Fawkes Historical Museum",
        "building": "yes",
        "name": "Don Dorrigo & Guy Fawkes Historical Society Museum",
        "source:alt_name": "LPI Base Map Aug 2016",
        "tourism": "museum",
        "@geometry": "center"
      },
      "geometry": {
        "type": "Point",
        "coordinates": [
          152.7135754,
          -30.3399364
        ]
      },
      "id": "way/351574028"
    },
    {
      "type": "Feature",
      "properties": {
        "@id": "way/353752347",
        "name": "Carbethon Museum",
        "tourism": "museum",
        "@geometry": "center"
      },
      "geometry": {
        "type": "Point",
        "coordinates": [
          152.0504047,
          -27.2575174
        ]
      },
      "id": "way/353752347"
    },
    {
      "type": "Feature",
      "properties": {
        "@id": "way/354205954",
        "building": "yes",
        "description": "Original School of Arts building built in 1896",
        "name": "Urunga Museum",
        "tourism": "museum",
        "@geometry": "center"
      },
      "geometry": {
        "type": "Point",
        "coordinates": [
          153.0218222,
          -30.4969449
        ]
      },
      "id": "way/354205954"
    },
    {
      "type": "Feature",
      "properties": {
        "@id": "way/354781725",
        "building": "yes",
        "name": "Oberon Museum",
        "tourism": "museum",
        "website": "https://oberonmuseum.com/",
        "@geometry": "center"
      },
      "geometry": {
        "type": "Point",
        "coordinates": [
          149.8538423,
          -33.7013853
        ]
      },
      "id": "way/354781725"
    },
    {
      "type": "Feature",
      "properties": {
        "@id": "way/357402488",
        "building": "yes",
        "name": "Australian Gliding Museum",
        "opening_hours": "\"by appointment\"",
        "phone": "+61 419 587 208",
        "source": "bing",
        "tourism": "museum",
        "website": "https://australianglidingmuseum.org.au/",
        "@geometry": "center"
      },
      "geometry": {
        "type": "Point",
        "coordinates": [
          144.4339911,
          -37.7347739
        ]
      },
      "id": "way/357402488"
    },
    {
      "type": "Feature",
      "properties": {
        "@id": "way/364369192",
        "building": "yes",
        "name": "Age of Steam Museum",
        "tourism": "museum",
        "@geometry": "center"
      },
      "geometry": {
        "type": "Point",
        "coordinates": [
          116.1460181,
          -34.2368786
        ]
      },
      "id": "way/364369192"
    },
    {
      "type": "Feature",
      "properties": {
        "@id": "way/365799739",
        "addr:housenumber": "1",
        "addr:postcode": "2750",
        "addr:street": "Museum Drive",
        "addr:suburb": "Penrith",
        "name": "Museum of Fire",
        "opening_hours": "09:00-16:30",
        "tourism": "museum",
        "website": "http://www.museumoffire.com.au/",
        "wikimedia_commons": "Category:Museum of Fire, Penrith",
        "@geometry": "center"
      },
      "geometry": {
        "type": "Point",
        "coordinates": [
          150.6933026,
          -33.7474461
        ]
      },
      "id": "way/365799739"
    },
    {
      "type": "Feature",
      "properties": {
        "@id": "way/369314914",
        "addr:housenumber": "80-86",
        "addr:postcode": "4000",
        "addr:state": "QLD",
        "addr:street": "Petrie Terrace",
        "addr:suburb": "Petrie Terrace",
        "building": "yes",
        "museum": "military",
        "name": "Army Museum South Queensland",
        "operator": "Australian Army History Unit",
        "operator:type": "military",
        "phone": "+61 7 3233 4531",
        "source": "Bing",
        "tourism": "museum",
        "website": "https://www.armymuseumsouthqueensland.com.au/",
        "@geometry": "center"
      },
      "geometry": {
        "type": "Point",
        "coordinates": [
          153.0145424,
          -27.4642377
        ]
      },
      "id": "way/369314914"
    },
    {
      "type": "Feature",
      "properties": {
        "@id": "way/369359377",
        "alt_name": "Gilgandra Museum",
        "building": "yes",
        "name": "Gilgandra Rural Museum",
        "opening_hours": "Mo-Su 09:00-13:00; Dec 25 off",
        "source": "bing",
        "tourism": "museum",
        "website": "https://gilgandraruralmuseum.com/",
        "@geometry": "center"
      },
      "geometry": {
        "type": "Point",
        "coordinates": [
          148.6558596,
          -31.7228434
        ]
      },
      "id": "way/369359377"
    },
    {
      "type": "Feature",
      "properties": {
        "@id": "way/369555082",
        "addr:housenumber": "48",
        "addr:postcode": "5241",
        "addr:state": "SA",
        "addr:street": "Main Street",
        "addr:suburb": "Lobethal",
        "building": "yes",
        "email": "lobethalmuseum@hotmail.com",
        "fee": "yes",
        "museum": "history",
        "name": "Lobethal Archives & Historical Museum",
        "source": "Bing",
        "tourism": "museum",
        "website": "https://explore.history.sa.gov.au/organisation/lobethal-archives-historical-museum/",
        "@geometry": "center"
      },
      "geometry": {
        "type": "Point",
        "coordinates": [
          138.8752489,
          -34.9042484
        ]
      },
      "id": "way/369555082"
    },
    {
      "type": "Feature",
      "properties": {
        "@id": "way/370120624",
        "name": "Whitton Courthouse and Historical Museum",
        "tourism": "museum",
        "@geometry": "center"
      },
      "geometry": {
        "type": "Point",
        "coordinates": [
          146.1810211,
          -34.520036
        ]
      },
      "id": "way/370120624"
    },
    {
      "type": "Feature",
      "properties": {
        "@id": "way/370370494",
        "addr:housenumber": "10",
        "addr:postcode": "2572",
        "addr:street": "Barbour Road",
        "addr:suburb": "Thirlmere",
        "alt_name": "Thirlmere Rail Heritage Centre",
        "fee": "yes",
        "landuse": "railway",
        "name": "NSW Rail Museum",
        "old_name": "Trainworks",
        "opening_hours": "Mo-Fr 10:00-16:00; Sa-Su 09:00-17:00",
        "operator": "Transport Heritage NSW",
        "operator:wikidata": "Q15961529",
        "phone": "+61 2 4683 6800",
        "start_date": "2011-03-03",
        "tourism": "museum",
        "website": "https://www.nswrailmuseum.com.au/",
        "wheelchair": "yes",
        "wikidata": "Q7011771",
        "wikipedia": "en:NSW Rail Museum",
        "@geometry": "center"
      },
      "geometry": {
        "type": "Point",
        "coordinates": [
          150.5689101,
          -34.207639
        ]
      },
      "id": "way/370370494"
    },
    {
      "type": "Feature",
      "properties": {
        "@id": "way/370721426",
        "building": "yes",
        "name": "The Busselton Museum",
        "tourism": "museum",
        "wikidata": "Q66975801",
        "@geometry": "center"
      },
      "geometry": {
        "type": "Point",
        "coordinates": [
          115.3498302,
          -33.6525073
        ]
      },
      "id": "way/370721426"
    },
    {
      "type": "Feature",
      "properties": {
        "@id": "way/370808900",
        "addr:housenumber": "78",
        "addr:postcode": "4362",
        "addr:state": "QLD",
        "addr:street": "Herbert Street",
        "addr:suburb": "Allora",
        "building": "office",
        "building:levels": "1",
        "name": "Allora Regional Sports Museum",
        "tourism": "museum",
        "@geometry": "center"
      },
      "geometry": {
        "type": "Point",
        "coordinates": [
          151.9829169,
          -28.0331576
        ]
      },
      "id": "way/370808900"
    },
    {
      "type": "Feature",
      "properties": {
        "@id": "way/370878579",
        "name": "Australian Inland Mission Hospital Museum",
        "tourism": "museum",
        "@geometry": "center"
      },
      "geometry": {
        "type": "Point",
        "coordinates": [
          118.4523555,
          -33.1022735
        ]
      },
      "id": "way/370878579"
    },
    {
      "type": "Feature",
      "properties": {
        "@id": "way/371682664",
        "addr:housenumber": "53",
        "addr:postcode": "4362",
        "addr:state": "QLD",
        "addr:street": "Warwick Street",
        "addr:suburb": "Allora",
        "building": "house",
        "building:levels": "2",
        "contact:email": "adhssec@gmail.com",
        "contact:facebook": "https://www.facebook.com/allorahistoricalsocietyinc/",
        "name": "Allora History Museum",
        "operator": "Allora & District Historical Society",
        "tourism": "museum",
        "@geometry": "center"
      },
      "geometry": {
        "type": "Point",
        "coordinates": [
          151.9805765,
          -28.0354247
        ]
      },
      "id": "way/371682664"
    },
    {
      "type": "Feature",
      "properties": {
        "@id": "way/371987272",
        "building": "yes",
        "name": "Gladstone Maritime Museum",
        "source": "Bing",
        "tourism": "museum",
        "@geometry": "center"
      },
      "geometry": {
        "type": "Point",
        "coordinates": [
          151.260803,
          -23.8341127
        ]
      },
      "id": "way/371987272"
    },
    {
      "type": "Feature",
      "properties": {
        "@id": "way/372196920",
        "addr:housenumber": "25",
        "addr:street": "Woods Street",
        "building": "residential",
        "building:levels": "1",
        "museum": "history",
        "name": "Northern Territory Chinese Museum",
        "name:en": "Northern Territory Chinese Museum",
        "name:zh": "北澳华人博物馆",
        "name:zh-Hans": "北澳华人博物馆",
        "name:zh-Hant": "北澳華人博物館",
        "tourism": "museum",
        "website": "https://www.chungwahnt.asn.au/museum/",
        "@geometry": "center"
      },
      "geometry": {
        "type": "Point",
        "coordinates": [
          130.8445217,
          -12.4624936
        ]
      },
      "id": "way/372196920"
    },
    {
      "type": "Feature",
      "properties": {
        "@id": "way/376226769",
        "building": "detached",
        "building:levels": "1",
        "fee": "yes",
        "historic": "yes",
        "museum": "local",
        "name": "The Pilots Cottage Museum",
        "opening_hours": "Sa-Su 11:00-15:00",
        "source": "bing for building outline, Babstar for the rest",
        "tourism": "museum",
        "website": "https://kiama.com.au/listings/things-to-do/pilots-cottage-museum",
        "@geometry": "center"
      },
      "geometry": {
        "type": "Point",
        "coordinates": [
          150.8608983,
          -34.6715789
        ]
      },
      "id": "way/376226769"
    },
    {
      "type": "Feature",
      "properties": {
        "@id": "way/379003061",
        "building": "yes",
        "contact:facebook": "https://www.facebook.com/goldendragonmuseum.org/",
        "fee": "yes",
        "museum": "local",
        "name": "Golden Dragon Museum",
        "name:en": "Golden Dragon Museum",
        "name:zh": "金龙博物馆",
        "name:zh-Hans": "金龙博物馆",
        "name:zh-Hant": "金龍博物館",
        "opening_hours": "Mo-Sa 09:30-17:00",
        "phone": "+61 3 5441 5044",
        "tourism": "museum",
        "website": "https://www.goldendragonmuseum.org/",
        "@geometry": "center"
      },
      "geometry": {
        "type": "Point",
        "coordinates": [
          144.2824201,
          -36.7548339
        ]
      },
      "id": "way/379003061"
    },
    {
      "type": "Feature",
      "properties": {
        "@id": "way/379038173",
        "addr:housenumber": "7",
        "addr:street": "Pathfinder Drive",
        "contact:website": "https://qam.com.au/",
        "museum": "aerospace",
        "name": "Queensland Air Museum",
        "source": "Bing",
        "tourism": "museum",
        "wikidata": "Q14935546",
        "@geometry": "center"
      },
      "geometry": {
        "type": "Point",
        "coordinates": [
          153.1084633,
          -26.7981212
        ]
      },
      "id": "way/379038173"
    },
    {
      "type": "Feature",
      "properties": {
        "@id": "way/382247161",
        "amenity": "cafe",
        "building": "yes",
        "name": "Central Greenough Cafe & Visitor Centre",
        "opening_hours": "Mo-Fr 09:00-16:00; Sa-Su 08:00-16:00",
        "phone": "+61 8 9926 1084",
        "tourism": "museum",
        "website": "https://www.centralgreenough.com/",
        "@geometry": "center"
      },
      "geometry": {
        "type": "Point",
        "coordinates": [
          114.7453307,
          -28.9441495
        ]
      },
      "id": "way/382247161"
    },
    {
      "type": "Feature",
      "properties": {
        "@id": "way/382842767",
        "addr:housenumber": "25",
        "addr:postcode": "2040",
        "addr:street": "Derbyshire Road",
        "addr:suburb": "Leichhardt",
        "building": "industrial",
        "fee": "yes",
        "museum": "transport",
        "name": "Sydney Bus Museum",
        "opening_hours": "Su[1,3] 10:00-16:00",
        "tourism": "museum",
        "website": "https://www.sydneybusmuseum.com/",
        "wheelchair": "limited",
        "wikidata": "Q7659846",
        "wikipedia": "en:Sydney Bus Museum",
        "@geometry": "center"
      },
      "geometry": {
        "type": "Point",
        "coordinates": [
          151.1586032,
          -33.8761398
        ]
      },
      "id": "way/382842767"
    },
    {
      "type": "Feature",
      "properties": {
        "@id": "way/385555589",
        "addr:housenumber": "355",
        "addr:postcode": "2711",
        "addr:street": "Church Street",
        "addr:suburb": "Hay",
        "building": "yes",
        "name": "Hay Gaol Museum",
        "note": "Hay Gaol Museum - Our town's story A diverse collection of artifacts showcasing the history of Hay is displayed in the buildings and ground of the old Hay Gaol. The complex has had many uses since it was built in 1878... (see website for further info).",
        "opening_hours": "09:00-17:00",
        "phone": "+61 2 6993 4045",
        "tourism": "museum",
        "website": "https://www.hay.nsw.gov.au/Museums/GaolMuseum/tabid/98/Default.aspx",
        "@geometry": "center"
      },
      "geometry": {
        "type": "Point",
        "coordinates": [
          144.8510203,
          -34.5031257
        ]
      },
      "id": "way/385555589"
    },
    {
      "type": "Feature",
      "properties": {
        "@id": "way/385937280",
        "building": "yes",
        "museum": "military, history",
        "name": "Army Museum of Tasmania",
        "opening_hours": "Tu-Sa  09:00-13:00; Su 10:00-14:00",
        "operator": "AAHU",
        "operator:type": "government",
        "tourism": "museum",
        "wikidata": "Q4348847",
        "@geometry": "center"
      },
      "geometry": {
        "type": "Point",
        "coordinates": [
          147.3255459,
          -42.8889461
        ]
      },
      "id": "way/385937280"
    },
    {
      "type": "Feature",
      "properties": {
        "@id": "way/388600199",
        "building": "yes",
        "museum": "history",
        "name": "Historical Museum",
        "tourism": "museum",
        "@geometry": "center"
      },
      "geometry": {
        "type": "Point",
        "coordinates": [
          115.4423824,
          -29.192604
        ]
      },
      "id": "way/388600199"
    },
    {
      "type": "Feature",
      "properties": {
        "@id": "way/389497292",
        "alt_name": "Shepparton Motor Museum",
        "building": "warehouse",
        "museum": "transport",
        "name": "Museum of Vehicle Evolution - MOVE",
        "tourism": "museum",
        "website": "https://www.moveshepparton.com.au/",
        "@geometry": "center"
      },
      "geometry": {
        "type": "Point",
        "coordinates": [
          145.3871954,
          -36.4359353
        ]
      },
      "id": "way/389497292"
    },
    {
      "type": "Feature",
      "properties": {
        "@id": "way/390160153",
        "building": "yes",
        "disused:railway": "station",
        "name": "Nyngan Museum",
        "source": "NSW LPI Imagery",
        "tourism": "museum",
        "@geometry": "center"
      },
      "geometry": {
        "type": "Point",
        "coordinates": [
          147.1970952,
          -31.5628945
        ]
      },
      "id": "way/390160153"
    },
    {
      "type": "Feature",
      "properties": {
        "@id": "way/390509890",
        "building": "yes",
        "fixme": "No signs on building etc. Active?",
        "tourism": "museum",
        "@geometry": "center"
      },
      "geometry": {
        "type": "Point",
        "coordinates": [
          117.0839134,
          -32.5346746
        ]
      },
      "id": "way/390509890"
    },
    {
      "type": "Feature",
      "properties": {
        "@id": "way/391300306",
        "building": "yes",
        "museum": "history",
        "name": "Tinonee Historical Museum",
        "tourism": "museum",
        "@geometry": "center"
      },
      "geometry": {
        "type": "Point",
        "coordinates": [
          152.4136421,
          -31.9367353
        ]
      },
      "id": "way/391300306"
    },
    {
      "type": "Feature",
      "properties": {
        "@id": "node/391878208",
        "description": "About Lord Howe Island: nature, geology, climate, historical artifacts and photos.",
        "fee": "unknown",
        "name": "Lord Howe Island Museum",
        "opening_hours": "Mo-Su 09:00-14:00",
        "start_date": "1978",
        "tourism": "museum",
        "website": "https://lhimuseum.com/",
        "wheelchair": "yes"
      },
      "geometry": {
        "type": "Point",
        "coordinates": [
          159.0665511,
          -31.5279125
        ]
      },
      "id": "node/391878208"
    },
    {
      "type": "Feature",
      "properties": {
        "@id": "way/393165009",
        "building": "yes",
        "email": "pr@cdscc.nasa.gov",
        "fee": "no",
        "museum": "technology",
        "name": "Canberra Space Centre",
        "opening_hours": "Mo-Su 10:00-16:00",
        "operator": "CSIRO",
        "tourism": "museum",
        "website": "https://www.cdscc.nasa.gov/Pages/opening_hours.html",
        "wheelchair": "yes",
        "@geometry": "center"
      },
      "geometry": {
        "type": "Point",
        "coordinates": [
          148.9831496,
          -35.4025225
        ]
      },
      "id": "way/393165009"
    },
    {
      "type": "Feature",
      "properties": {
        "@id": "node/393667711",
        "tourism": "museum"
      },
      "geometry": {
        "type": "Point",
        "coordinates": [
          152.9842663,
          -27.4771461
        ]
      },
      "id": "node/393667711"
    },
    {
      "type": "Feature",
      "properties": {
        "@id": "way/401777680",
        "building": "yes",
        "building:levels": "1",
        "name": "Patakijiyali Museum",
        "opening_hours": "Mo-Fr 09:00-15:00",
        "tourism": "museum",
        "website": "https://www.tiwilandcouncil.com/293/patakijiyali-museum",
        "@geometry": "center"
      },
      "geometry": {
        "type": "Point",
        "coordinates": [
          130.6401744,
          -11.7568075
        ]
      },
      "id": "way/401777680"
    },
    {
      "type": "Feature",
      "properties": {
        "@id": "way/403464159",
        "building": "yes",
        "museum": "history",
        "name": "Brian's Shed Museum",
        "source": "Bing",
        "tourism": "museum",
        "@geometry": "center"
      },
      "geometry": {
        "type": "Point",
        "coordinates": [
          145.2057677,
          -17.4323694
        ]
      },
      "id": "way/403464159"
    },
    {
      "type": "Feature",
      "properties": {
        "@id": "way/403502704",
        "building": "yes",
        "name": "Deal Island Lighthouse Museum",
        "tourism": "museum",
        "@geometry": "center"
      },
      "geometry": {
        "type": "Point",
        "coordinates": [
          147.3144049,
          -39.4751462
        ]
      },
      "id": "way/403502704"
    },
    {
      "type": "Feature",
      "properties": {
        "@id": "way/409035048",
        "addr:street": "Bridge Street",
        "building": "commercial",
        "building:levels": "2",
        "fee": "no",
        "museum": "local",
        "name": "Museum of Sydney",
        "opening_hours": "Mo-Su 10:00-17:00",
        "operator": "Museums of History New South Wales",
        "source:geometry": "LPI Imagery",
        "toilets": "yes",
        "tourism": "museum",
        "website": "https://mhnsw.au/visit-us/museum-of-sydney/",
        "wheelchair": "yes",
        "wikidata": "Q910232",
        "wikipedia": "en:Museum of Sydney",
        "@geometry": "center"
      },
      "geometry": {
        "type": "Point",
        "coordinates": [
          151.2114804,
          -33.8637531
        ]
      },
      "id": "way/409035048"
    },
    {
      "type": "Feature",
      "properties": {
        "@id": "way/411638895",
        "addr:housenumber": "57a",
        "addr:street": "Freeman Road",
        "building": "yes",
        "description": "Currently temporarily closed 2026",
        "fee": "yes",
        "museum": "railway",
        "name": "Rosewood Railway Museum",
        "phone": "+61 7 5464 4552",
        "tourism": "museum",
        "website": "https://www.rosewoodrailway.org.au/",
        "@geometry": "center"
      },
      "geometry": {
        "type": "Point",
        "coordinates": [
          152.5617583,
          -27.6092083
        ]
      },
      "id": "way/411638895"
    },
    {
      "type": "Feature",
      "properties": {
        "@id": "way/415298564",
        "addr:housenumber": "215",
        "addr:postcode": "4570",
        "addr:street": "Brisbane Road",
        "name": "Gympie Gold Mining and Historical Museum",
        "tourism": "museum",
        "@geometry": "center"
      },
      "geometry": {
        "type": "Point",
        "coordinates": [
          152.6844903,
          -26.2134444
        ]
      },
      "id": "way/415298564"
    },
    {
      "type": "Feature",
      "properties": {
        "@id": "way/415785325",
        "addr:housenumber": "489A",
        "addr:postcode": "2540",
        "addr:state": "NSW",
        "addr:street": "Albatross Road",
        "building": "yes",
        "building:levels": "2",
        "fax": "+61 2 4424 1999",
        "museum": "aerospace",
        "name": "Fleet Air Arm Museum",
        "name_alt": "FAAM",
        "opening_hours": "Tu-Su 10:00-16:00",
        "operator": "Royal Australian Navy",
        "operator:type": "government",
        "phone": "+61 2 4424 1920",
        "source": "Bing",
        "tourism": "museum",
        "website": "https://www.navy.gov.au/history/museums/fleet-air-arm-museum",
        "wikipedia": "en:Fleet Air Arm Museum (Australia)",
        "@geometry": "center"
      },
      "geometry": {
        "type": "Point",
        "coordinates": [
          150.5547423,
          -34.9360517
        ]
      },
      "id": "way/415785325"
    },
    {
      "type": "Feature",
      "properties": {
        "@id": "way/420941846",
        "building": "yes",
        "name": "Scout Heritage Centre (Wheelhouse)",
        "ref": "F",
        "tourism": "museum",
        "@geometry": "center"
      },
      "geometry": {
        "type": "Point",
        "coordinates": [
          152.891725,
          -27.3745392
        ]
      },
      "id": "way/420941846"
    },
    {
      "type": "Feature",
      "properties": {
        "@id": "node/421202614",
        "name": "War Memorial",
        "tourism": "museum"
      },
      "geometry": {
        "type": "Point",
        "coordinates": [
          137.7147721,
          -33.9621478
        ]
      },
      "id": "node/421202614"
    },
    {
      "type": "Feature",
      "properties": {
        "@id": "way/422891875",
        "addr:housenumber": "1",
        "addr:postcode": "2750",
        "addr:street": "Museum Drive",
        "addr:suburb": "Penrith",
        "building": "yes",
        "building:levels": "2",
        "opening_hours": "09:00-16:30",
        "tourism": "museum",
        "website": "http://www.museumoffire.com.au/",
        "wikimedia_commons": "Category:Museum of Fire, Penrith",
        "@geometry": "center"
      },
      "geometry": {
        "type": "Point",
        "coordinates": [
          150.6934316,
          -33.7476246
        ]
      },
      "id": "way/422891875"
    },
    {
      "type": "Feature",
      "properties": {
        "@id": "way/429991123",
        "addr:housenumber": "8",
        "addr:postcode": "4213",
        "addr:street": "Worongary Road",
        "building": "yes",
        "description": "Phone: 0418 157230",
        "name": "Mudgeeraba Light Horse Museum",
        "tourism": "museum",
        "@geometry": "center"
      },
      "geometry": {
        "type": "Point",
        "coordinates": [
          153.3539723,
          -28.0615933
        ]
      },
      "id": "way/429991123"
    },
    {
      "type": "Feature",
      "properties": {
        "@id": "way/431388695",
        "addr:housenumber": "2",
        "addr:postcode": "3225",
        "addr:state": "VIC",
        "addr:street": "Wharf Street",
        "addr:suburb": "Queenscliff",
        "building": "yes",
        "museum": "maritime",
        "name": "Queenscliffe Maritime Museum",
        "tourism": "museum",
        "@geometry": "center"
      },
      "geometry": {
        "type": "Point",
        "coordinates": [
          144.6671881,
          -38.2648195
        ]
      },
      "id": "way/431388695"
    },
    {
      "type": "Feature",
      "properties": {
        "@id": "way/432822687",
        "building": "yes",
        "name": "Fisherman's Cottage",
        "tourism": "museum",
        "@geometry": "center"
      },
      "geometry": {
        "type": "Point",
        "coordinates": [
          145.3790178,
          -38.2147186
        ]
      },
      "id": "way/432822687"
    },
    {
      "type": "Feature",
      "properties": {
        "@id": "node/434369944",
        "alt_name": "Archer Park Railway Museum",
        "fee": "yes",
        "name": "Archer Park Rail Museum",
        "source": "knowledge",
        "tourism": "museum",
        "website": "https://www.archerparkrailmuseum.com/",
        "wikidata": "Q4785958",
        "wikimedia_commons": "Category:Archer Park Rail Museum",
        "wikipedia": "en:Archer Park Rail Museum"
      },
      "geometry": {
        "type": "Point",
        "coordinates": [
          150.5070455,
          -23.3756475
        ]
      },
      "id": "node/434369944"
    },
    {
      "type": "Feature",
      "properties": {
        "@id": "way/435428160",
        "building": "yes",
        "name": "Fairymead House Museum",
        "tourism": "museum",
        "@geometry": "center"
      },
      "geometry": {
        "type": "Point",
        "coordinates": [
          152.3360702,
          -24.8556595
        ]
      },
      "id": "way/435428160"
    },
    {
      "type": "Feature",
      "properties": {
        "@id": "way/435428163",
        "building": "yes",
        "name": "Hinkler Hall of Aviation",
        "tourism": "museum",
        "@geometry": "center"
      },
      "geometry": {
        "type": "Point",
        "coordinates": [
          152.3362967,
          -24.851726
        ]
      },
      "id": "way/435428163"
    },
    {
      "type": "Feature",
      "properties": {
        "@id": "way/435948924",
        "building": "yes",
        "opening_hours": "Mo-Su 09:30-17:30",
        "tourism": "museum",
        "wheelchair": "limited",
        "@geometry": "center"
      },
      "geometry": {
        "type": "Point",
        "coordinates": [
          151.3003178,
          -29.9875963
        ]
      },
      "id": "way/435948924"
    },
    {
      "type": "Feature",
      "properties": {
        "@id": "node/436208142",
        "name": "Ballaarat Observatory",
        "tourism": "museum"
      },
      "geometry": {
        "type": "Point",
        "coordinates": [
          143.8605954,
          -37.5803817
        ]
      },
      "id": "node/436208142"
    },
    {
      "type": "Feature",
      "properties": {
        "@id": "way/436327616",
        "name": "Beaconsfield Mine & Heritage Centre",
        "tourism": "museum",
        "website": "https://www.beaconsfieldheritage.com.au/",
        "wikidata": "Q4876028",
        "@geometry": "center"
      },
      "geometry": {
        "type": "Point",
        "coordinates": [
          146.814144,
          -41.2017508
        ]
      },
      "id": "way/436327616"
    },
    {
      "type": "Feature",
      "properties": {
        "@id": "way/438743372",
        "building": "yes",
        "name": "Cheese Factory Museum",
        "name:en": "Cheese Factory Museum",
        "tourism": "museum",
        "@geometry": "center"
      },
      "geometry": {
        "type": "Point",
        "coordinates": [
          139.3274657,
          -35.6909977
        ]
      },
      "id": "way/438743372"
    },
    {
      "type": "Feature",
      "properties": {
        "@id": "way/439829068",
        "building": "house",
        "building:levels": "1",
        "name": "Bark Mill Museum",
        "roof:levels": "0",
        "tourism": "museum",
        "@geometry": "center"
      },
      "geometry": {
        "type": "Point",
        "coordinates": [
          148.0686004,
          -42.1212207
        ]
      },
      "id": "way/439829068"
    },
    {
      "type": "Feature",
      "properties": {
        "@id": "node/439951023",
        "fee": "no",
        "name": "Monash Historic Society",
        "tourism": "museum"
      },
      "geometry": {
        "type": "Point",
        "coordinates": [
          145.1270482,
          -37.8747956
        ]
      },
      "id": "node/439951023"
    },
    {
      "type": "Feature",
      "properties": {
        "@id": "way/439966257",
        "building": "yes",
        "name": "National Muesum of Pottery",
        "source": "Mapillary",
        "tourism": "museum",
        "@geometry": "center"
      },
      "geometry": {
        "type": "Point",
        "coordinates": [
          147.3124361,
          -35.726415
        ]
      },
      "id": "way/439966257"
    },
    {
      "type": "Feature",
      "properties": {
        "@id": "way/440175123",
        "building": "yes",
        "name": "Glenrowan Museum",
        "tourism": "museum",
        "@geometry": "center"
      },
      "geometry": {
        "type": "Point",
        "coordinates": [
          146.2216105,
          -36.4637937
        ]
      },
      "id": "way/440175123"
    },
    {
      "type": "Feature",
      "properties": {
        "@id": "way/440269129",
        "addr:housenumber": "57",
        "addr:postcode": "3683",
        "addr:state": "VIC",
        "addr:street": "Conness Street",
        "addr:suburb": "Chiltern",
        "building": "yes",
        "email": "info@chilternathenaeum.com.au",
        "museum": "local",
        "name": "Chiltern Athenaeum Museum",
        "phone": "+61 3 5726 1280",
        "tourism": "museum",
        "website": "https://www.chilternathenaeum.com.au/",
        "@geometry": "center"
      },
      "geometry": {
        "type": "Point",
        "coordinates": [
          146.6098042,
          -36.151089
        ]
      },
      "id": "way/440269129"
    },
    {
      "type": "Feature",
      "properties": {
        "@id": "node/441511815",
        "addr:housenumber": "17",
        "addr:postcode": "4405",
        "addr:state": "QLD",
        "addr:street": "Black Street",
        "addr:suburb": "Dalby",
        "fee": "yes",
        "museum": "transport",
        "name": "Pioneer Park Museum",
        "opening_hours": "Mo-Su 08:00-17:00",
        "operator:type": "community",
        "tourism": "museum"
      },
      "geometry": {
        "type": "Point",
        "coordinates": [
          151.2449198,
          -27.1762326
        ]
      },
      "id": "node/441511815"
    },
    {
      "type": "Feature",
      "properties": {
        "@id": "way/450184461",
        "building": "yes",
        "fee": "no",
        "name": "Cable Tram Depot",
        "tourism": "museum",
        "website": "https://portlandcabletrams.com.au/",
        "@geometry": "center"
      },
      "geometry": {
        "type": "Point",
        "coordinates": [
          141.6067631,
          -38.3549098
        ]
      },
      "id": "way/450184461"
    },
    {
      "type": "Feature",
      "properties": {
        "@id": "node/450518484",
        "addr:postcode": "5556",
        "addr:street": "Jetty Road",
        "addr:suburb": "Wallaroo",
        "charge": "7 AUD",
        "description": "Historic Post Office building houses extensive displays of the copper smelting era 1861-1923.",
        "email": "whmn@adam.com.au",
        "fee": "yes",
        "name": "Wallaroo Heritage and Nautical National Trust Museum",
        "opening_hours": "Mo-Su,PH 10:00-16:00; Dec 25 off",
        "operator": "National Trust",
        "phone": "+61 8 8823 3015",
        "tourism": "museum",
        "website": "https://www.nationaltrust.org.au/places/wallaroo-heritage-and-nautical-museum/",
        "wheelchair": "yes"
      },
      "geometry": {
        "type": "Point",
        "coordinates": [
          137.626416,
          -33.9297814
        ]
      },
      "id": "node/450518484"
    },
    {
      "type": "Feature",
      "properties": {
        "@id": "way/453248690",
        "abandoned:railway": "station",
        "building": "train_station",
        "museum": "history",
        "museum_type": "regional",
        "name": "Toogoolawah and District HistoryMuseum",
        "tourism": "museum",
        "wheelchair": "no",
        "@geometry": "center"
      },
      "geometry": {
        "type": "Point",
        "coordinates": [
          152.3780618,
          -27.0878953
        ]
      },
      "id": "way/453248690"
    },
    {
      "type": "Feature",
      "properties": {
        "@id": "way/453850507",
        "building": "yes",
        "name": "Boggabri And Districts Historical Society Museum",
        "tourism": "museum",
        "@geometry": "center"
      },
      "geometry": {
        "type": "Point",
        "coordinates": [
          150.0416983,
          -30.7048268
        ]
      },
      "id": "way/453850507"
    },
    {
      "type": "Feature",
      "properties": {
        "@id": "way/453850508",
        "building": "yes",
        "tourism": "museum",
        "@geometry": "center"
      },
      "geometry": {
        "type": "Point",
        "coordinates": [
          150.0415685,
          -30.70486
        ]
      },
      "id": "way/453850508"
    },
    {
      "type": "Feature",
      "properties": {
        "@id": "node/461114868",
        "addr:housenumber": "7-11",
        "addr:street": "Mount Street",
        "check_date": "2026-05-01",
        "fee": "yes",
        "museum": "person",
        "name": "Mary MacKillop Place Museum",
        "opening_hours": "Mo-Su 09:00-16:00; PH off",
        "tourism": "museum",
        "website": "https://www.marymackillopplace.org.au/visit/museum/",
        "wheelchair": "yes",
        "wheelchair:description": "You may have to ask for ramp to be put out",
        "wikidata": "Q17009581",
        "wikipedia": "en:Mary Mackillop Memorial Chapel and Museum"
      },
      "geometry": {
        "type": "Point",
        "coordinates": [
          151.2047103,
          -33.838744
        ]
      },
      "id": "node/461114868"
    },
    {
      "type": "Feature",
      "properties": {
        "@id": "way/462123650",
        "addr:housenumber": "1",
        "addr:postcode": "3672",
        "addr:state": "VIC",
        "addr:street": "Hangar Lane",
        "addr:suburb": "Benalla",
        "building": "hangar",
        "name": "Benalla Aviation Museum",
        "tourism": "museum",
        "@geometry": "center"
      },
      "geometry": {
        "type": "Point",
        "coordinates": [
          145.9983941,
          -36.5543778
        ]
      },
      "id": "way/462123650"
    },
    {
      "type": "Feature",
      "properties": {
        "@id": "way/463029147",
        "building": "yes",
        "fee": "no",
        "name": "Salt Store",
        "tourism": "museum",
        "wikidata": "Q96707148",
        "@geometry": "center"
      },
      "geometry": {
        "type": "Point",
        "coordinates": [
          115.5411302,
          -31.9961402
        ]
      },
      "id": "way/463029147"
    },
    {
      "type": "Feature",
      "properties": {
        "@id": "way/463177234",
        "addr:housenumber": "17",
        "addr:postcode": "7190",
        "addr:state": "TAS",
        "addr:street": "Esplanade West",
        "addr:suburb": "Triabunna",
        "building": "yes",
        "name": "Spring Bay Maritime Museum",
        "opening_hours": "Mo,We 10:00-14:00",
        "tourism": "museum",
        "website": "https://sbmdc.org.au/",
        "@geometry": "center"
      },
      "geometry": {
        "type": "Point",
        "coordinates": [
          147.9135623,
          -42.5103715
        ]
      },
      "id": "way/463177234"
    },
    {
      "type": "Feature",
      "properties": {
        "@id": "way/464480625",
        "building": "yes",
        "museum": "nature",
        "name": "Gem and Mineral Museum",
        "operator": "Manning Valley Rock Hounds Lapidary Club",
        "tourism": "museum",
        "@geometry": "center"
      },
      "geometry": {
        "type": "Point",
        "coordinates": [
          152.3610766,
          -31.8746615
        ]
      },
      "id": "way/464480625"
    },
    {
      "type": "Feature",
      "properties": {
        "@id": "way/464481286",
        "addr:housenumber": "12",
        "addr:postcode": "2429",
        "addr:street": "Farquhar Street",
        "building": "yes",
        "name": "Wingham Museum",
        "opening_hours": "10:00-16:00",
        "operator": "Manning Valley Historical Society Incorporated",
        "phone": "+61 2 6553 5823",
        "tourism": "museum",
        "website": "http://www.manninghistorical.org",
        "wheelchair": "yes",
        "@geometry": "center"
      },
      "geometry": {
        "type": "Point",
        "coordinates": [
          152.3740087,
          -31.8708997
        ]
      },
      "id": "way/464481286"
    },
    {
      "type": "Feature",
      "properties": {
        "@id": "node/465200732",
        "name": "Hawkesbury Museum – John Howe’s House",
        "name:en": "Howe House",
        "tourism": "museum"
      },
      "geometry": {
        "type": "Point",
        "coordinates": [
          150.8227619,
          -33.6045186
        ]
      },
      "id": "node/465200732"
    },
    {
      "type": "Feature",
      "properties": {
        "@id": "node/465200733",
        "name": "Peninsula House & Tebbutt's Observatory 1879 & 1894",
        "source": "Bing",
        "tourism": "museum"
      },
      "geometry": {
        "type": "Point",
        "coordinates": [
          150.8310395,
          -33.6067912
        ]
      },
      "id": "node/465200733"
    },
    {
      "type": "Feature",
      "properties": {
        "@id": "way/469659189",
        "addr:housenumber": "49",
        "addr:postcode": "2318",
        "addr:street": "Medowie Road",
        "name": "Fighter World",
        "opening_hours": "Mo-Su 10:00-16:00",
        "phone": "+61 2 4965 1810",
        "tourism": "museum",
        "website": "https://www.fighterworld.com.au/",
        "@geometry": "center"
      },
      "geometry": {
        "type": "Point",
        "coordinates": [
          151.8504352,
          -32.8030649
        ]
      },
      "id": "way/469659189"
    },
    {
      "type": "Feature",
      "properties": {
        "@id": "node/477310013",
        "addr:housenumber": "29",
        "addr:postcode": "4568",
        "addr:state": "QLD",
        "addr:street": "Factory Street",
        "addr:suburb": "Pomona",
        "email": "info@noosamuseum.org.au",
        "museum": "local",
        "name": "Noosa Shire Museum",
        "opening_hours": "Tu-Sa 10:00-15:00; Fr off",
        "phone": "+61 7 5485 1080",
        "start_date": "1985",
        "tourism": "museum",
        "website": "http://www.noosamuseum.org.au"
      },
      "geometry": {
        "type": "Point",
        "coordinates": [
          152.8561382,
          -26.3633925
        ]
      },
      "id": "node/477310013"
    },
    {
      "type": "Feature",
      "properties": {
        "@id": "way/478451086",
        "building": "yes",
        "name": "Granary Museum",
        "operator": "CBH Group",
        "tourism": "museum",
        "@geometry": "center"
      },
      "geometry": {
        "type": "Point",
        "coordinates": [
          115.7511157,
          -32.2584281
        ]
      },
      "id": "way/478451086"
    },
    {
      "type": "Feature",
      "properties": {
        "@id": "way/479009831",
        "addr:housenumber": "296",
        "addr:street": "Nicholson Street",
        "alt_name": "Polish House “Millennium”",
        "building": "yes",
        "museum": "history",
        "name": "Polish Museum and Archives in Australia",
        "name:pl": "Muzeum i Archiwum Polonii Australijskiej",
        "tourism": "museum",
        "website": "https://polishmuseumarchives.org.au/",
        "@geometry": "center"
      },
      "geometry": {
        "type": "Point",
        "coordinates": [
          144.8974616,
          -37.8097364
        ]
      },
      "id": "way/479009831"
    },
    {
      "type": "Feature",
      "properties": {
        "@id": "way/479966807",
        "addr:housenumber": "77",
        "addr:street": "Forrest Avenue",
        "building": "yes",
        "name": "King Cottage",
        "opening_hours": "Mo-Su 14:00-16:00",
        "tourism": "museum",
        "@geometry": "center"
      },
      "geometry": {
        "type": "Point",
        "coordinates": [
          115.6489312,
          -33.341121
        ]
      },
      "id": "way/479966807"
    },
    {
      "type": "Feature",
      "properties": {
        "@id": "way/481150313",
        "addr:postcode": "5276",
        "addr:street": "Royal Circus",
        "addr:suburb": "Robe",
        "building": "yes",
        "description": "A five sided Customs House built in 1863 of limestone and brick quoins.",
        "name": "Robe Customs House - National Trust",
        "note": "Adults $2.00,Children $0.50",
        "opening_hours": "Tu,Sa 14:00-16:00; Jan: Mo-Sa 14:00-16:00",
        "operator": "National Trust",
        "phone": "+61 8 8768 2419",
        "tourism": "museum",
        "website": "https://www.nationaltrust.org.au/places/robe-customs-house/",
        "@geometry": "center"
      },
      "geometry": {
        "type": "Point",
        "coordinates": [
          139.7525886,
          -37.1624639
        ]
      },
      "id": "way/481150313"
    },
    {
      "type": "Feature",
      "properties": {
        "@id": "way/482264918",
        "addr:housenumber": "76",
        "addr:postcode": "2830",
        "addr:street": "Wingewarra Street",
        "addr:suburb": "Dubbo",
        "building": "yes",
        "name": "Dubbo Regional Museum And History Centre",
        "source": "LPI NSW Imagery",
        "tourism": "museum",
        "@geometry": "center"
      },
      "geometry": {
        "type": "Point",
        "coordinates": [
          148.610104,
          -32.2498254
        ]
      },
      "id": "way/482264918"
    },
    {
      "type": "Feature",
      "properties": {
        "@id": "way/486362273",
        "building": "yes",
        "name": "Girringun Museum",
        "tourism": "museum",
        "@geometry": "center"
      },
      "geometry": {
        "type": "Point",
        "coordinates": [
          146.0162745,
          -18.2561191
        ]
      },
      "id": "way/486362273"
    },
    {
      "type": "Feature",
      "properties": {
        "@id": "way/487228459",
        "addr:housenumber": "111",
        "addr:postcode": "3113",
        "addr:state": "VIC",
        "addr:street": "Yarra Street",
        "addr:suburb": "Warrandyte",
        "building": "yes",
        "fee": "yes",
        "name": "Warrandyte Historical Society",
        "tourism": "museum",
        "@geometry": "center"
      },
      "geometry": {
        "type": "Point",
        "coordinates": [
          145.217933,
          -37.7386052
        ]
      },
      "id": "way/487228459"
    },
    {
      "type": "Feature",
      "properties": {
        "@id": "way/489670141",
        "name": "Silverton School Museum",
        "tourism": "museum",
        "@geometry": "center"
      },
      "geometry": {
        "type": "Point",
        "coordinates": [
          141.226154,
          -31.8868341
        ]
      },
      "id": "way/489670141"
    },
    {
      "type": "Feature",
      "properties": {
        "@id": "way/498426544",
        "building": "yes",
        "name": "Henry Kendall Historical Museum",
        "opening_hours": "We 10:00-15:00; Sa 10:00-15:00; Su 10:00-15:00",
        "tourism": "museum",
        "website": "http://henrykendallcottage.org.au",
        "@geometry": "center"
      },
      "geometry": {
        "type": "Point",
        "coordinates": [
          151.3145406,
          -33.4300559
        ]
      },
      "id": "way/498426544"
    },
    {
      "type": "Feature",
      "properties": {
        "@id": "way/498458564",
        "alt_name": "Alison Homestead",
        "building": "yes",
        "fee": "yes",
        "historic": "building",
        "name": "Wyong District Museum & Historical Society",
        "opening_hours": "Su-Th 10:00-14:00",
        "operator": "Wyong Historical Society",
        "tourism": "museum",
        "wheelchair": "limited",
        "@geometry": "center"
      },
      "geometry": {
        "type": "Point",
        "coordinates": [
          151.4066019,
          -33.274693
        ]
      },
      "id": "way/498458564"
    },
    {
      "type": "Feature",
      "properties": {
        "@id": "way/499738693",
        "addr:housenumber": "47",
        "addr:state": "QLD",
        "addr:street": "McIlwraith Street",
        "addr:suburb": "Cloncurry",
        "building": "yes",
        "name": "Cloncurry Unearthed Visitor Information Centre & Museum",
        "source": "bing",
        "tourism": "museum",
        "@geometry": "center"
      },
      "geometry": {
        "type": "Point",
        "coordinates": [
          140.5188643,
          -20.7089349
        ]
      },
      "id": "way/499738693"
    },
    {
      "type": "Feature",
      "properties": {
        "@id": "way/501092201",
        "addr:housenumber": "3",
        "addr:postcode": "5091",
        "addr:street": "Perseverance Road",
        "addr:suburb": "Tea Tree Gully",
        "building": "yes",
        "description": "Built in 1850's in the village Steventon, operated as the Highercombe Hotel for 24 years.",
        "fee": "yes",
        "name": "Old Highercombe Hotel And Folk Museum National Trust",
        "note": "Adults $5.00, Concession $4.00, Children Free, or groups by arrangement",
        "opening_hours": "Su[3] 13:00-16:00",
        "operator": "National Trust",
        "phone": "+61 8 8264 0309",
        "tourism": "museum",
        "website": "https://www.nationaltrust.org.au/places/tea-tree-gully-heritage-museum/",
        "wheelchair": "yes",
        "@geometry": "center"
      },
      "geometry": {
        "type": "Point",
        "coordinates": [
          138.7308046,
          -34.8221827
        ]
      },
      "id": "way/501092201"
    },
    {
      "type": "Feature",
      "properties": {
        "@id": "way/501354005",
        "building": "shed",
        "source": "survey",
        "tourism": "museum",
        "@geometry": "center"
      },
      "geometry": {
        "type": "Point",
        "coordinates": [
          149.1887384,
          -26.5871121
        ]
      },
      "id": "way/501354005"
    },
    {
      "type": "Feature",
      "properties": {
        "@id": "way/501354006",
        "building": "train_station",
        "historic": "building",
        "name": "Wallumbilla Railway Station",
        "source": "survey",
        "tourism": "museum",
        "wikidata": "Q14935590",
        "wikipedia": "en:Wallumbilla railway station",
        "@geometry": "center"
      },
      "geometry": {
        "type": "Point",
        "coordinates": [
          149.1879105,
          -26.5870148
        ]
      },
      "id": "way/501354006"
    },
    {
      "type": "Feature",
      "properties": {
        "@id": "way/502031318",
        "building": "yes",
        "name": "St. John Ambulance Museum",
        "operator": "St. Johns Ambulance",
        "tourism": "museum",
        "@geometry": "center"
      },
      "geometry": {
        "type": "Point",
        "coordinates": [
          144.8939086,
          -37.8673281
        ]
      },
      "id": "way/502031318"
    },
    {
      "type": "Feature",
      "properties": {
        "@id": "way/502661907",
        "addr:housenumber": "10",
        "addr:street": "Macpherson Street",
        "fee": "no",
        "name": "Carnamah Museum",
        "opening_hours": "Fr 13:30-16:00",
        "operator": "Carnamah Historical Society",
        "tourism": "museum",
        "wikipedia": "en:Carnamah Historical Society",
        "@geometry": "center"
      },
      "geometry": {
        "type": "Point",
        "coordinates": [
          115.8866099,
          -29.6887139
        ]
      },
      "id": "way/502661907"
    },
    {
      "type": "Feature",
      "properties": {
        "@id": "way/503474080",
        "building": "yes",
        "name": "Golden Grains Museum",
        "tourism": "museum",
        "@geometry": "center"
      },
      "geometry": {
        "type": "Point",
        "coordinates": [
          143.3483619,
          -36.2674868
        ]
      },
      "id": "way/503474080"
    },
    {
      "type": "Feature",
      "properties": {
        "@id": "node/504914787",
        "fee": "yes",
        "name": "James Cook Museum",
        "tourism": "museum"
      },
      "geometry": {
        "type": "Point",
        "coordinates": [
          145.2506461,
          -15.468966
        ]
      },
      "id": "node/504914787"
    },
    {
      "type": "Feature",
      "properties": {
        "@id": "way/511475443",
        "addr:housenumber": "1755",
        "addr:postcode": "7054",
        "addr:state": "TAS",
        "addr:street": "Channel Highway",
        "addr:suburb": "Margate",
        "building": "yes",
        "charge": "7.50 AUD",
        "check_date:opening_hours": "2025-12-08",
        "description": "We showcase the cultural, social, artistic, industrial life and history of the D’Entrecasteaux Channel area of Southern Tasmania.",
        "email": "secretary@channelmuseum.org.au",
        "fee": "yes",
        "museum": "local",
        "name": "Channel Museum",
        "opening_hours": "Mo-Su 10:00-15:00",
        "payment:cash": "yes",
        "payment:credit_cards": "yes",
        "phone": "+61 3 6267 2333",
        "tourism": "museum",
        "website": "https://channelmuseum.org.au",
        "wheelchair": "yes",
        "@geometry": "center"
      },
      "geometry": {
        "type": "Point",
        "coordinates": [
          147.2646232,
          -43.0298521
        ]
      },
      "id": "way/511475443"
    },
    {
      "type": "Feature",
      "properties": {
        "@id": "way/511507099",
        "building": "yes",
        "museum": "history",
        "name": "Benalla Migrant Camp Photographic Exhibition",
        "opening_hours": "Su [1] 10:00-15:00",
        "phone": "+61 439 001 918",
        "tourism": "museum",
        "website": "https://www.benalla.vic.gov.au/Upcoming-Events/Benalla-Migrant-Camp-Photographic-Exhibition",
        "@geometry": "center"
      },
      "geometry": {
        "type": "Point",
        "coordinates": [
          145.9997985,
          -36.5549836
        ]
      },
      "id": "way/511507099"
    },
    {
      "type": "Feature",
      "properties": {
        "@id": "way/511509675",
        "building": "yes",
        "tourism": "museum",
        "@geometry": "center"
      },
      "geometry": {
        "type": "Point",
        "coordinates": [
          145.7234005,
          -35.3550729
        ]
      },
      "id": "way/511509675"
    },
    {
      "type": "Feature",
      "properties": {
        "@id": "way/511520080",
        "building": "yes",
        "name": "Jerilderie and District Historical Museum",
        "tourism": "museum",
        "@geometry": "center"
      },
      "geometry": {
        "type": "Point",
        "coordinates": [
          145.7266325,
          -35.3548301
        ]
      },
      "id": "way/511520080"
    },
    {
      "type": "Feature",
      "properties": {
        "@id": "way/512173138",
        "building": "residential",
        "building:levels": "1",
        "name": "Nagambie Historical Society",
        "tourism": "museum",
        "@geometry": "center"
      },
      "geometry": {
        "type": "Point",
        "coordinates": [
          145.1550106,
          -36.7829392
        ]
      },
      "id": "way/512173138"
    },
    {
      "type": "Feature",
      "properties": {
        "@id": "way/524839408",
        "building": "yes",
        "name": "Coolgardie Railway Museum",
        "tourism": "museum",
        "wikidata": "Q66975002",
        "@geometry": "center"
      },
      "geometry": {
        "type": "Point",
        "coordinates": [
          121.1619627,
          -30.9563497
        ]
      },
      "id": "way/524839408"
    },
    {
      "type": "Feature",
      "properties": {
        "@id": "way/527746035",
        "building": "yes",
        "fee": "no",
        "name": "Town Carriage Museum",
        "tourism": "museum",
        "website": "https://www.peterborough.sa.gov.au/tourist-info/tcm",
        "wheelchair": "yes",
        "@geometry": "center"
      },
      "geometry": {
        "type": "Point",
        "coordinates": [
          138.8391166,
          -32.9734864
        ]
      },
      "id": "way/527746035"
    },
    {
      "type": "Feature",
      "properties": {
        "@id": "node/529082137",
        "fee": "yes",
        "name": "Hologram Zoo",
        "opening_hours": "Sa,Su 09:00-18:00",
        "tourism": "museum"
      },
      "geometry": {
        "type": "Point",
        "coordinates": [
          153.1006686,
          -27.4715604
        ]
      },
      "id": "node/529082137"
    },
    {
      "type": "Feature",
      "properties": {
        "@id": "way/532612475",
        "building": "yes",
        "name": "Braidwood Museum grounds",
        "tourism": "museum",
        "@geometry": "center"
      },
      "geometry": {
        "type": "Point",
        "coordinates": [
          149.7995351,
          -35.4404728
        ]
      },
      "id": "way/532612475"
    },
    {
      "type": "Feature",
      "properties": {
        "@id": "way/533297580",
        "building": "yes",
        "fee": "no",
        "name": "Maldon Vintage Machinery Museum",
        "opening_hours:signed": "no",
        "tourism": "museum",
        "@geometry": "center"
      },
      "geometry": {
        "type": "Point",
        "coordinates": [
          144.0717277,
          -36.997852
        ]
      },
      "id": "way/533297580"
    },
    {
      "type": "Feature",
      "properties": {
        "@id": "way/535060838",
        "building": "warehouse",
        "name": "Landseer Building",
        "opening_hours": "Mo-Fr 10:00-16:00",
        "operator": "Morgan Museum",
        "tourism": "museum",
        "wheelchair": "yes",
        "@geometry": "center"
      },
      "geometry": {
        "type": "Point",
        "coordinates": [
          139.6701531,
          -34.0368878
        ]
      },
      "id": "way/535060838"
    },
    {
      "type": "Feature",
      "properties": {
        "@id": "node/537640523",
        "access": "yes",
        "addr:housenumber": "0",
        "addr:street": "Flinders Parade",
        "amenity": "toilets",
        "fee": "no",
        "operator": "National Trust",
        "toilets:disposal": "flush",
        "tourism": "museum",
        "unisex": "yes",
        "wheelchair": "yes"
      },
      "geometry": {
        "type": "Point",
        "coordinates": [
          138.6251391,
          -35.5564877
        ]
      },
      "id": "node/537640523"
    },
    {
      "type": "Feature",
      "properties": {
        "@id": "way/542666159",
        "addr:postcode": "4680",
        "addr:street": "Flinders Parade",
        "name": "H.M.A.S. Glastone",
        "operator": "Gladstone Maritime Museum",
        "tourism": "museum",
        "@geometry": "center"
      },
      "geometry": {
        "type": "Point",
        "coordinates": [
          151.2528274,
          -23.8331574
        ]
      },
      "id": "way/542666159"
    },
    {
      "type": "Feature",
      "properties": {
        "@id": "way/543401221",
        "building": "yes",
        "name": "Weindorfer's Chalet",
        "source": "bing",
        "tourism": "museum",
        "@geometry": "center"
      },
      "geometry": {
        "type": "Point",
        "coordinates": [
          145.9436566,
          -41.6386132
        ]
      },
      "id": "way/543401221"
    },
    {
      "type": "Feature",
      "properties": {
        "@id": "way/543606431",
        "museum": "history",
        "name": "Jondaryan Woolshed",
        "start_date": "1859",
        "tourism": "museum",
        "website": "http://www.jondaryanwoolshed.com/",
        "wikidata": "Q18385711",
        "wikipedia": "en:Jondaryan Woolshed",
        "@geometry": "center"
      },
      "geometry": {
        "type": "Point",
        "coordinates": [
          151.5729254,
          -27.3924216
        ]
      },
      "id": "way/543606431"
    },
    {
      "type": "Feature",
      "properties": {
        "@id": "way/543668135",
        "addr:housenumber": "54",
        "addr:street": "McKee Street",
        "building": "museum",
        "name": "Beaudesert Historical Museum",
        "opening_hours": "Mo-Su 09:00-16:00; Dec 25 off",
        "tourism": "museum",
        "@geometry": "center"
      },
      "geometry": {
        "type": "Point",
        "coordinates": [
          152.995546,
          -27.9915835
        ]
      },
      "id": "way/543668135"
    },
    {
      "type": "Feature",
      "properties": {
        "@id": "way/544282453",
        "building": "yes",
        "name": "Agnes Water Museum",
        "opening_hours": "Mo-Su 09:00-14:00",
        "tourism": "museum",
        "@geometry": "center"
      },
      "geometry": {
        "type": "Point",
        "coordinates": [
          151.9099572,
          -24.2122807
        ]
      },
      "id": "way/544282453"
    },
    {
      "type": "Feature",
      "properties": {
        "@id": "way/544994521",
        "building": "house",
        "name": "Ballam Park Homestead",
        "operator": "Frankston Historical Society",
        "tourism": "museum",
        "website": "http://www.frankstonhs.org.au/",
        "@geometry": "center"
      },
      "geometry": {
        "type": "Point",
        "coordinates": [
          145.1606302,
          -38.1520443
        ]
      },
      "id": "way/544994521"
    },
    {
      "type": "Feature",
      "properties": {
        "@id": "way/545820212",
        "building": "yes",
        "image": "https://commons.wikimedia.org/wiki/File:PortVictoriaMaritimeMuseum.JPG",
        "name": "Port Victoria Maritime Museum",
        "tourism": "museum",
        "@geometry": "center"
      },
      "geometry": {
        "type": "Point",
        "coordinates": [
          137.4823864,
          -34.4960725
        ]
      },
      "id": "way/545820212"
    },
    {
      "type": "Feature",
      "properties": {
        "@id": "way/547535580",
        "addr:housenumber": "2",
        "addr:postcode": "4878",
        "addr:state": "QLD",
        "addr:street": "Skyrail Drive",
        "building": "yes",
        "contact:facebook": "ausarmour",
        "contact:instagram": "ausarmour",
        "email": "info@ausarmour.com",
        "name": "The Australian Armour & Artillery Museum",
        "opening_hours": "Mo-Su 09:30-16:30",
        "phone": "+61 7 4038 1665",
        "tourism": "museum",
        "website": "https://ausarmour.com/",
        "@geometry": "center"
      },
      "geometry": {
        "type": "Point",
        "coordinates": [
          145.6949054,
          -16.8504087
        ]
      },
      "id": "way/547535580"
    },
    {
      "type": "Feature",
      "properties": {
        "@id": "way/551031738",
        "building": "yes",
        "museum": "history",
        "name": "Yandina Historic House",
        "opening_hours": "Mo-Fr 10:00-13:00",
        "tourism": "museum",
        "@geometry": "center"
      },
      "geometry": {
        "type": "Point",
        "coordinates": [
          152.9595853,
          -26.5578314
        ]
      },
      "id": "way/551031738"
    },
    {
      "type": "Feature",
      "properties": {
        "@id": "way/551609114",
        "building": "yes",
        "historic": "pumping_station",
        "name": "Mundaring No.1 Pump Station Goldfields Water Supply Scheme",
        "tourism": "museum",
        "wikidata": "Q92249403",
        "@geometry": "center"
      },
      "geometry": {
        "type": "Point",
        "coordinates": [
          116.1631472,
          -31.9558863
        ]
      },
      "id": "way/551609114"
    },
    {
      "type": "Feature",
      "properties": {
        "@id": "way/552963155",
        "building": "yes",
        "name": "National Trust Museum and Gift Shop",
        "tourism": "museum",
        "@geometry": "center"
      },
      "geometry": {
        "type": "Point",
        "coordinates": [
          138.6246907,
          -35.5562802
        ]
      },
      "id": "way/552963155"
    },
    {
      "type": "Feature",
      "properties": {
        "@id": "way/554364976",
        "building": "yes",
        "name": "The Warehouse",
        "tourism": "museum",
        "@geometry": "center"
      },
      "geometry": {
        "type": "Point",
        "coordinates": [
          143.7860493,
          -37.293646
        ]
      },
      "id": "way/554364976"
    },
    {
      "type": "Feature",
      "properties": {
        "@id": "way/554364977",
        "building": "yes",
        "name": "Clunes Museum",
        "tourism": "museum",
        "@geometry": "center"
      },
      "geometry": {
        "type": "Point",
        "coordinates": [
          143.7862631,
          -37.2936825
        ]
      },
      "id": "way/554364977"
    },
    {
      "type": "Feature",
      "properties": {
        "@id": "way/554367091",
        "addr:housenumber": "70",
        "addr:postcode": "3370",
        "addr:state": "VIC",
        "addr:street": "Bailey Street",
        "addr:suburb": "Clunes",
        "building": "yes",
        "museum": "history",
        "name": "Lee Medlyn Bottle Museum",
        "operator": "Clunes Neighbourhood House",
        "operator:type": "community",
        "tourism": "museum",
        "@geometry": "center"
      },
      "geometry": {
        "type": "Point",
        "coordinates": [
          143.7805522,
          -37.2940783
        ]
      },
      "id": "way/554367091"
    },
    {
      "type": "Feature",
      "properties": {
        "@id": "way/555030455",
        "addr:housenumber": "176",
        "addr:street": "Allingham Street",
        "building": "military",
        "building:levels": "1",
        "check_date": "2023-03-21",
        "fee": "no",
        "name": "12th/16th Hunter River Lancers Museum",
        "opening_hours": "\"by appointment\"",
        "roof:shape": "hipped",
        "tourism": "museum",
        "wheelchair": "no",
        "@geometry": "center"
      },
      "geometry": {
        "type": "Point",
        "coordinates": [
          151.6582062,
          -30.5197199
        ]
      },
      "id": "way/555030455"
    },
    {
      "type": "Feature",
      "properties": {
        "@id": "way/556624324",
        "building": "railway",
        "check_date:opening_hours": "2023-07-05",
        "fee": "yes",
        "name": "Armidale Bicentennial Railway Museum",
        "opening_hours": "Mo-Fr 11:00-12:30",
        "tourism": "museum",
        "wheelchair": "yes",
        "@geometry": "center"
      },
      "geometry": {
        "type": "Point",
        "coordinates": [
          151.6512414,
          -30.5146689
        ]
      },
      "id": "way/556624324"
    },
    {
      "type": "Feature",
      "properties": {
        "@id": "way/558236375",
        "addr:housenumber": "92",
        "addr:street": "Norris Bell Avenue",
        "name": "National Road Transport Hall of Fame",
        "phone": "+61 8 8953 8940",
        "tourism": "museum",
        "website": "https://roadtransporthall.com/",
        "wikidata": "Q6978131",
        "@geometry": "center"
      },
      "geometry": {
        "type": "Point",
        "coordinates": [
          133.8667688,
          -23.7760319
        ]
      },
      "id": "way/558236375"
    },
    {
      "type": "Feature",
      "properties": {
        "@id": "way/558236376",
        "building": "yes",
        "name": "Old Ghan Museum",
        "tourism": "museum",
        "wikidata": "Q2018366",
        "@geometry": "center"
      },
      "geometry": {
        "type": "Point",
        "coordinates": [
          133.867549,
          -23.7771223
        ]
      },
      "id": "way/558236376"
    },
    {
      "type": "Feature",
      "properties": {
        "@id": "way/560263256",
        "name": "Wheatlands Warracknabeal Agricultural Machinery Museum",
        "tourism": "museum",
        "@geometry": "center"
      },
      "geometry": {
        "type": "Point",
        "coordinates": [
          142.4066276,
          -36.2614833
        ]
      },
      "id": "way/560263256"
    },
    {
      "type": "Feature",
      "properties": {
        "@id": "way/561911023",
        "addr:housenumber": "13-15",
        "addr:postcode": "2193",
        "addr:street": "Church Street",
        "addr:suburb": "Canterbury",
        "building": "yes",
        "name": "Beulah Vista",
        "tourism": "museum",
        "@geometry": "center"
      },
      "geometry": {
        "type": "Point",
        "coordinates": [
          151.1235378,
          -33.9076768
        ]
      },
      "id": "way/561911023"
    },
    {
      "type": "Feature",
      "properties": {
        "@id": "way/562111807",
        "building": "yes",
        "name": "Lake Boga Flying Boat Museum",
        "tourism": "museum",
        "@geometry": "center"
      },
      "geometry": {
        "type": "Point",
        "coordinates": [
          143.6275821,
          -35.4508962
        ]
      },
      "id": "way/562111807"
    },
    {
      "type": "Feature",
      "properties": {
        "@id": "way/563005828",
        "addr:housenumber": "7",
        "addr:postcode": "3550",
        "addr:state": "VIC",
        "addr:street": "Railway Place",
        "addr:suburb": "Bendigo",
        "building": "yes",
        "museum": "science",
        "name": "Discovery Science & Technology Centre",
        "name:en": "Discovery Science & Technology Centre",
        "tourism": "museum",
        "website": "https://discovery.asn.au/",
        "@geometry": "center"
      },
      "geometry": {
        "type": "Point",
        "coordinates": [
          144.2822003,
          -36.7649582
        ]
      },
      "id": "way/563005828"
    },
    {
      "type": "Feature",
      "properties": {
        "@id": "way/563180600",
        "addr:postcode": "2577",
        "addr:state": "NSW",
        "addr:street": "Market Place",
        "addr:suburb": "Berrima",
        "building": "yes",
        "name": "Berrima District Historical & Family History Society Museum",
        "opening_hours": "We-Su 10:00-16:00",
        "phone": "+61 2 4877 1130",
        "tourism": "museum",
        "website": "https://www.berrimadistricthistoricalsociety.org.au/",
        "@geometry": "center"
      },
      "geometry": {
        "type": "Point",
        "coordinates": [
          150.3322723,
          -34.4905608
        ]
      },
      "id": "way/563180600"
    },
    {
      "type": "Feature",
      "properties": {
        "@id": "way/563455636",
        "air_conditioning": "yes",
        "check_date": "2026-07-23",
        "check_date:opening_hours": "2026-06-07",
        "contact:facebook": "wamuseum",
        "contact:instagram": "wamuseum",
        "email": "reception@museum.wa.gov.au",
        "internet_access": "wlan",
        "level": "0;1;2;3",
        "name": "Western Australian Museum Boola Bardip",
        "opening_hours": "Mo-Su 09:30-17:00",
        "operator:type": "public/government",
        "phone": "+61 8 9431 8413",
        "phone:AU": "1300 134 081",
        "tourism": "museum",
        "website": "https://museum.wa.gov.au/",
        "wheelchair": "yes",
        "wikidata": "Q3567483",
        "wikimedia_commons": "Category:Western Australian Museum",
        "wikipedia": "en:Western Australian Museum",
        "@geometry": "center"
      },
      "geometry": {
        "type": "Point",
        "coordinates": [
          115.8617986,
          -31.9494585
        ]
      },
      "id": "way/563455636"
    },
    {
      "type": "Feature",
      "properties": {
        "@id": "node/566151351",
        "addr:housenumber": "72",
        "addr:postcode": "3820",
        "addr:state": "VIC",
        "addr:street": "Queen Street",
        "addr:suburb": "Warragul",
        "fee": "donation",
        "museum": "local",
        "name": "Warragul & District Historical Society Museum",
        "opening_hours": "Feb-Nov: Su[2],Su[4] 14:00-16:00; Feb-Nov: Th 10:00-14:00",
        "operator": "Warragul & District Historical Society",
        "operator:type": "community",
        "phone": "+61 3 5604 7560",
        "tourism": "museum",
        "website": "https://warragulhistory.org.au/"
      },
      "geometry": {
        "type": "Point",
        "coordinates": [
          145.9310201,
          -38.1638535
        ]
      },
      "id": "node/566151351"
    },
    {
      "type": "Feature",
      "properties": {
        "@id": "node/566701872",
        "fee": "yes",
        "name": "HMAS Castlemaine",
        "tourism": "museum",
        "website": "https://www.hmascastlemaine.org.au/"
      },
      "geometry": {
        "type": "Point",
        "coordinates": [
          144.9056847,
          -37.8610279
        ]
      },
      "id": "node/566701872"
    },
    {
      "type": "Feature",
      "properties": {
        "@id": "way/567412708",
        "addr:housenumber": "124",
        "addr:street": "Faulkner Street",
        "building": "commercial",
        "building:levels": "1",
        "check_date": "2025-05-26",
        "check_date:opening_hours": "2023-08-28",
        "fee": "yes",
        "name": "Armidale Folk Museum",
        "opening_hours": "Mo,We-Su 11:00-14:00; Tu off",
        "roof:levels": "0",
        "roof:shape": "hipped",
        "source": "NSW LPI Base Map",
        "source:date": "2016-08",
        "tourism": "museum",
        "wheelchair": "no",
        "@geometry": "center"
      },
      "geometry": {
        "type": "Point",
        "coordinates": [
          151.6665371,
          -30.5147503
        ]
      },
      "id": "way/567412708"
    },
    {
      "type": "Feature",
      "properties": {
        "@id": "node/568839915",
        "name": "Museum of Central Australia & Strehlow Research Center",
        "opening_hours": "Mo-Fr 10:00-16:00; Sa, Su 11:00-16:00",
        "tourism": "museum",
        "website": "https://www.magnt.net.au/"
      },
      "geometry": {
        "type": "Point",
        "coordinates": [
          133.8641986,
          -23.7012451
        ]
      },
      "id": "node/568839915"
    },
    {
      "type": "Feature",
      "properties": {
        "@id": "node/570812830",
        "name": "George Hanna Museum",
        "tourism": "museum"
      },
      "geometry": {
        "type": "Point",
        "coordinates": [
          151.1936405,
          -33.9300974
        ]
      },
      "id": "node/570812830"
    },
    {
      "type": "Feature",
      "properties": {
        "@id": "node/577556061",
        "name": "Furneaux Museum",
        "note": "also open public holidays",
        "opening_hours": "Sa-Su 13:00-17:00",
        "source:name": "voice",
        "tourism": "museum"
      },
      "geometry": {
        "type": "Point",
        "coordinates": [
          147.898475,
          -40.0011241
        ]
      },
      "id": "node/577556061"
    },
    {
      "type": "Feature",
      "properties": {
        "@id": "way/579857428",
        "addr:postcode": "3030",
        "addr:state": "VIC",
        "addr:street": "Geelong Road",
        "addr:suburb": "Werribee",
        "building": "hangar",
        "name": "B-24 Liberator Museum",
        "opening_hours": "Tu,Th,Su 09:30-15:30",
        "operator": "B-24 Liberator Restoration Australia",
        "tourism": "museum",
        "website": "https://www.b24australia.org.au/",
        "@geometry": "center"
      },
      "geometry": {
        "type": "Point",
        "coordinates": [
          144.6458239,
          -37.9080873
        ]
      },
      "id": "way/579857428"
    },
    {
      "type": "Feature",
      "properties": {
        "@id": "way/580871813",
        "addr:housenumber": "23",
        "addr:postcode": "5275",
        "addr:street": "Cooke Street",
        "addr:suburb": "Kingston SE",
        "building": "yes",
        "description": "The museum features many pioneer items connected with local history including ship wreck artefacts.",
        "name": "Kingston National Trust Museum",
        "opening_hours": "SH 14:00-16:00 || \"by appointment\"",
        "operator": "National Trust",
        "phone": "+61 8 8767 2033",
        "tourism": "museum",
        "website": "https://www.nationaltrust.org.au/places/kingston-national-trust-museum/",
        "@geometry": "center"
      },
      "geometry": {
        "type": "Point",
        "coordinates": [
          139.8501519,
          -36.831292
        ]
      },
      "id": "way/580871813"
    },
    {
      "type": "Feature",
      "properties": {
        "@id": "way/581776793",
        "addr:housenumber": "51-53",
        "addr:postcode": "4480",
        "addr:state": "QLD",
        "addr:street": "Brolga Street",
        "addr:suburb": "Quilpie",
        "building": "yes",
        "museum": "war",
        "name": "Quilpie Shire Military History Museum",
        "tourism": "museum",
        "@geometry": "center"
      },
      "geometry": {
        "type": "Point",
        "coordinates": [
          144.2676606,
          -26.6135111
        ]
      },
      "id": "way/581776793"
    },
    {
      "type": "Feature",
      "properties": {
        "@id": "node/581903216",
        "name": "John Flynn Place",
        "source": "survey",
        "tourism": "museum"
      },
      "geometry": {
        "type": "Point",
        "coordinates": [
          140.5086031,
          -20.7042256
        ]
      },
      "id": "node/581903216"
    },
    {
      "type": "Feature",
      "properties": {
        "@id": "node/582709185",
        "name": "Hervey Bay Historical Village & Museum",
        "opening_hours": "Fr-Sa 13:00-16:30; Su 10:30-16:30",
        "tourism": "museum"
      },
      "geometry": {
        "type": "Point",
        "coordinates": [
          152.8484522,
          -25.2831948
        ]
      },
      "id": "node/582709185"
    },
    {
      "type": "Feature",
      "properties": {
        "@id": "way/583630311",
        "building": "yes",
        "name": "Townsville Museum",
        "tourism": "museum",
        "@geometry": "center"
      },
      "geometry": {
        "type": "Point",
        "coordinates": [
          146.7840324,
          -19.2799138
        ]
      },
      "id": "way/583630311"
    },
    {
      "type": "Feature",
      "properties": {
        "@id": "way/584042215",
        "building": "museum",
        "check_date": "2025-01-08",
        "check_date:opening_hours": "2023-08-01",
        "fee": "no",
        "museum": "art",
        "name": "New England Regional Art Museum",
        "opening_hours": "Mo off; Tu-Su 10:00-16:00",
        "phone": "+61 2 6772 5255",
        "tourism": "museum",
        "website": "https://www.neram.com.au",
        "wheelchair": "yes",
        "@geometry": "center"
      },
      "geometry": {
        "type": "Point",
        "coordinates": [
          151.6648747,
          -30.5252662
        ]
      },
      "id": "way/584042215"
    },
    {
      "type": "Feature",
      "properties": {
        "@id": "way/593639432",
        "addr:housenumber": "136",
        "addr:street": "Railway Parade",
        "addr:suburb": "Bassendean",
        "landuse": "industrial",
        "name": "Railway Museum",
        "tourism": "museum",
        "wikidata": "Q7987539",
        "wikipedia": "en:Western Australian Rail Transport Museum",
        "@geometry": "center"
      },
      "geometry": {
        "type": "Point",
        "coordinates": [
          115.9387861,
          -31.9096384
        ]
      },
      "id": "way/593639432"
    },
    {
      "type": "Feature",
      "properties": {
        "@id": "way/593958153",
        "addr:housenumber": "2-10",
        "addr:postcode": "2478",
        "addr:state": "NSW",
        "addr:street": "Regatta Avenue",
        "addr:suburb": "Ballina",
        "building": "yes",
        "museum": "history",
        "name": "Ballina Naval and Maritime Museum",
        "source:building": "LPI Imagery June 2018",
        "tourism": "museum",
        "@geometry": "center"
      },
      "geometry": {
        "type": "Point",
        "coordinates": [
          153.564451,
          -28.8732308
        ]
      },
      "id": "way/593958153"
    },
    {
      "type": "Feature",
      "properties": {
        "@id": "node/594365265",
        "addr:housenumber": "20",
        "addr:postcode": "3002",
        "addr:state": "VIC",
        "addr:street": "Spring Street",
        "addr:suburb": "East Melbourne",
        "fee": "no",
        "museum": "history",
        "name": "Old Treasury Building Museum",
        "opening_hours": "Su-Fr 10:00-16:00",
        "tourism": "museum",
        "website": "https://www.oldtreasurybuilding.org.au/",
        "wheelchair": "yes"
      },
      "geometry": {
        "type": "Point",
        "coordinates": [
          144.9743546,
          -37.8131993
        ]
      },
      "id": "node/594365265"
    },
    {
      "type": "Feature",
      "properties": {
        "@id": "node/595504813",
        "addr:housenumber": "39",
        "addr:street": "Gisborne Street",
        "check_date:opening_hours": "2024-10-21",
        "fee": "yes",
        "name": "Fire Services Museum",
        "opening_hours": "Th-Fr 09:00-15:00; Su 10:00-16:00",
        "phone": "+61 3 9662 2907",
        "start_date": "1979-09",
        "tourism": "museum",
        "website": "https://www.fsmv.net.au/",
        "wheelchair": "yes",
        "wikidata": "Q5330187"
      },
      "geometry": {
        "type": "Point",
        "coordinates": [
          144.9754517,
          -37.8085973
        ]
      },
      "id": "node/595504813"
    },
    {
      "type": "Feature",
      "properties": {
        "@id": "node/596836924",
        "name": "Gold Coast War Museum",
        "phone": "+61 7 5530 5222",
        "tourism": "museum",
        "website": "https://www.goldcoastwarmuseum.com.au/"
      },
      "geometry": {
        "type": "Point",
        "coordinates": [
          153.3265716,
          -28.099164
        ]
      },
      "id": "node/596836924"
    },
    {
      "type": "Feature",
      "properties": {
        "@id": "way/598287981",
        "addr:housenumber": "69",
        "addr:street": "Methven Street",
        "building": "yes",
        "building:levels": "2",
        "museum": "small arms",
        "name": "Lithgow Small Arms Factory Museum",
        "source:building": "LPI Base Map June 2018",
        "tourism": "museum",
        "website": "https://www.lithgowsafmuseum.org.au/index.html",
        "@geometry": "center"
      },
      "geometry": {
        "type": "Point",
        "coordinates": [
          150.1419413,
          -33.4876124
        ]
      },
      "id": "way/598287981"
    },
    {
      "type": "Feature",
      "properties": {
        "@id": "way/598667910",
        "addr:housenumber": "7-11",
        "addr:postcode": "3564",
        "addr:state": "VIC",
        "addr:street": "Warren Street",
        "addr:suburb": "Echuca",
        "building": "yes",
        "museum": "Vehicle",
        "name": "Holden Museum",
        "phone": "+61 3 5480 2033",
        "tourism": "museum",
        "website": "https://www.holdenmuseum.com.au/",
        "@geometry": "center"
      },
      "geometry": {
        "type": "Point",
        "coordinates": [
          144.7452013,
          -36.1202318
        ]
      },
      "id": "way/598667910"
    },
    {
      "type": "Feature",
      "properties": {
        "@id": "node/600174861",
        "name": "Rosebery Heritage Center",
        "tourism": "museum"
      },
      "geometry": {
        "type": "Point",
        "coordinates": [
          145.5411511,
          -41.7787288
        ]
      },
      "id": "node/600174861"
    },
    {
      "type": "Feature",
      "properties": {
        "@id": "way/602551052",
        "building": "yes",
        "fee": "no",
        "name": "Armadale History House Museum",
        "tourism": "museum",
        "@geometry": "center"
      },
      "geometry": {
        "type": "Point",
        "coordinates": [
          116.0173166,
          -32.1496135
        ]
      },
      "id": "way/602551052"
    },
    {
      "type": "Feature",
      "properties": {
        "@id": "node/611984584",
        "addr:housenumber": "380",
        "addr:postcode": "3000",
        "addr:street": "Collins Street",
        "addr:suburb": "Melbourne",
        "email": "museum@anz.com",
        "fee": "no",
        "museum": "local_history",
        "name": "ANZ Banking Museum",
        "opening_hours": "Mo-Fr 09:30-16:00",
        "operator": "ANZ",
        "tourism": "museum",
        "website": "https://www.anz.com/shareholder/centre/about/history/banking-museum/",
        "wheelchair": "no",
        "wikidata": "Q53695886"
      },
      "geometry": {
        "type": "Point",
        "coordinates": [
          144.9618691,
          -37.8166273
        ]
      },
      "id": "node/611984584"
    },
    {
      "type": "Feature",
      "properties": {
        "@id": "way/618190113",
        "building": "yes",
        "name": "Yamba Museum",
        "tourism": "museum",
        "@geometry": "center"
      },
      "geometry": {
        "type": "Point",
        "coordinates": [
          153.3609729,
          -29.4405635
        ]
      },
      "id": "way/618190113"
    },
    {
      "type": "Feature",
      "properties": {
        "@id": "way/618202262",
        "addr:housenumber": "246",
        "addr:street": "Marine Terrace",
        "building": "yes",
        "tourism": "museum",
        "wikidata": "Q66975854",
        "@geometry": "center"
      },
      "geometry": {
        "type": "Point",
        "coordinates": [
          114.6056497,
          -28.7756718
        ]
      },
      "id": "way/618202262"
    },
    {
      "type": "Feature",
      "properties": {
        "@id": "node/619159234",
        "fee": "yes",
        "museum": "railway",
        "name": "Junee Roundhouse Museum",
        "tourism": "museum",
        "website": "https://roundhousemuseum.com.au/",
        "wikidata": "Q6312503",
        "wikipedia": "en:Junee Roundhouse Railway Museum"
      },
      "geometry": {
        "type": "Point",
        "coordinates": [
          147.5790346,
          -34.8835105
        ]
      },
      "id": "node/619159234"
    },
    {
      "type": "Feature",
      "properties": {
        "@id": "way/621349045",
        "addr:housenumber": "2896",
        "addr:postcode": "2325",
        "addr:state": "NSW",
        "addr:street": "Wollombi Road",
        "addr:suburb": "Wollombi",
        "alt_name": "Historic Wollombi Courthouse",
        "building": "yes",
        "contact:phone": "+61 2 4998 3375",
        "name": "Wollombi Endeavour Museum",
        "operator": "Cessnock District Historical and Family History Inc.",
        "tourism": "museum",
        "was:amenity": "courthouse",
        "@geometry": "center"
      },
      "geometry": {
        "type": "Point",
        "coordinates": [
          151.1408718,
          -32.9379907
        ]
      },
      "id": "way/621349045"
    },
    {
      "type": "Feature",
      "properties": {
        "@id": "node/621867600",
        "name": "Oakabella Homestead",
        "tourism": "museum"
      },
      "geometry": {
        "type": "Point",
        "coordinates": [
          114.5996739,
          -28.5001294
        ]
      },
      "id": "node/621867600"
    },
    {
      "type": "Feature",
      "properties": {
        "@id": "way/624169546",
        "building": "yes",
        "museum": "military",
        "name": "Australian Army Museum of Military Engineering",
        "opening_hours": "Tu,Th 10:30-13:30",
        "tourism": "museum",
        "@geometry": "center"
      },
      "geometry": {
        "type": "Point",
        "coordinates": [
          150.9600865,
          -33.9644478
        ]
      },
      "id": "way/624169546"
    },
    {
      "type": "Feature",
      "properties": {
        "@id": "way/626213109",
        "addr:street": "Molloy Road",
        "building": "yes",
        "name": "Royal Australian Corps of Signals Museum",
        "tourism": "museum",
        "website": "https://aumuseums.com/vic/royal-australian-corps-signals-museum",
        "@geometry": "center"
      },
      "geometry": {
        "type": "Point",
        "coordinates": [
          145.0936624,
          -37.722139
        ]
      },
      "id": "way/626213109"
    },
    {
      "type": "Feature",
      "properties": {
        "@id": "node/630366890",
        "name": "Kate's Cottage",
        "tourism": "museum"
      },
      "geometry": {
        "type": "Point",
        "coordinates": [
          146.2213866,
          -36.4639558
        ]
      },
      "id": "node/630366890"
    },
    {
      "type": "Feature",
      "properties": {
        "@id": "way/630962667",
        "addr:housenumber": "67",
        "addr:postcode": "5051",
        "addr:state": "SA",
        "addr:street": "Winns Road",
        "addr:suburb": "Coromandel Valley",
        "air_conditioning": "no",
        "building": "yes",
        "building:levels": "1",
        "caretaker": "National Trust",
        "description": "Historic 1800s bakery now property of Mitcham Council and leased to National for use a museum",
        "museum": "history",
        "name": "Winns Bakehouse Museum",
        "operator": "National Trust of South Australia Coromandl Valley Branch",
        "operator:type": "community",
        "tourism": "museum",
        "@geometry": "center"
      },
      "geometry": {
        "type": "Point",
        "coordinates": [
          138.6233654,
          -35.0363711
        ]
      },
      "id": "way/630962667"
    },
    {
      "type": "Feature",
      "properties": {
        "@id": "way/633191071",
        "building": "yes",
        "name": "School Museum and Archives",
        "tourism": "museum",
        "@geometry": "center"
      },
      "geometry": {
        "type": "Point",
        "coordinates": [
          151.9686044,
          -27.5656358
        ]
      },
      "id": "way/633191071"
    },
    {
      "type": "Feature",
      "properties": {
        "@id": "way/638683980",
        "building": "yes",
        "name": "Pernechele's Ford Family Museum",
        "opening_hours": "\"on appointment\"",
        "tourism": "museum",
        "website": "https://www.fordfarm.com.au/",
        "@geometry": "center"
      },
      "geometry": {
        "type": "Point",
        "coordinates": [
          116.2801297,
          -31.7229233
        ]
      },
      "id": "way/638683980"
    },
    {
      "type": "Feature",
      "properties": {
        "@id": "way/640815115",
        "building": "yes",
        "name": "Bindoon Museum",
        "tourism": "museum",
        "@geometry": "center"
      },
      "geometry": {
        "type": "Point",
        "coordinates": [
          116.0939124,
          -31.4163828
        ]
      },
      "id": "way/640815115"
    },
    {
      "type": "Feature",
      "properties": {
        "@id": "way/640815116",
        "building": "yes",
        "name": "Bindoon Museum",
        "tourism": "museum",
        "@geometry": "center"
      },
      "geometry": {
        "type": "Point",
        "coordinates": [
          116.0935104,
          -31.4154401
        ]
      },
      "id": "way/640815116"
    },
    {
      "type": "Feature",
      "properties": {
        "@id": "way/647962911",
        "building": "yes",
        "name": "Centenary Cottage Museum",
        "tourism": "museum",
        "@geometry": "center"
      },
      "geometry": {
        "type": "Point",
        "coordinates": [
          152.0213687,
          -29.0529573
        ]
      },
      "id": "way/647962911"
    },
    {
      "type": "Feature",
      "properties": {
        "@id": "way/647962912",
        "building": "yes",
        "tourism": "museum",
        "@geometry": "center"
      },
      "geometry": {
        "type": "Point",
        "coordinates": [
          152.0212452,
          -29.0529395
        ]
      },
      "id": "way/647962912"
    },
    {
      "type": "Feature",
      "properties": {
        "@id": "way/647962913",
        "building": "yes",
        "tourism": "museum",
        "@geometry": "center"
      },
      "geometry": {
        "type": "Point",
        "coordinates": [
          152.021111,
          -29.052875
        ]
      },
      "id": "way/647962913"
    },
    {
      "type": "Feature",
      "properties": {
        "@id": "way/647962914",
        "building": "yes",
        "name": "Petrie Cottage",
        "operator": "Tenterfield and District Historical Society",
        "tourism": "museum",
        "@geometry": "center"
      },
      "geometry": {
        "type": "Point",
        "coordinates": [
          152.0213284,
          -29.0528436
        ]
      },
      "id": "way/647962914"
    },
    {
      "type": "Feature",
      "properties": {
        "@id": "way/648607037",
        "building": "yes",
        "museum": "railway",
        "name": "Collie Railway and Mining Museum",
        "tourism": "museum",
        "train": "yes",
        "@geometry": "center"
      },
      "geometry": {
        "type": "Point",
        "coordinates": [
          116.1547568,
          -33.3600366
        ]
      },
      "id": "way/648607037"
    },
    {
      "type": "Feature",
      "properties": {
        "@id": "node/648876138",
        "name": "Tatura Irrigation and Wartime Camps Museum",
        "tourism": "museum"
      },
      "geometry": {
        "type": "Point",
        "coordinates": [
          145.2225049,
          -36.4399611
        ]
      },
      "id": "node/648876138"
    },
    {
      "type": "Feature",
      "properties": {
        "@id": "way/649855312",
        "building": "yes",
        "fee": "yes",
        "name": "Matron's Quarters",
        "tourism": "museum",
        "@geometry": "center"
      },
      "geometry": {
        "type": "Point",
        "coordinates": [
          147.2999121,
          -42.8938718
        ]
      },
      "id": "way/649855312"
    },
    {
      "type": "Feature",
      "properties": {
        "@id": "way/651818853",
        "building": "civic",
        "name": "School of Arts",
        "source": "NSW LPI Base Map",
        "source:date": "2016-08",
        "tourism": "museum",
        "@geometry": "center"
      },
      "geometry": {
        "type": "Point",
        "coordinates": [
          152.018902,
          -29.0556896
        ]
      },
      "id": "way/651818853"
    },
    {
      "type": "Feature",
      "properties": {
        "@id": "node/653304921",
        "tourism": "museum"
      },
      "geometry": {
        "type": "Point",
        "coordinates": [
          145.6094659,
          -37.7806616
        ]
      },
      "id": "node/653304921"
    },
    {
      "type": "Feature",
      "properties": {
        "@id": "way/666794650",
        "building": "yes",
        "name": "Tenterfield Transport Museum",
        "tourism": "museum",
        "@geometry": "center"
      },
      "geometry": {
        "type": "Point",
        "coordinates": [
          152.0132549,
          -29.057892
        ]
      },
      "id": "way/666794650"
    },
    {
      "type": "Feature",
      "properties": {
        "@id": "way/667334958",
        "addr:housenumber": "58",
        "addr:postcode": "2739",
        "addr:state": "NSW",
        "addr:street": "West Road",
        "addr:suburb": "Buronga",
        "building": "yes",
        "email": "info@milduraholdenmuseum.com.au",
        "name": "Mildura Holden Motor Museum",
        "opening_hours": "Tu-Su 09:30-16:00",
        "phone": "+61 408 830 989",
        "tourism": "museum",
        "website": "https://www.milduraholdenmuseum.com.au/",
        "@geometry": "center"
      },
      "geometry": {
        "type": "Point",
        "coordinates": [
          142.1781021,
          -34.1748985
        ]
      },
      "id": "way/667334958"
    },
    {
      "type": "Feature",
      "properties": {
        "@id": "node/671195744",
        "fee": "yes",
        "museum": "whaling",
        "name": "Eden Killer Whale Museum",
        "opening_hours": "Mo-Sa 09:15-15:45; Su 10:15-14:45",
        "tourism": "museum",
        "website": "https://killerwhalemuseum.com.au/"
      },
      "geometry": {
        "type": "Point",
        "coordinates": [
          149.9086534,
          -37.068667
        ]
      },
      "id": "node/671195744"
    },
    {
      "type": "Feature",
      "properties": {
        "@id": "way/673479106",
        "access": "yes",
        "building": "yes",
        "description": "Preserved Pipe Kiln No 1 from when the site was a brickworks.  Has samples of bricks, photographs and explanatory plaques.  Open from 9 til 5.",
        "name": "Pipe Kiln No 1",
        "opening_hours": "Mo-Fr 09:00-17:00",
        "operator": "South Village",
        "tourism": "museum",
        "@geometry": "center"
      },
      "geometry": {
        "type": "Point",
        "coordinates": [
          151.0724369,
          -34.0325013
        ]
      },
      "id": "way/673479106"
    },
    {
      "type": "Feature",
      "properties": {
        "@id": "way/676130633",
        "building": "yes",
        "fee": "yes",
        "historic": "Richmond Gaol Historic Site",
        "name": "Richmond Gaol",
        "tourism": "museum",
        "wikidata": "Q7330833",
        "@geometry": "center"
      },
      "geometry": {
        "type": "Point",
        "coordinates": [
          147.4392716,
          -42.7363211
        ]
      },
      "id": "way/676130633"
    },
    {
      "type": "Feature",
      "properties": {
        "@id": "way/677358892",
        "addr:city": "Brisbane",
        "addr:housenumber": "149",
        "addr:postcode": "4117",
        "addr:state": "QLD",
        "addr:street": "Acacia Road",
        "addr:suburb": "Karawatha",
        "air_conditioning": "yes",
        "building": "yes",
        "building:levels": "1",
        "check_date": "2023-11-05",
        "fee": "no",
        "museum": "nature",
        "name": "Karawatha Forest Discovery Centre",
        "opening_hours": "Tu-Su 09:00-16:00",
        "operator": "Brisbane City Council",
        "operator:type": "government",
        "source": "Brisbane City Council",
        "source:date": "2018-12-14",
        "tourism": "museum",
        "website": "https://www.brisbane.qld.gov.au/clean-and-green/natural-environment-and-water/environment-centres/karawatha-forest-discovery-centre",
        "wheelchair": "yes",
        "@geometry": "center"
      },
      "geometry": {
        "type": "Point",
        "coordinates": [
          153.0925151,
          -27.6242256
        ]
      },
      "id": "way/677358892"
    },
    {
      "type": "Feature",
      "properties": {
        "@id": "way/677373266",
        "addr:housenumber": "114",
        "addr:postcode": "7469",
        "addr:state": "TAS",
        "addr:street": "Main Street",
        "addr:suburb": "Zeehan",
        "fixme": "Where the north boundary of the museum grounds?",
        "museum": "history",
        "name": "West Coast Heritage Centre",
        "opening_hours": "Sa-Th 09:30-16:00",
        "operator": "West Coast Heritage Ltd",
        "operator:type": "private_non_profit",
        "phone": "+61 3 6471 6225",
        "tourism": "museum",
        "website": "https://wchczeehan.com.au/",
        "wheelchair": "limited",
        "wikidata": "Q24191242",
        "@geometry": "center"
      },
      "geometry": {
        "type": "Point",
        "coordinates": [
          145.3360856,
          -41.8820154
        ]
      },
      "id": "way/677373266"
    },
    {
      "type": "Feature",
      "properties": {
        "@id": "node/683824642",
        "tourism": "museum"
      },
      "geometry": {
        "type": "Point",
        "coordinates": [
          142.996601,
          -38.6191192
        ]
      },
      "id": "node/683824642"
    },
    {
      "type": "Feature",
      "properties": {
        "@id": "way/685065410",
        "addr:postcode": "5346",
        "addr:street": "Trussell Terrace",
        "name": "Cobdogla Irrigation Museum - National Trust",
        "note": "For Operating Days: Family $40.00, Adults $20.00, Pensioner $15.00, Child 5 to 15 $10.00, children under 5 free. Static tours at other times. Guided tour $5.00 head. Train rides $5.00 head",
        "phone": "+61 8 8588 2289",
        "tourism": "museum",
        "website": "https://www.nationaltrust.org.au/places/cobdogla-irrigation-museum/",
        "@geometry": "center"
      },
      "geometry": {
        "type": "Point",
        "coordinates": [
          140.4005273,
          -34.2453386
        ]
      },
      "id": "way/685065410"
    },
    {
      "type": "Feature",
      "properties": {
        "@id": "way/685197033",
        "name": "Gunnedah Rural Museum",
        "source": "NSW LPI Base Map",
        "source:date": "2016-01",
        "tourism": "museum",
        "@geometry": "center"
      },
      "geometry": {
        "type": "Point",
        "coordinates": [
          150.2354823,
          -30.9811053
        ]
      },
      "id": "way/685197033"
    },
    {
      "type": "Feature",
      "properties": {
        "@id": "way/686281464",
        "barrier": "fence",
        "fence_type": "chain_link",
        "height": "2",
        "name": "Renmark Paringa Community Museum",
        "tourism": "museum",
        "wheelchair": "yes",
        "@geometry": "center"
      },
      "geometry": {
        "type": "Point",
        "coordinates": [
          140.7786222,
          -34.1805601
        ]
      },
      "id": "way/686281464"
    },
    {
      "type": "Feature",
      "properties": {
        "@id": "node/686512300",
        "name": "Arms of Australia Inn Museum",
        "source": "survey",
        "tourism": "museum",
        "wikimedia_commons": "File:Arms of Australia Inn - Emu Plains NSW (5353462112).jpg"
      },
      "geometry": {
        "type": "Point",
        "coordinates": [
          150.6693935,
          -33.749723
        ]
      },
      "id": "node/686512300"
    },
    {
      "type": "Feature",
      "properties": {
        "@id": "way/691343193",
        "addr:housenumber": "80",
        "addr:postcode": "2221",
        "addr:state": "NSW",
        "addr:street": "Carwar Avenue",
        "addr:suburb": "Carss Park",
        "building": "yes",
        "museum": "history",
        "name": "Carss Cottage Museum",
        "opening_hours": "Su 13:00-17:00",
        "operator": "Kogarah Historical Society",
        "tourism": "museum",
        "@geometry": "center"
      },
      "geometry": {
        "type": "Point",
        "coordinates": [
          151.1203259,
          -33.9904976
        ]
      },
      "id": "way/691343193"
    },
    {
      "type": "Feature",
      "properties": {
        "@id": "way/692737055",
        "building": "yes",
        "name": "Bush Engineers Tractor Museum",
        "tourism": "museum",
        "@geometry": "center"
      },
      "geometry": {
        "type": "Point",
        "coordinates": [
          119.6877896,
          -33.0877744
        ]
      },
      "id": "way/692737055"
    },
    {
      "type": "Feature",
      "properties": {
        "@id": "way/693841939",
        "building": "yes",
        "name": "Margaret River and Districts Historical Society",
        "tourism": "museum",
        "@geometry": "center"
      },
      "geometry": {
        "type": "Point",
        "coordinates": [
          115.0749513,
          -33.9456103
        ]
      },
      "id": "way/693841939"
    },
    {
      "type": "Feature",
      "properties": {
        "@id": "way/700513234",
        "addr:housenumber": "Cnr",
        "addr:postcode": "6168",
        "addr:state": "WA",
        "addr:street": "Flinders Lane & Kent Street",
        "addr:suburb": "Rockingham",
        "building": "yes",
        "name": "The Rockingham Museum",
        "opening_hours": "Tu-Th,Sa-Su 13:00-16:00",
        "tourism": "museum",
        "website": "http://www.rockinghammuseum.org.au/",
        "wikidata": "Q66480991",
        "@geometry": "center"
      },
      "geometry": {
        "type": "Point",
        "coordinates": [
          115.7328709,
          -32.2752703
        ]
      },
      "id": "way/700513234"
    },
    {
      "type": "Feature",
      "properties": {
        "@id": "way/700609464",
        "alt_name": "Clarence Town & District Historical Museum",
        "building": "yes",
        "loc_name": "Clarence Town Museum",
        "name": "Clarence Town and District Historical Museum",
        "source": "NSW LPI Base Map",
        "source:date": "2016-08",
        "tourism": "museum",
        "was:amenity": "courthouse",
        "@geometry": "center"
      },
      "geometry": {
        "type": "Point",
        "coordinates": [
          151.7797751,
          -32.5854937
        ]
      },
      "id": "way/700609464"
    },
    {
      "type": "Feature",
      "properties": {
        "@id": "way/702427462",
        "building": "yes",
        "name": "Sherwood Hall",
        "opening_hours": "Tu,Th 10:00-14:00, Sa-Su 13:00-16:00 || \"by appointment\"",
        "tourism": "museum",
        "@geometry": "center"
      },
      "geometry": {
        "type": "Point",
        "coordinates": [
          146.4020165,
          -41.2300695
        ]
      },
      "id": "way/702427462"
    },
    {
      "type": "Feature",
      "properties": {
        "@id": "way/707483970",
        "building": "yes",
        "name": "Canberra Fire Museum",
        "tourism": "museum",
        "@geometry": "center"
      },
      "geometry": {
        "type": "Point",
        "coordinates": [
          149.1325059,
          -35.316462
        ]
      },
      "id": "way/707483970"
    },
    {
      "type": "Feature",
      "properties": {
        "@id": "way/707604753",
        "building": "retail",
        "building:levels": "1",
        "height": "6",
        "name": "Kilkivan Museum",
        "tourism": "museum",
        "@geometry": "center"
      },
      "geometry": {
        "type": "Point",
        "coordinates": [
          152.2384134,
          -26.0853502
        ]
      },
      "id": "way/707604753"
    },
    {
      "type": "Feature",
      "properties": {
        "@id": "node/708310089",
        "addr:street": "Station Street",
        "name": "Alexandra Timber Tramway and Museum",
        "phone": "+61 3 5772 2392",
        "tourism": "museum",
        "website": "https://alexandratramway.org.au/"
      },
      "geometry": {
        "type": "Point",
        "coordinates": [
          145.7147393,
          -37.1848216
        ]
      },
      "id": "node/708310089"
    },
    {
      "type": "Feature",
      "properties": {
        "@id": "way/708451758",
        "building": "yes",
        "name": "The Residency",
        "tourism": "museum",
        "wikidata": "Q56085282",
        "wikipedia": "en:Residency Museum, York",
        "@geometry": "center"
      },
      "geometry": {
        "type": "Point",
        "coordinates": [
          116.7753997,
          -31.8929345
        ]
      },
      "id": "way/708451758"
    },
    {
      "type": "Feature",
      "properties": {
        "@id": "way/711608715",
        "building": "yes",
        "name": "Cadia Cornish Engine House",
        "source": "NSW LPI Base Map",
        "source:date": "2016-08",
        "tourism": "museum",
        "website": "http://www.cadiavalleyheritage.com.au/archaeological-sites/archaeological-sites/cadia-engine-house-significance-conservation/",
        "wikidata": "Q55606388",
        "@geometry": "center"
      },
      "geometry": {
        "type": "Point",
        "coordinates": [
          148.9860339,
          -33.4492788
        ]
      },
      "id": "way/711608715"
    },
    {
      "type": "Feature",
      "properties": {
        "@id": "way/714728440",
        "alt_name": "The Lancer Barracks And Linden Military Museum",
        "fee": "yes",
        "landuse": "recreation_ground",
        "museum": "military",
        "name": "New South Wales Lancers Memorial Museum",
        "official_name": "1st/15th Royal NSW Lancers Memorial Museum Collection",
        "opening_hours": "Su 10:00-16:00",
        "source": "NSW LPI Base Map",
        "source:date": "2016-08",
        "tourism": "museum",
        "website": "https://www.lancers.org.au/site/The_Museum.php",
        "wikipedia": "en:New_South_Wales_Lancers_Memorial_Museum",
        "@geometry": "center"
      },
      "geometry": {
        "type": "Point",
        "coordinates": [
          151.0067784,
          -33.8172689
        ]
      },
      "id": "way/714728440"
    },
    {
      "type": "Feature",
      "properties": {
        "@id": "way/715605508",
        "building": "retail",
        "building:levels": "1",
        "height": "4",
        "name": "Barellan Museum",
        "opening_hours": "Tu 11:00-16:00; Th-Sa 11:00-15:00",
        "tourism": "museum",
        "@geometry": "center"
      },
      "geometry": {
        "type": "Point",
        "coordinates": [
          146.5739183,
          -34.2855214
        ]
      },
      "id": "way/715605508"
    },
    {
      "type": "Feature",
      "properties": {
        "@id": "way/718841939",
        "addr:postcode": "2431",
        "addr:state": "NSW",
        "addr:street": "Trial Bay Gaol Access Road",
        "addr:suburb": "Arakoon",
        "name": "Trial Bay Gaol",
        "operator": "NSW National Parks and Wildlife Service",
        "operator:type": "government",
        "operator:wikidata": "Q108872274",
        "tourism": "museum",
        "@geometry": "center"
      },
      "geometry": {
        "type": "Point",
        "coordinates": [
          153.0701849,
          -30.8773283
        ]
      },
      "id": "way/718841939"
    },
    {
      "type": "Feature",
      "properties": {
        "@id": "way/721478251",
        "name": "Laidley Pioneer Village and Museum",
        "tourism": "museum",
        "@geometry": "center"
      },
      "geometry": {
        "type": "Point",
        "coordinates": [
          152.3914668,
          -27.6500782
        ]
      },
      "id": "way/721478251"
    },
    {
      "type": "Feature",
      "properties": {
        "@id": "way/729012277",
        "addr:housenumber": "37",
        "addr:postcode": "7112",
        "addr:state": "TAS",
        "addr:street": "Mary Street",
        "addr:suburb": "Cygnet",
        "building": "yes",
        "name": "Cygnet Living History Museum",
        "tourism": "museum",
        "@geometry": "center"
      },
      "geometry": {
        "type": "Point",
        "coordinates": [
          147.0759099,
          -43.1608794
        ]
      },
      "id": "way/729012277"
    },
    {
      "type": "Feature",
      "properties": {
        "@id": "way/729188698",
        "building": "yes",
        "name": "Canberra Railway Museum",
        "tourism": "museum",
        "website": "https://www.canberrarail.org.au/",
        "@geometry": "center"
      },
      "geometry": {
        "type": "Point",
        "coordinates": [
          149.154272,
          -35.3178708
        ]
      },
      "id": "way/729188698"
    },
    {
      "type": "Feature",
      "properties": {
        "@id": "node/729783666",
        "check_date": "2023-04-02",
        "name": "Collie Museum",
        "tourism": "museum"
      },
      "geometry": {
        "type": "Point",
        "coordinates": [
          116.1478816,
          -33.358682
        ]
      },
      "id": "node/729783666"
    },
    {
      "type": "Feature",
      "properties": {
        "@id": "way/729906613",
        "addr:housenumber": "103",
        "addr:postcode": "7004",
        "addr:state": "TAS",
        "addr:street": "Hampden Road",
        "addr:suburb": "Battery Point",
        "building": "yes",
        "building:levels": "2",
        "fee": "yes",
        "name": "Narryna Heritage Museum",
        "opening_hours": "Tu-Sa 10:00-16:00",
        "operator": "Tasmanian Museum and Art Gallery",
        "tourism": "museum",
        "website": "https://www.narryna.com.au/",
        "wikidata": "Q62868012",
        "@geometry": "center"
      },
      "geometry": {
        "type": "Point",
        "coordinates": [
          147.3315554,
          -42.8892494
        ]
      },
      "id": "way/729906613"
    },
    {
      "type": "Feature",
      "properties": {
        "@id": "way/734773497",
        "addr:housenumber": "3333",
        "addr:postcode": "7113",
        "addr:state": "TAS",
        "addr:street": "Huon Highway",
        "addr:suburb": "Franklin",
        "building": "yes",
        "email": "info@woodenboatcentre.com",
        "name": "The Wooden Boat Centre",
        "phone": "+61 3 6266 3586",
        "tourism": "museum",
        "website": "https://www.woodenboatcentre.com/",
        "@geometry": "center"
      },
      "geometry": {
        "type": "Point",
        "coordinates": [
          147.0145647,
          -43.0854095
        ]
      },
      "id": "way/734773497"
    },
    {
      "type": "Feature",
      "properties": {
        "@id": "way/738999578",
        "building": "yes",
        "name": "Lanyon Homestead",
        "tourism": "museum",
        "@geometry": "center"
      },
      "geometry": {
        "type": "Point",
        "coordinates": [
          149.0733181,
          -35.4907794
        ]
      },
      "id": "way/738999578"
    },
    {
      "type": "Feature",
      "properties": {
        "@id": "way/740593235",
        "building": "yes",
        "fee": "yes",
        "museum": "palaeontology",
        "name": "National Dinosaur Museum",
        "opening_hours": "Mo-Su 10:00-17:00",
        "source": "image",
        "tourism": "museum",
        "wikidata": "Q494881",
        "wikipedia": "en:National Dinosaur Museum",
        "@geometry": "center"
      },
      "geometry": {
        "type": "Point",
        "coordinates": [
          149.0880659,
          -35.1943045
        ]
      },
      "id": "way/740593235"
    },
    {
      "type": "Feature",
      "properties": {
        "@id": "node/743322923",
        "name": "The Rocks Discovery Museum",
        "name:en": "The Rocks Discovery Museum",
        "opening_hours": "Mo-Su 10:00-17:00",
        "tourism": "museum",
        "website": "https://rocksdiscoverymuseum.com/",
        "wikidata": "Q135263995"
      },
      "geometry": {
        "type": "Point",
        "coordinates": [
          151.2086515,
          -33.8588995
        ]
      },
      "id": "node/743322923"
    },
    {
      "type": "Feature",
      "properties": {
        "@id": "way/758648944",
        "addr:housenumber": "31",
        "addr:postcode": "4034",
        "addr:state": "QLD",
        "addr:street": "Paperbark Drive",
        "addr:suburb": "Boondall",
        "building": "yes",
        "fee": "no",
        "name": "Boondall Wetlands Environment Centre",
        "opening_hours": "Tu-Su 09:00-16:00",
        "tourism": "museum",
        "website": "https://www.brisbane.qld.gov.au/clean-and-green/natural-environment-and-water/environment-centres/boondall-wetlands-environment-centre",
        "@geometry": "center"
      },
      "geometry": {
        "type": "Point",
        "coordinates": [
          153.078542,
          -27.3405879
        ]
      },
      "id": "way/758648944"
    },
    {
      "type": "Feature",
      "properties": {
        "@id": "way/758823954",
        "building": "yes",
        "name": "Gladstone Maritime Museum",
        "tourism": "museum",
        "website": "https://gladstonemaritimemuseum.org.au/",
        "@geometry": "center"
      },
      "geometry": {
        "type": "Point",
        "coordinates": [
          151.253661,
          -23.8328253
        ]
      },
      "id": "way/758823954"
    },
    {
      "type": "Feature",
      "properties": {
        "@id": "node/761130167",
        "name": "Laverton Outback Gallery",
        "tourism": "museum"
      },
      "geometry": {
        "type": "Point",
        "coordinates": [
          122.4031539,
          -28.625379
        ]
      },
      "id": "node/761130167"
    },
    {
      "type": "Feature",
      "properties": {
        "@id": "node/762111144",
        "addr:housenumber": "19",
        "addr:street": "Conacher Street",
        "fee": "no",
        "name": "Museum and Art Gallery of the Northern Territory",
        "opening_hours": "Mo-Su 10:00-16:00",
        "phone": "+61 8 8999 8264",
        "short_name": "MAGNT",
        "tourism": "museum",
        "website": "https://www.magnt.net.au/",
        "wikidata": "Q1954532",
        "wikipedia": "en:Museum and Art Gallery of the Northern Territory"
      },
      "geometry": {
        "type": "Point",
        "coordinates": [
          130.8332833,
          -12.4372686
        ]
      },
      "id": "node/762111144"
    },
    {
      "type": "Feature",
      "properties": {
        "@id": "way/762849699",
        "addr:postcode": "2577",
        "addr:state": "NSW",
        "addr:street": "Wilkinson Street",
        "addr:suburb": "Berrima",
        "building": "house",
        "heritage": "yes",
        "name": "Harper's Mansion",
        "source": "NSW LPI Base Map",
        "source:date": "2016-08",
        "tourism": "museum",
        "wikidata": "Q14934823",
        "wikipedia": "en:Harper's Mansion",
        "@geometry": "center"
      },
      "geometry": {
        "type": "Point",
        "coordinates": [
          150.3388951,
          -34.4855891
        ]
      },
      "id": "way/762849699"
    },
    {
      "type": "Feature",
      "properties": {
        "@id": "way/772653600",
        "building": "yes",
        "name": "Bicentennial Museum",
        "tourism": "museum",
        "@geometry": "center"
      },
      "geometry": {
        "type": "Point",
        "coordinates": [
          152.5452601,
          -28.4755088
        ]
      },
      "id": "way/772653600"
    },
    {
      "type": "Feature",
      "properties": {
        "@id": "way/775247522",
        "building": "yes",
        "museum": "history",
        "name": "Parndana Soldier Settlement Museum",
        "tourism": "museum",
        "website": "https://www.parndanamuseum.org.au",
        "@geometry": "center"
      },
      "geometry": {
        "type": "Point",
        "coordinates": [
          137.2636881,
          -35.7918231
        ]
      },
      "id": "way/775247522"
    },
    {
      "type": "Feature",
      "properties": {
        "@id": "node/776077911",
        "fee": "no",
        "name": "Mining Museum",
        "source": "survey",
        "tourism": "museum"
      },
      "geometry": {
        "type": "Point",
        "coordinates": [
          139.3368764,
          -30.3117696
        ]
      },
      "id": "node/776077911"
    },
    {
      "type": "Feature",
      "properties": {
        "@id": "way/780078084",
        "addr:housenumber": "215",
        "addr:state": "NSW",
        "addr:street": "Harbour Drive",
        "addr:suburb": "Coffs Harbour",
        "area": "yes",
        "building": "yes",
        "email": "museum@chcc.nsw.gov.au",
        "fee": "yes",
        "name": "Coffs Harbour Regional Museum",
        "opening_hours": "Tu-Sa 10:00-16:00",
        "operator": "Coffs Harbour City Council",
        "operator:type": "public",
        "tourism": "museum",
        "@geometry": "center"
      },
      "geometry": {
        "type": "Point",
        "coordinates": [
          153.1212058,
          -30.3008989
        ]
      },
      "id": "way/780078084"
    },
    {
      "type": "Feature",
      "properties": {
        "@id": "way/783533832",
        "area": "yes",
        "museum": "history",
        "name": "Warwick Museum Complex",
        "operator": "Warwickk and District Historical Society",
        "operator:type": "charity",
        "start_date": "1966",
        "tourism": "museum",
        "@geometry": "center"
      },
      "geometry": {
        "type": "Point",
        "coordinates": [
          152.0266905,
          -28.2203712
        ]
      },
      "id": "way/783533832"
    },
    {
      "type": "Feature",
      "properties": {
        "@id": "way/783533833",
        "building": "yes",
        "fee": "yes",
        "museum": "history",
        "name": "Australian Rodeo Heritage Centre",
        "opening_hours": "Mo-Fr 08:30-17:00",
        "tourism": "museum",
        "@geometry": "center"
      },
      "geometry": {
        "type": "Point",
        "coordinates": [
          152.034649,
          -28.20921
        ]
      },
      "id": "way/783533833"
    },
    {
      "type": "Feature",
      "properties": {
        "@id": "way/783549291",
        "addr:street": "Mutze Street",
        "building": "yes",
        "museum": "technology",
        "name": "Main Roads Heritage Centre",
        "opening_hours": "Mo-Fr 10:00-16:00",
        "operator": "Transport and Main Roads",
        "operator:type": "government",
        "tourism": "museum",
        "@geometry": "center"
      },
      "geometry": {
        "type": "Point",
        "coordinates": [
          151.9173444,
          -27.5448789
        ]
      },
      "id": "way/783549291"
    },
    {
      "type": "Feature",
      "properties": {
        "@id": "way/791168909",
        "building": "yes",
        "name": "Nambour Museum",
        "operator": "Nambour & District Historical Musuem Inc.",
        "tourism": "museum",
        "@geometry": "center"
      },
      "geometry": {
        "type": "Point",
        "coordinates": [
          152.9577858,
          -26.6285124
        ]
      },
      "id": "way/791168909"
    },
    {
      "type": "Feature",
      "properties": {
        "@id": "way/791168911",
        "building": "no",
        "museum": "history",
        "name": "Nambour Museum",
        "operator": "Nambour & District Historical Musuem Inc.",
        "operator:type": "community",
        "tourism": "museum",
        "website": "https://www.nambourmuseum.org.au/",
        "@geometry": "center"
      },
      "geometry": {
        "type": "Point",
        "coordinates": [
          152.9578079,
          -26.6282699
        ]
      },
      "id": "way/791168911"
    },
    {
      "type": "Feature",
      "properties": {
        "@id": "node/792350977",
        "name": "Newman Museum",
        "tourism": "museum"
      },
      "geometry": {
        "type": "Point",
        "coordinates": [
          119.7271524,
          -23.3590138
        ]
      },
      "id": "node/792350977"
    },
    {
      "type": "Feature",
      "properties": {
        "@id": "way/796676200",
        "addr:unit": "Hangar 104",
        "building": "yes",
        "museum": "military",
        "name": "Australian Aviation Heritage Centre Qld",
        "phone": "+61 7 5495 4951",
        "tourism": "museum",
        "website": "https://www.aahcqld.org.au/",
        "@geometry": "center"
      },
      "geometry": {
        "type": "Point",
        "coordinates": [
          152.984202,
          -27.078289
        ]
      },
      "id": "way/796676200"
    },
    {
      "type": "Feature",
      "properties": {
        "@id": "way/797219639",
        "name": "Bendigo Joss House Temple",
        "name:en": "Bendigo Joss House Temple",
        "name:zh": "致公堂",
        "name:zh-Hans": "致公堂",
        "name:zh-Hant": "致公堂",
        "tourism": "museum",
        "website": "https://www.bendigojosshouse.com/",
        "@geometry": "center"
      },
      "geometry": {
        "type": "Point",
        "coordinates": [
          144.2911037,
          -36.7395458
        ]
      },
      "id": "way/797219639"
    },
    {
      "type": "Feature",
      "properties": {
        "@id": "node/798464210",
        "name": "Midland Workshops Museum",
        "tourism": "museum"
      },
      "geometry": {
        "type": "Point",
        "coordinates": [
          116.0035735,
          -31.8933958
        ]
      },
      "id": "node/798464210"
    },
    {
      "type": "Feature",
      "properties": {
        "@id": "way/804836924",
        "building": "yes",
        "changing_table": "yes",
        "fee": "no",
        "museum": "history",
        "museum_type": "municipal",
        "name": "Cobb & Co Coach",
        "opening_hours": "24/7",
        "toilets": "yes",
        "toilets:access": "yes",
        "toilets:wheelchair": "yes",
        "tourism": "museum",
        "wheelchair": "yes",
        "@geometry": "center"
      },
      "geometry": {
        "type": "Point",
        "coordinates": [
          152.5927576,
          -27.6397192
        ]
      },
      "id": "way/804836924"
    },
    {
      "type": "Feature",
      "properties": {
        "@id": "node/816488920",
        "name": "Greens Gunyah Museum",
        "source:name": "NSW LPI Base Map",
        "source:name:date": "2016-08",
        "tourism": "museum"
      },
      "geometry": {
        "type": "Point",
        "coordinates": [
          146.7136248,
          -35.2205581
        ]
      },
      "id": "node/816488920"
    },
    {
      "type": "Feature",
      "properties": {
        "@id": "way/818998547",
        "building": "yes",
        "name": "Forrest Airport Museum",
        "opening_hours": "24/7",
        "tourism": "museum",
        "@geometry": "center"
      },
      "geometry": {
        "type": "Point",
        "coordinates": [
          128.1086347,
          -30.8455998
        ]
      },
      "id": "way/818998547"
    },
    {
      "type": "Feature",
      "properties": {
        "@id": "way/826108117",
        "building": "yes",
        "name": "Ballarat Aviation Museum",
        "tourism": "museum",
        "wikidata": "Q27628385",
        "wikipedia": "en:Ballarat Aviation Museum",
        "@geometry": "center"
      },
      "geometry": {
        "type": "Point",
        "coordinates": [
          143.7885311,
          -37.5147061
        ]
      },
      "id": "way/826108117"
    },
    {
      "type": "Feature",
      "properties": {
        "@id": "way/826108128",
        "building": "house",
        "name": "Friends of the Anson Air Museum",
        "tourism": "museum",
        "@geometry": "center"
      },
      "geometry": {
        "type": "Point",
        "coordinates": [
          143.7877646,
          -37.5188524
        ]
      },
      "id": "way/826108128"
    },
    {
      "type": "Feature",
      "properties": {
        "@id": "way/828767481",
        "tourism": "museum",
        "@geometry": "center"
      },
      "geometry": {
        "type": "Point",
        "coordinates": [
          117.8488397,
          -28.0681344
        ]
      },
      "id": "way/828767481"
    },
    {
      "type": "Feature",
      "properties": {
        "@id": "way/828806165",
        "addr:housenumber": "178-180",
        "addr:street": "Hargreaves Street",
        "building": "yes",
        "museum": "history",
        "name": "Specimen Cottage",
        "operator": "Bendigo Historical Society",
        "operator:type": "community",
        "tourism": "museum",
        "website": "https://www.bendigohistory.com/specimen-cottage/",
        "@geometry": "center"
      },
      "geometry": {
        "type": "Point",
        "coordinates": [
          144.2835571,
          -36.7573709
        ]
      },
      "id": "way/828806165"
    },
    {
      "type": "Feature",
      "properties": {
        "@id": "way/830188674",
        "name": "Chiverton House Museum",
        "tourism": "museum",
        "wikidata": "Q66974882",
        "@geometry": "center"
      },
      "geometry": {
        "type": "Point",
        "coordinates": [
          114.6301876,
          -28.355566
        ]
      },
      "id": "way/830188674"
    },
    {
      "type": "Feature",
      "properties": {
        "@id": "way/830255595",
        "building": "yes",
        "name": "Historic Lighthouse Keepers Cottage Museum",
        "opening_hours": "Mo-Su 10:00-13:00",
        "tourism": "museum",
        "wikidata": "Q66974837",
        "@geometry": "center"
      },
      "geometry": {
        "type": "Point",
        "coordinates": [
          113.6306455,
          -24.8762362
        ]
      },
      "id": "way/830255595"
    },
    {
      "type": "Feature",
      "properties": {
        "@id": "way/832185188",
        "name": "Sandstone Gold & Wool Interpretive Park",
        "tourism": "museum",
        "@geometry": "center"
      },
      "geometry": {
        "type": "Point",
        "coordinates": [
          119.2975478,
          -27.9883673
        ]
      },
      "id": "way/832185188"
    },
    {
      "type": "Feature",
      "properties": {
        "@id": "way/833164774",
        "building": "yes",
        "tourism": "museum",
        "@geometry": "center"
      },
      "geometry": {
        "type": "Point",
        "coordinates": [
          141.6073088,
          -38.3519633
        ]
      },
      "id": "way/833164774"
    },
    {
      "type": "Feature",
      "properties": {
        "@id": "node/834958309",
        "name": "Caboolture Historical Village",
        "tourism": "museum"
      },
      "geometry": {
        "type": "Point",
        "coordinates": [
          152.9474246,
          -27.0599718
        ]
      },
      "id": "node/834958309"
    },
    {
      "type": "Feature",
      "properties": {
        "@id": "way/837367803",
        "addr:housenumber": "27",
        "addr:postcode": "2265",
        "addr:state": "NSW",
        "addr:street": "Avondale Road",
        "addr:suburb": "Cooranbong",
        "building": "yes",
        "museum": "history",
        "name": "South Sea Island Museum",
        "operator": "Seventh-day Adventist Church",
        "phone": "+61 2 4980 2265",
        "tourism": "museum",
        "website": "https://mgnsw.org.au/organisations/south-sea-islands-museum/",
        "@geometry": "center"
      },
      "geometry": {
        "type": "Point",
        "coordinates": [
          151.4631174,
          -33.0742651
        ]
      },
      "id": "way/837367803"
    },
    {
      "type": "Feature",
      "properties": {
        "@id": "way/838524511",
        "building": "yes",
        "building:levels": "1",
        "name": "Stoke Stable Museum",
        "source": "NSW LPI Base Map",
        "source:date": "2016-08",
        "tourism": "museum",
        "@geometry": "center"
      },
      "geometry": {
        "type": "Point",
        "coordinates": [
          149.1383354,
          -33.6122793
        ]
      },
      "id": "way/838524511"
    },
    {
      "type": "Feature",
      "properties": {
        "@id": "way/844095012",
        "addr:housenumber": "1",
        "addr:postcode": "4650",
        "addr:state": "QLD",
        "addr:street": "Bauple Drive",
        "addr:suburb": "Bauple",
        "building": "yes",
        "museum": "history",
        "name": "Bauple Museum",
        "opening_hours": "Su,Mo,Tu,Fr,Sa 09:00-14:00",
        "operator": "Mount Bauple & District Historical Society",
        "start_date": "2001",
        "tourism": "museum",
        "website": "http://www.bauplemuseum.com",
        "@geometry": "center"
      },
      "geometry": {
        "type": "Point",
        "coordinates": [
          152.61757,
          -25.8132696
        ]
      },
      "id": "way/844095012"
    },
    {
      "type": "Feature",
      "properties": {
        "@id": "node/849500958",
        "charge": "20 AUD",
        "check_date": "2026-02-01",
        "fee": "yes",
        "historic": "yes",
        "museum": "local_history",
        "name": "Carrick Hill",
        "opening_hours": "Jul off; Mo,Tu off; We-Su 10:00-16:30; PH 10:00-16:30; Dec 25 off",
        "tourism": "museum",
        "website": "https://www.carrickhill.sa.gov.au/",
        "wikidata": "Q5046143"
      },
      "geometry": {
        "type": "Point",
        "coordinates": [
          138.631971,
          -34.9792484
        ]
      },
      "id": "node/849500958"
    },
    {
      "type": "Feature",
      "properties": {
        "@id": "way/849595655",
        "building": "yes",
        "building:levels": "1",
        "name": "Bathurst Rail Museum",
        "tourism": "museum",
        "wikidata": "Q106407682",
        "@geometry": "center"
      },
      "geometry": {
        "type": "Point",
        "coordinates": [
          149.5816992,
          -33.4259616
        ]
      },
      "id": "way/849595655"
    },
    {
      "type": "Feature",
      "properties": {
        "@id": "node/850679421",
        "name": "Tongarra Museum",
        "opening_hours": "We 10:00-16:00; Sa 09:00-12:00",
        "operator": "Shellharbour City Council",
        "tourism": "museum"
      },
      "geometry": {
        "type": "Point",
        "coordinates": [
          150.7727598,
          -34.5729423
        ]
      },
      "id": "node/850679421"
    },
    {
      "type": "Feature",
      "properties": {
        "@id": "node/852012493",
        "name": "Norman Lindsay Gallery",
        "tourism": "museum",
        "website": "http://www.normanlindsay.com.au/",
        "wikidata": "Q7052498"
      },
      "geometry": {
        "type": "Point",
        "coordinates": [
          150.561374,
          -33.6808052
        ]
      },
      "id": "node/852012493"
    },
    {
      "type": "Feature",
      "properties": {
        "@id": "way/858722484",
        "addr:street": "Muriel Green Drive",
        "building": "yes",
        "name": "Schramms Cottage",
        "phone": "+61 3 9848 3264",
        "tourism": "museum",
        "website": "https://www.manningham.vic.gov.au/schramms-cottage",
        "@geometry": "center"
      },
      "geometry": {
        "type": "Point",
        "coordinates": [
          145.145852,
          -37.7778068
        ]
      },
      "id": "way/858722484"
    },
    {
      "type": "Feature",
      "properties": {
        "@id": "way/862971643",
        "building": "yes",
        "name": "Comet Gold Mine Museum",
        "tourism": "museum",
        "@geometry": "center"
      },
      "geometry": {
        "type": "Point",
        "coordinates": [
          119.7252568,
          -21.2317797
        ]
      },
      "id": "way/862971643"
    },
    {
      "type": "Feature",
      "properties": {
        "@id": "way/865241824",
        "building": "yes",
        "name": "Leschenault Inlet Eco Museum",
        "tourism": "museum",
        "@geometry": "center"
      },
      "geometry": {
        "type": "Point",
        "coordinates": [
          115.705913,
          -33.2970785
        ]
      },
      "id": "way/865241824"
    },
    {
      "type": "Feature",
      "properties": {
        "@id": "way/868229719",
        "name": "Adelaide Tramway Museum",
        "tourism": "museum",
        "wikidata": "Q38251131",
        "wikipedia": "en:Tramway Museum, St Kilda",
        "@geometry": "center"
      },
      "geometry": {
        "type": "Point",
        "coordinates": [
          138.5485823,
          -34.7346168
        ]
      },
      "id": "way/868229719"
    },
    {
      "type": "Feature",
      "properties": {
        "@id": "way/880512929",
        "building": "yes",
        "tourism": "museum",
        "@geometry": "center"
      },
      "geometry": {
        "type": "Point",
        "coordinates": [
          149.8203795,
          -34.3984713
        ]
      },
      "id": "way/880512929"
    },
    {
      "type": "Feature",
      "properties": {
        "@id": "node/880559309",
        "check_date": "2026-04-16",
        "name": "Spy & Camera Museum",
        "tourism": "museum"
      },
      "geometry": {
        "type": "Point",
        "coordinates": [
          145.3852267,
          -17.3834804
        ]
      },
      "id": "node/880559309"
    },
    {
      "type": "Feature",
      "properties": {
        "@id": "node/880560074",
        "name": "Herberton Mining Museum",
        "tourism": "museum"
      },
      "geometry": {
        "type": "Point",
        "coordinates": [
          145.3873081,
          -17.3832039
        ]
      },
      "id": "node/880560074"
    },
    {
      "type": "Feature",
      "properties": {
        "@id": "way/880876016",
        "building": "yes",
        "name": "Northcliffe Pioneer Museum",
        "opening_hours": "Mo-Su 10:00-15:00",
        "tourism": "museum",
        "@geometry": "center"
      },
      "geometry": {
        "type": "Point",
        "coordinates": [
          116.1245592,
          -34.6336821
        ]
      },
      "id": "way/880876016"
    },
    {
      "type": "Feature",
      "properties": {
        "@id": "node/883837067",
        "name": "Hou Wang Temple",
        "tourism": "museum"
      },
      "geometry": {
        "type": "Point",
        "coordinates": [
          145.471688,
          -17.2777055
        ]
      },
      "id": "node/883837067"
    },
    {
      "type": "Feature",
      "properties": {
        "@id": "way/889345761",
        "building": "shelter",
        "museum": "history",
        "name": "Heritage display",
        "tourism": "museum",
        "@geometry": "center"
      },
      "geometry": {
        "type": "Point",
        "coordinates": [
          145.6248996,
          -41.7302249
        ]
      },
      "id": "way/889345761"
    },
    {
      "type": "Feature",
      "properties": {
        "@id": "way/891166371",
        "building": "yes",
        "museum": "mineral",
        "name": "Crystal Kingdom",
        "tourism": "museum",
        "@geometry": "center"
      },
      "geometry": {
        "type": "Point",
        "coordinates": [
          149.2761513,
          -31.267128
        ]
      },
      "id": "way/891166371"
    },
    {
      "type": "Feature",
      "properties": {
        "@id": "way/891382200",
        "addr:housenumber": "29",
        "addr:street": "Salisbury Street",
        "building": "yes",
        "heritage": "4",
        "heritage:operator": "nswhr",
        "heritage:website": "https://www.hms.heritage.nsw.gov.au/App/Item/ViewItem?itemId=5045484",
        "name": "McCrossin's Mill",
        "opening_hours": "Mo-Su,PH 10:00-17:00",
        "ref:nswhr": "00161",
        "tourism": "museum",
        "wheelchair": "no",
        "wikidata": "Q55622591",
        "@geometry": "center"
      },
      "geometry": {
        "type": "Point",
        "coordinates": [
          151.500068,
          -30.6429517
        ]
      },
      "id": "way/891382200"
    },
    {
      "type": "Feature",
      "properties": {
        "@id": "way/892111429",
        "name": "Old Beechworth Gaol",
        "tourism": "museum",
        "@geometry": "center"
      },
      "geometry": {
        "type": "Point",
        "coordinates": [
          146.6899156,
          -36.3576784
        ]
      },
      "id": "way/892111429"
    },
    {
      "type": "Feature",
      "properties": {
        "@id": "way/892652739",
        "building": "yes",
        "museum": "history",
        "name": "Shepparton Heritage Centre",
        "tourism": "museum",
        "@geometry": "center"
      },
      "geometry": {
        "type": "Point",
        "coordinates": [
          145.3974126,
          -36.3811172
        ]
      },
      "id": "way/892652739"
    },
    {
      "type": "Feature",
      "properties": {
        "@id": "way/893927100",
        "building": "yes",
        "museum": "history",
        "name": "Tatura Irrigation and Wartime Camps Museum",
        "tourism": "museum",
        "@geometry": "center"
      },
      "geometry": {
        "type": "Point",
        "coordinates": [
          145.2225191,
          -36.4397515
        ]
      },
      "id": "way/893927100"
    },
    {
      "type": "Feature",
      "properties": {
        "@id": "node/896685787",
        "addr:housenumber": "230",
        "addr:postcode": "2485",
        "addr:state": "NSW",
        "addr:street": "Kennedy Drive",
        "addr:suburb": "Tweed Heads West",
        "name": "Tweed Regional Museum",
        "opening_hours": "Tu; We; Su 10:00-16:00",
        "phone": "+61 7 5569 3149",
        "tourism": "museum",
        "website": "https://museum.tweed.nsw.gov.au/VisitUs/Tweed#t"
      },
      "geometry": {
        "type": "Point",
        "coordinates": [
          153.5095343,
          -28.1897272
        ]
      },
      "id": "node/896685787"
    },
    {
      "type": "Feature",
      "properties": {
        "@id": "node/902228836",
        "name": "Australian Stockmans Hall of Fame",
        "tourism": "museum"
      },
      "geometry": {
        "type": "Point",
        "coordinates": [
          144.274725,
          -23.4442046
        ]
      },
      "id": "node/902228836"
    },
    {
      "type": "Feature",
      "properties": {
        "@id": "way/902556761",
        "building": "yes",
        "name": "Nairne Museum",
        "tourism": "museum",
        "@geometry": "center"
      },
      "geometry": {
        "type": "Point",
        "coordinates": [
          138.9122682,
          -35.0362985
        ]
      },
      "id": "way/902556761"
    },
    {
      "type": "Feature",
      "properties": {
        "@id": "node/903981694",
        "fee": "no",
        "name": "Princess Royal Fortress",
        "opening_hours": "Mo-Su,PH 09:00-16:00",
        "tourism": "museum",
        "wikidata": "Q24185471"
      },
      "geometry": {
        "type": "Point",
        "coordinates": [
          117.9127701,
          -35.03044
        ]
      },
      "id": "node/903981694"
    },
    {
      "type": "Feature",
      "properties": {
        "@id": "way/904862072",
        "addr:housenumber": "239",
        "addr:postcode": "6008",
        "addr:state": "WA",
        "addr:street": "Rokeby Road",
        "addr:suburb": "Subiaco",
        "building": "yes",
        "contact:email": "museum@subiaco.wa.gov.au",
        "contact:phone": "+61 8 9237 9227",
        "contact:website": "https://www.subiaco.wa.gov.au/see-do/places-to-visit/museum",
        "loc_name": "Subi Museum",
        "museum": "local",
        "name": "Subiaco Museum",
        "opening_hours": "We-Fr 12:00-16:00; Sa 10:00-14:00; PH off; Mo-Tu \"Private viewing by Appointment\"",
        "operator:type": "public",
        "source": "microsoft/BuildingFootprints",
        "tourism": "museum",
        "wheelchair": "yes",
        "@geometry": "center"
      },
      "geometry": {
        "type": "Point",
        "coordinates": [
          115.8234932,
          -31.95115
        ]
      },
      "id": "way/904862072"
    },
    {
      "type": "Feature",
      "properties": {
        "@id": "way/905687565",
        "addr:postcode": "2705",
        "addr:street": "Chelmsford Place",
        "addr:suburb": "Leeton",
        "building": "yes",
        "name": "Leeton Museum and Art Gallery",
        "source": "Bing",
        "source:name": "survey",
        "tourism": "museum",
        "@geometry": "center"
      },
      "geometry": {
        "type": "Point",
        "coordinates": [
          146.4065574,
          -34.5501603
        ]
      },
      "id": "way/905687565"
    },
    {
      "type": "Feature",
      "properties": {
        "@id": "way/908704971",
        "access": "customers",
        "air_conditioning": "yes",
        "building": "yes",
        "museum": "local",
        "name": "Ipswich Racing Museum",
        "operator": "Ipswich Turf Club",
        "operator:type": "private",
        "tourism": "museum",
        "@geometry": "center"
      },
      "geometry": {
        "type": "Point",
        "coordinates": [
          152.8014896,
          -27.6136873
        ]
      },
      "id": "way/908704971"
    },
    {
      "type": "Feature",
      "properties": {
        "@id": "way/911100403",
        "building": "yes",
        "name": "The King's School Robert Robertson Museum",
        "tourism": "museum",
        "@geometry": "center"
      },
      "geometry": {
        "type": "Point",
        "coordinates": [
          151.0266446,
          -33.7858842
        ]
      },
      "id": "way/911100403"
    },
    {
      "type": "Feature",
      "properties": {
        "@id": "way/911486371",
        "addr:housename": "Gallop House",
        "addr:housenumber": "21A",
        "addr:postcode": "6009",
        "addr:street": "Birdwood Parade",
        "addr:suburb": "Dalkeith",
        "building": "yes",
        "contact:website": "http://www.nationaltrust.net.au/content/gallop-house-dalkeith",
        "heritage": "2",
        "historic": "heritage",
        "image": "http://www.nationaltrust.net.au/sites/all/modules/imagemanager/files/Feature_Pictures_/Gallop.png",
        "name": "Gallop House",
        "tourism": "museum",
        "wikidata": "Q66975242",
        "wikimedia_commons": "Category:Gallop House, Dalkeith",
        "@geometry": "center"
      },
      "geometry": {
        "type": "Point",
        "coordinates": [
          115.8110796,
          -31.9960244
        ]
      },
      "id": "way/911486371"
    },
    {
      "type": "Feature",
      "properties": {
        "@id": "way/914054302",
        "name": "Ferguson's Vintage Machinery Display",
        "tourism": "museum",
        "@geometry": "center"
      },
      "geometry": {
        "type": "Point",
        "coordinates": [
          116.9253096,
          -32.1126348
        ]
      },
      "id": "way/914054302"
    },
    {
      "type": "Feature",
      "properties": {
        "@id": "way/914265903",
        "addr:housename": "Boronia",
        "addr:housenumber": "58",
        "addr:street": "Johnson Street",
        "building": "detached",
        "building:levels": "1",
        "check_date": "2025-05-17",
        "fee": "yes",
        "name": "Willoughby District Historical Society",
        "opening_hours": "Jan-Nov Su 13:00-16:00",
        "roof:shape": "hipped",
        "tourism": "museum",
        "website": "http://www.willoughbydhs.org.au/",
        "wheelchair": "no",
        "@geometry": "center"
      },
      "geometry": {
        "type": "Point",
        "coordinates": [
          151.1849396,
          -33.8000574
        ]
      },
      "id": "way/914265903"
    },
    {
      "type": "Feature",
      "properties": {
        "@id": "way/916885357",
        "addr:housenumber": "84",
        "addr:postcode": "2470",
        "addr:state": "NSW",
        "addr:street": "Centre Street",
        "addr:suburb": "Casino",
        "building": "yes",
        "museum": "military",
        "name": "Northern Rivers Miltary Museum",
        "operator": "Northern Rivers Military Museum",
        "operator:type": "private_non_profit",
        "tourism": "museum",
        "@geometry": "center"
      },
      "geometry": {
        "type": "Point",
        "coordinates": [
          153.0435842,
          -28.8699806
        ]
      },
      "id": "way/916885357"
    },
    {
      "type": "Feature",
      "properties": {
        "@id": "way/920879144",
        "addr:housenumber": "90",
        "addr:postcode": "7170",
        "addr:state": "TAS",
        "addr:street": "Denholms Road",
        "addr:suburb": "Cambridge",
        "building": "yes",
        "museum": "science",
        "name": "Grote Reber Museum",
        "operator": "University of Tasmania",
        "tourism": "museum",
        "website": "https://www.utas.edu.au/groterebermuseum",
        "@geometry": "center"
      },
      "geometry": {
        "type": "Point",
        "coordinates": [
          147.4409415,
          -42.8038444
        ]
      },
      "id": "way/920879144"
    },
    {
      "type": "Feature",
      "properties": {
        "@id": "way/921213721",
        "name": "Museum of the Goldfields",
        "opening_hours": "10:00-16:30",
        "operator": "Western Australian Museum",
        "source": "survey",
        "tourism": "museum",
        "website": "https://www.museum.wa.gov.au/museums/museum-of-the-goldfields",
        "wheelchair": "yes",
        "wikidata": "Q3567483",
        "wikipedia": "en:Western Australian Museum",
        "@geometry": "center"
      },
      "geometry": {
        "type": "Point",
        "coordinates": [
          121.4774796,
          -30.7440367
        ]
      },
      "id": "way/921213721"
    },
    {
      "type": "Feature",
      "properties": {
        "@id": "way/922853050",
        "building": "yes",
        "name": "Cambridge Downs Heritage Display Centre",
        "tourism": "museum",
        "website": "https://www.outbackqueensland.com.au/attractions/cambridge-downs-heritage-display-centre/",
        "@geometry": "center"
      },
      "geometry": {
        "type": "Point",
        "coordinates": [
          143.1442416,
          -20.7325552
        ]
      },
      "id": "way/922853050"
    },
    {
      "type": "Feature",
      "properties": {
        "@id": "way/922853051",
        "building": "yes",
        "tourism": "museum",
        "@geometry": "center"
      },
      "geometry": {
        "type": "Point",
        "coordinates": [
          143.144453,
          -20.7324437
        ]
      },
      "id": "way/922853051"
    },
    {
      "type": "Feature",
      "properties": {
        "@id": "way/925078889",
        "architect": "DC Connor & Son",
        "building": "yes",
        "description": "Originally called 'Olivene'. Sold to Ballina Shire when Ambrose Crawford died and used as a community health centre before being restored in 2003 as a museum.",
        "historic": "building",
        "name": "Crawford House",
        "opening_hours": "Fr 10:00-16:00, Su 13:00-16:00",
        "start_date": "1910",
        "tourism": "museum",
        "@geometry": "center"
      },
      "geometry": {
        "type": "Point",
        "coordinates": [
          153.4394847,
          -28.8429203
        ]
      },
      "id": "way/925078889"
    },
    {
      "type": "Feature",
      "properties": {
        "@id": "way/930851161",
        "building": "yes",
        "tourism": "museum",
        "@geometry": "center"
      },
      "geometry": {
        "type": "Point",
        "coordinates": [
          143.2666717,
          -26.6693817
        ]
      },
      "id": "way/930851161"
    },
    {
      "type": "Feature",
      "properties": {
        "@id": "way/931610556",
        "building": "yes",
        "name": "McMaster Machinery Shed - Ilfracombe Machinery and Heritage Museum",
        "tourism": "museum",
        "@geometry": "center"
      },
      "geometry": {
        "type": "Point",
        "coordinates": [
          144.5043495,
          -23.4883778
        ]
      },
      "id": "way/931610556"
    },
    {
      "type": "Feature",
      "properties": {
        "@id": "node/931636349",
        "name": "Dartmoor Coach House Museum",
        "tourism": "museum"
      },
      "geometry": {
        "type": "Point",
        "coordinates": [
          141.2785484,
          -37.9227697
        ]
      },
      "id": "node/931636349"
    },
    {
      "type": "Feature",
      "properties": {
        "@id": "way/932662962",
        "addr:housenumber": "6",
        "addr:street": "Broadway",
        "area": "yes",
        "museum": "history",
        "name": "Historic Village Herberton",
        "opening_hours": "Mo-Su 09:00-17:00",
        "tourism": "museum",
        "@geometry": "center"
      },
      "geometry": {
        "type": "Point",
        "coordinates": [
          145.3854164,
          -17.3737578
        ]
      },
      "id": "way/932662962"
    },
    {
      "type": "Feature",
      "properties": {
        "@id": "way/935704954",
        "addr:housenumber": "34",
        "addr:street": "Homestead Road",
        "building": "house",
        "building:levels": "1",
        "check_date": "2026-09-26",
        "fee": "no",
        "internet_access": "wlan",
        "internet_access:fee": "customers",
        "name": "Wilkinson Homestead Museum",
        "opening_hours": "Su 10:00-13:00, Tu 09:00-13:00",
        "phone": "+61 8 9397 3144",
        "roof:levels": "1",
        "roof:shape": "hipped",
        "tourism": "museum",
        "website": "https://www.gosnells.wa.gov.au/About_our_City/History_and_Heritage/Places_of_historic_interest/Wilkinson_Homestead_Museum",
        "wheelchair": "yes",
        "wikidata": "Q66976651",
        "@geometry": "center"
      },
      "geometry": {
        "type": "Point",
        "coordinates": [
          115.9819123,
          -32.0638828
        ]
      },
      "id": "way/935704954"
    },
    {
      "type": "Feature",
      "properties": {
        "@id": "way/936664274",
        "building": "yes",
        "museum": "military",
        "name": "Officers' Quarters Museum",
        "tourism": "museum",
        "@geometry": "center"
      },
      "geometry": {
        "type": "Point",
        "coordinates": [
          147.9252244,
          -43.0136107
        ]
      },
      "id": "way/936664274"
    },
    {
      "type": "Feature",
      "properties": {
        "@id": "way/937933968",
        "addr:housenumber": "1711",
        "addr:postcode": "4220",
        "addr:state": "QLD",
        "addr:street": "Gold Coast Highway",
        "addr:suburb": "Burleigh Heads",
        "building": "yes",
        "name": "Jellurgal Aboriginal Cultural Centre",
        "phone": "+61 7 5525 5955",
        "source": "Survey",
        "tourism": "museum",
        "website": "https://www.jellurgal.com.au/",
        "@geometry": "center"
      },
      "geometry": {
        "type": "Point",
        "coordinates": [
          153.4552115,
          -28.0965826
        ]
      },
      "id": "way/937933968"
    },
    {
      "type": "Feature",
      "properties": {
        "@id": "way/938651553",
        "building": "yes",
        "building:levels": "2",
        "fee": "yes",
        "name": "Port Macquarie Historical Society Museum",
        "opening_hours": "Mo-Sa 10:00-16:00",
        "source": "NSW LPI Base Map",
        "source:date": "2016-08",
        "tourism": "museum",
        "wheelchair": "no",
        "@geometry": "center"
      },
      "geometry": {
        "type": "Point",
        "coordinates": [
          152.9100772,
          -31.4293913
        ]
      },
      "id": "way/938651553"
    },
    {
      "type": "Feature",
      "properties": {
        "@id": "node/943129279",
        "check_date": "2026-04-16",
        "museum": "history",
        "name": "Eacham Historical Museum",
        "operator": "Eacham Historical Society",
        "operator:type": "community",
        "tourism": "museum"
      },
      "geometry": {
        "type": "Point",
        "coordinates": [
          145.6136962,
          -17.5119753
        ]
      },
      "id": "node/943129279"
    },
    {
      "type": "Feature",
      "properties": {
        "@id": "way/945303468",
        "building": "yes",
        "name": "Poochera District Museum",
        "source": "microsoft/BuildingFootprints",
        "tourism": "museum",
        "@geometry": "center"
      },
      "geometry": {
        "type": "Point",
        "coordinates": [
          134.8382527,
          -32.719991
        ]
      },
      "id": "way/945303468"
    },
    {
      "type": "Feature",
      "properties": {
        "@id": "way/951414876",
        "building": "yes",
        "name": "Ardrossan Museum",
        "operator": "National Trust of South Australia",
        "source": "microsoft/BuildingFootprints",
        "tourism": "museum",
        "@geometry": "center"
      },
      "geometry": {
        "type": "Point",
        "coordinates": [
          137.9179559,
          -34.4241538
        ]
      },
      "id": "way/951414876"
    },
    {
      "type": "Feature",
      "properties": {
        "@id": "way/951660052",
        "addr:housenumber": "107",
        "addr:postcode": "4209",
        "addr:state": "QLD",
        "addr:street": "Kriedeman Road",
        "addr:suburb": "Upper Coomera",
        "building": "yes",
        "name": "Gold Coast Motor Museum",
        "tourism": "museum",
        "@geometry": "center"
      },
      "geometry": {
        "type": "Point",
        "coordinates": [
          153.2578285,
          -27.9101414
        ]
      },
      "id": "way/951660052"
    },
    {
      "type": "Feature",
      "properties": {
        "@id": "way/954789357",
        "building": "yes",
        "museum": "history",
        "name": "Nepean Historical Society",
        "tourism": "museum",
        "@geometry": "center"
      },
      "geometry": {
        "type": "Point",
        "coordinates": [
          144.7365086,
          -38.3410862
        ]
      },
      "id": "way/954789357"
    },
    {
      "type": "Feature",
      "properties": {
        "@id": "way/958337091",
        "building": "yes",
        "tourism": "museum",
        "@geometry": "center"
      },
      "geometry": {
        "type": "Point",
        "coordinates": [
          149.7368955,
          -34.7566607
        ]
      },
      "id": "way/958337091"
    },
    {
      "type": "Feature",
      "properties": {
        "@id": "way/961264895",
        "addr:housenumber": "479",
        "addr:street": "Crystal Street",
        "area": "yes",
        "name": "The Conservation Centre",
        "opening_hours": "We 07:00-21:00; Th 09:00-12:00; Su 09:00-12:00",
        "tourism": "museum",
        "@geometry": "center"
      },
      "geometry": {
        "type": "Point",
        "coordinates": [
          141.4728487,
          -31.9557349
        ]
      },
      "id": "way/961264895"
    },
    {
      "type": "Feature",
      "properties": {
        "@id": "way/964208500",
        "building": "commercial",
        "museum": "history",
        "museum_type": "regional",
        "name": "Wondai Heritage Museum",
        "toilets": "yes",
        "tourism": "museum",
        "wheelchair": "limited",
        "@geometry": "center"
      },
      "geometry": {
        "type": "Point",
        "coordinates": [
          151.8731196,
          -26.3190442
        ]
      },
      "id": "way/964208500"
    },
    {
      "type": "Feature",
      "properties": {
        "@id": "node/964850392",
        "addr:housenumber": "22",
        "addr:street": "Buchanan Street",
        "alt_name": "Kandos Bicentennial Museum",
        "name": "Kandos Museum",
        "source": "voice",
        "source:alt_name": "LPI Base Map Aug 2016",
        "tourism": "museum",
        "website": "https://www.kandosmuseum.org.au"
      },
      "geometry": {
        "type": "Point",
        "coordinates": [
          149.9734836,
          -32.8603351
        ]
      },
      "id": "node/964850392"
    },
    {
      "type": "Feature",
      "properties": {
        "@id": "way/966087394",
        "brand": "Kennards Hire",
        "brand:wikidata": "Q63557330",
        "building": "yes",
        "name": "Kennards Hire Museum",
        "not:shop": "plant_hire",
        "tourism": "museum",
        "website": "https://kennards.com.au/our-story/museum",
        "@geometry": "center"
      },
      "geometry": {
        "type": "Point",
        "coordinates": [
          151.1893779,
          -33.8149402
        ]
      },
      "id": "way/966087394"
    },
    {
      "type": "Feature",
      "properties": {
        "@id": "way/967528851",
        "addr:housenumber": "205",
        "addr:postcode": "2714",
        "addr:state": "NSW",
        "addr:street": "Burma Road",
        "addr:suburb": "Tocumwal",
        "air_conditioning": "yes",
        "building": "yes",
        "charge": "15 AUD",
        "fee": "yes",
        "museum": "aerospace",
        "name": "Tocumwal Aviation Museum‎",
        "opening_hours": "Mo-Su 10:00-16:00",
        "phone": "+61 3 5895 0602",
        "tourism": "museum",
        "website": "https://www.tocumwalaviationmuseum.com.au/",
        "wikidata": "Q107639496",
        "@geometry": "center"
      },
      "geometry": {
        "type": "Point",
        "coordinates": [
          145.5937313,
          -35.8120514
        ]
      },
      "id": "way/967528851"
    },
    {
      "type": "Feature",
      "properties": {
        "@id": "way/971145902",
        "addr:street": "Lord Baden Powell Drive",
        "building": "yes",
        "museum": "local",
        "name": "The Museum of the Riverina",
        "operator": "Wagga Wagga City Council",
        "operator:type": "government",
        "phone": "+61 2 6926 9650",
        "tourism": "museum",
        "website": "https://www.wagga.nsw.gov.au/museum",
        "wikidata": "Q6941115",
        "wikipedia": "en:Museum of the Riverina",
        "@geometry": "center"
      },
      "geometry": {
        "type": "Point",
        "coordinates": [
          147.3681332,
          -35.128122
        ]
      },
      "id": "way/971145902"
    },
    {
      "type": "Feature",
      "properties": {
        "@id": "node/976313606",
        "name": "Federation Museum",
        "tourism": "museum"
      },
      "geometry": {
        "type": "Point",
        "coordinates": [
          146.3902174,
          -35.9962893
        ]
      },
      "id": "node/976313606"
    },
    {
      "type": "Feature",
      "properties": {
        "@id": "way/977819480",
        "building": "yes",
        "name": "Guyra Historical Museum",
        "source": "NSW LPI Base Map",
        "source:date": "2016-08",
        "tourism": "museum",
        "@geometry": "center"
      },
      "geometry": {
        "type": "Point",
        "coordinates": [
          151.6709268,
          -30.2236142
        ]
      },
      "id": "way/977819480"
    },
    {
      "type": "Feature",
      "properties": {
        "@id": "way/979549941",
        "addr:housenumber": "106",
        "addr:postcode": "4650",
        "addr:state": "QLD",
        "addr:street": "Wharf Street",
        "addr:suburb": "Maryborough",
        "building": "yes",
        "building:levels": "2",
        "name": "Maryborough Military and Colonial Museum",
        "tourism": "museum",
        "website": "https://www.maryboroughmuseum.org",
        "@geometry": "center"
      },
      "geometry": {
        "type": "Point",
        "coordinates": [
          152.7054676,
          -25.5388827
        ]
      },
      "id": "way/979549941"
    },
    {
      "type": "Feature",
      "properties": {
        "@id": "way/979549943",
        "building": "yes",
        "building:levels": "3",
        "museum": "history",
        "name": "The Story Book",
        "tourism": "museum",
        "@geometry": "center"
      },
      "geometry": {
        "type": "Point",
        "coordinates": [
          152.7043446,
          -25.5389691
        ]
      },
      "id": "way/979549943"
    },
    {
      "type": "Feature",
      "properties": {
        "@id": "way/980814859",
        "building": "yes",
        "tourism": "museum",
        "@geometry": "center"
      },
      "geometry": {
        "type": "Point",
        "coordinates": [
          133.0878794,
          -24.1256027
        ]
      },
      "id": "way/980814859"
    },
    {
      "type": "Feature",
      "properties": {
        "@id": "way/980844964",
        "building": "yes",
        "name": "Womens Museum",
        "tourism": "museum",
        "@geometry": "center"
      },
      "geometry": {
        "type": "Point",
        "coordinates": [
          131.2714304,
          -23.2647103
        ]
      },
      "id": "way/980844964"
    },
    {
      "type": "Feature",
      "properties": {
        "@id": "way/980844965",
        "building": "yes",
        "name": "Mens Museum",
        "tourism": "museum",
        "@geometry": "center"
      },
      "geometry": {
        "type": "Point",
        "coordinates": [
          131.2720365,
          -23.2640044
        ]
      },
      "id": "way/980844965"
    },
    {
      "type": "Feature",
      "properties": {
        "@id": "way/985108945",
        "building": "yes",
        "museum": "history",
        "name": "Schwerkolt Cottage Wine Cellar",
        "tourism": "museum",
        "@geometry": "center"
      },
      "geometry": {
        "type": "Point",
        "coordinates": [
          145.2112157,
          -37.8109886
        ]
      },
      "id": "way/985108945"
    },
    {
      "type": "Feature",
      "properties": {
        "@id": "way/989321346",
        "addr:postcode": "4480",
        "addr:state": "QLD",
        "addr:street": "Winchu Street",
        "addr:suburb": "Quilpie",
        "museum": "history",
        "name": "Quilpie Outback Powerhouse Museum",
        "tourism": "museum",
        "@geometry": "center"
      },
      "geometry": {
        "type": "Point",
        "coordinates": [
          144.2710468,
          -26.618354
        ]
      },
      "id": "way/989321346"
    },
    {
      "type": "Feature",
      "properties": {
        "@id": "node/989860549",
        "name": "Customs House Museum",
        "tourism": "museum"
      },
      "geometry": {
        "type": "Point",
        "coordinates": [
          150.3068241,
          -28.5489514
        ]
      },
      "id": "node/989860549"
    },
    {
      "type": "Feature",
      "properties": {
        "@id": "way/990243890",
        "area": "yes",
        "museum": "history",
        "name": "The Kenilworth Museum",
        "opening_hours": "Su 10:00-14:00",
        "operator": "Kenilworth & District Historical Association Inc",
        "operator:type": "association",
        "tourism": "museum",
        "@geometry": "center"
      },
      "geometry": {
        "type": "Point",
        "coordinates": [
          152.722927,
          -26.5933815
        ]
      },
      "id": "way/990243890"
    },
    {
      "type": "Feature",
      "properties": {
        "@id": "way/995968365",
        "building": "yes",
        "name": "Soaring Museum",
        "tourism": "museum",
        "@geometry": "center"
      },
      "geometry": {
        "type": "Point",
        "coordinates": [
          139.125962,
          -35.1807931
        ]
      },
      "id": "way/995968365"
    },
    {
      "type": "Feature",
      "properties": {
        "@id": "way/997354976",
        "addr:postcode": "2480",
        "addr:state": "NSW",
        "addr:street": "Molesworth Street",
        "addr:suburb": "Lismore",
        "building": "museum",
        "museum": "history",
        "name": "Richmond River Historical Society Museum",
        "operator": "Richmond River Historical Society",
        "operator:type": "private_non_profit",
        "tourism": "museum",
        "@geometry": "center"
      },
      "geometry": {
        "type": "Point",
        "coordinates": [
          153.2745211,
          -28.8101756
        ]
      },
      "id": "way/997354976"
    },
    {
      "type": "Feature",
      "properties": {
        "@id": "way/998251779",
        "building": "yes",
        "name": "Cracow Gold Mine Heritage Centre",
        "tourism": "museum",
        "@geometry": "center"
      },
      "geometry": {
        "type": "Point",
        "coordinates": [
          150.3014112,
          -25.294692
        ]
      },
      "id": "way/998251779"
    },
    {
      "type": "Feature",
      "properties": {
        "@id": "way/998728713",
        "building": "yes",
        "tourism": "museum",
        "@geometry": "center"
      },
      "geometry": {
        "type": "Point",
        "coordinates": [
          144.2750949,
          -23.4444501
        ]
      },
      "id": "way/998728713"
    },
    {
      "type": "Feature",
      "properties": {
        "@id": "way/998728726",
        "building": "yes",
        "name": "Powerhouse Museum",
        "tourism": "museum",
        "website": "https://experiencelongreach.com.au/longreach-powerhouse-historical-museum/",
        "@geometry": "center"
      },
      "geometry": {
        "type": "Point",
        "coordinates": [
          144.2453936,
          -23.4404257
        ]
      },
      "id": "way/998728726"
    },
    {
      "type": "Feature",
      "properties": {
        "@id": "way/998728731",
        "building": "yes",
        "name": "Original Q.A.N.T.A.S. Founder's Workshop",
        "tourism": "museum",
        "@geometry": "center"
      },
      "geometry": {
        "type": "Point",
        "coordinates": [
          144.2712146,
          -23.439352
        ]
      },
      "id": "way/998728731"
    },
    {
      "type": "Feature",
      "properties": {
        "@id": "way/998733435",
        "building": "yes",
        "layer": "-1",
        "name": "Willie Mar Chinese Market - Heritage Site",
        "tourism": "museum",
        "@geometry": "center"
      },
      "geometry": {
        "type": "Point",
        "coordinates": [
          143.0376724,
          -22.3915959
        ]
      },
      "id": "way/998733435"
    },
    {
      "type": "Feature",
      "properties": {
        "@id": "way/998733436",
        "building": "yes",
        "name": "March of the Titanosaurs Exhibit",
        "tourism": "museum",
        "@geometry": "center"
      },
      "geometry": {
        "type": "Point",
        "coordinates": [
          143.1705585,
          -22.4804254
        ]
      },
      "id": "way/998733436"
    },
    {
      "type": "Feature",
      "properties": {
        "@id": "way/1000096994",
        "building": "yes",
        "fee": "yes",
        "museum": "history",
        "name": "Roy Emerson Museum",
        "opening_hours": "Mo-Su 10:00-15:00",
        "operator": "Blackbutt District Tourism & Heritage Association",
        "operator:type": "association",
        "phone": "+61 7 4163 0146",
        "tourism": "museum",
        "website": "https://www.facebook.com/Blackbutt.History",
        "@geometry": "center"
      },
      "geometry": {
        "type": "Point",
        "coordinates": [
          152.1017759,
          -26.8831623
        ]
      },
      "id": "way/1000096994"
    },
    {
      "type": "Feature",
      "properties": {
        "@id": "way/1002153186",
        "building": "yes",
        "name": "Bundanon Homestead",
        "tourism": "museum",
        "@geometry": "center"
      },
      "geometry": {
        "type": "Point",
        "coordinates": [
          150.5028452,
          -34.8901027
        ]
      },
      "id": "way/1002153186"
    },
    {
      "type": "Feature",
      "properties": {
        "@id": "node/1002400622",
        "alt_name": "Gloucester District Historical Society Museum",
        "name": "Folk Museum",
        "source": "voice",
        "source:alt_name": "LPI Base Map Aug 2016",
        "tourism": "museum"
      },
      "geometry": {
        "type": "Point",
        "coordinates": [
          151.9590093,
          -32.0046319
        ]
      },
      "id": "node/1002400622"
    },
    {
      "type": "Feature",
      "properties": {
        "@id": "way/1006690992",
        "addr:housenumber": "59",
        "addr:postcode": "3409",
        "addr:state": "VIC",
        "addr:street": "Main Street",
        "addr:suburb": "Natimuk",
        "building": "yes",
        "name": "Arapiles Climbing Museum",
        "opening_hours": "Su 14:00-16:00",
        "operator": "Arapiles Historical Society",
        "tourism": "museum",
        "wheelchair": "no",
        "@geometry": "center"
      },
      "geometry": {
        "type": "Point",
        "coordinates": [
          141.9448015,
          -36.7407168
        ]
      },
      "id": "way/1006690992"
    },
    {
      "type": "Feature",
      "properties": {
        "@id": "way/1009936215",
        "addr:housenumber": "632",
        "addr:postcode": "2164",
        "addr:state": "NSW",
        "addr:street": "The Horsley Drive",
        "addr:suburb": "Smithfield",
        "building": "no",
        "museum": "history",
        "name": "Fairfield City Museum and Gallery",
        "operator": "Fairfield City Council",
        "operator:type": "government",
        "tourism": "museum",
        "@geometry": "center"
      },
      "geometry": {
        "type": "Point",
        "coordinates": [
          150.9420821,
          -33.854536
        ]
      },
      "id": "way/1009936215"
    },
    {
      "type": "Feature",
      "properties": {
        "@id": "way/1014194192",
        "addr:housenumber": "67",
        "addr:postcode": "3444",
        "addr:state": "VIC",
        "addr:street": "Piper Street",
        "addr:suburb": "Kyneton",
        "building": "yes",
        "building:levels": "2",
        "name": "Kyneton Museum",
        "phone": "+61 3 5422 1228",
        "tourism": "museum",
        "website": "https://www.mrsc.vic.gov.au/See-Do/Arts-Culture/Kyneton-Museum",
        "@geometry": "center"
      },
      "geometry": {
        "type": "Point",
        "coordinates": [
          144.4488003,
          -37.244315
        ]
      },
      "id": "way/1014194192"
    },
    {
      "type": "Feature",
      "properties": {
        "@id": "node/1016667360",
        "name": "City Park Radio Museum",
        "tourism": "museum",
        "website": "http://cityparkradio.com/radio-museum/"
      },
      "geometry": {
        "type": "Point",
        "coordinates": [
          147.14192,
          -41.4334977
        ]
      },
      "id": "node/1016667360"
    },
    {
      "type": "Feature",
      "properties": {
        "@id": "way/1017077358",
        "addr:housenumber": "34-36",
        "addr:street": "High Street",
        "building": "yes",
        "museum": "transport",
        "name": "Gilbert's Motor Museum",
        "opening_hours": "We-Su 10:00-16:00",
        "phone": "+61 408 234 000",
        "source": "microsoft/BuildingFootprints",
        "tourism": "museum",
        "website": "https://strathalbynmotormuseum.com.au/",
        "@geometry": "center"
      },
      "geometry": {
        "type": "Point",
        "coordinates": [
          138.8936023,
          -35.2555705
        ]
      },
      "id": "way/1017077358"
    },
    {
      "type": "Feature",
      "properties": {
        "@id": "way/1021342149",
        "addr:housenumber": "172",
        "addr:postcode": "2154",
        "addr:state": "NSW",
        "addr:street": "Showground Road",
        "addr:suburb": "Castle Hill",
        "building": "no",
        "name": "Museums Discovery Centre",
        "opening_hours": "Sa-Su 10:00-16:00",
        "operator": "Museum of Applied Arts and Sciences",
        "operator:type": "public",
        "tourism": "museum",
        "website": "https://www.maas.museum/museums-discovery-centre",
        "@geometry": "center"
      },
      "geometry": {
        "type": "Point",
        "coordinates": [
          150.9732327,
          -33.7246968
        ]
      },
      "id": "way/1021342149"
    },
    {
      "type": "Feature",
      "properties": {
        "@id": "way/1021537187",
        "addr:housenumber": "51",
        "addr:postcode": "3518",
        "addr:state": "VIC",
        "addr:street": "High Street",
        "addr:suburb": "Wedderburn",
        "building": "yes",
        "fee": "no",
        "name": "Coach House Gallery & Museum",
        "tourism": "museum",
        "@geometry": "center"
      },
      "geometry": {
        "type": "Point",
        "coordinates": [
          143.6137097,
          -36.4192194
        ]
      },
      "id": "way/1021537187"
    },
    {
      "type": "Feature",
      "properties": {
        "@id": "way/1028280737",
        "building": "yes",
        "museum": "aerospace",
        "name": "Historical Aircraft Restoration Society - Parkes Aviation Museum",
        "opening_hours": "Th, Su 09:30-15:30",
        "operator": "HARS",
        "operator:type": "association",
        "phone": "+61 418 473 175",
        "tourism": "museum",
        "website": "https://hars.org.au/hars-parkes-aviation-museum/",
        "@geometry": "center"
      },
      "geometry": {
        "type": "Point",
        "coordinates": [
          148.2324991,
          -33.1383046
        ]
      },
      "id": "way/1028280737"
    },
    {
      "type": "Feature",
      "properties": {
        "@id": "way/1028862248",
        "addr:housenumber": "17",
        "addr:street": "Emerald Street",
        "building": "yes",
        "building:levels": "1",
        "contact:facebook": "https://www.facebook.com/cooroynoosagene/",
        "museum": "history",
        "name": "The Heritage Centre",
        "opening_hours": "Tu,Th,Sa 09:30-13:00",
        "operator": "Cooroy-Noosa Genealogical & Historical Research Group",
        "operator:type": "association",
        "phone": "+61 7 3129 0356",
        "tourism": "museum",
        "website": "https://www.genealogy-noosa.org.au/home",
        "@geometry": "center"
      },
      "geometry": {
        "type": "Point",
        "coordinates": [
          152.9077281,
          -26.4169298
        ]
      },
      "id": "way/1028862248"
    },
    {
      "type": "Feature",
      "properties": {
        "@id": "way/1031525721",
        "building": "yes",
        "name": "Redcliffe Museum",
        "tourism": "museum",
        "wheelchair": "yes",
        "@geometry": "center"
      },
      "geometry": {
        "type": "Point",
        "coordinates": [
          153.1110609,
          -27.2307975
        ]
      },
      "id": "way/1031525721"
    },
    {
      "type": "Feature",
      "properties": {
        "@id": "way/1033127963",
        "addr:housenumber": "67",
        "addr:street": "Cowper Street",
        "building": "yes",
        "museum": "history",
        "name": "Stroud Court House Museum",
        "tourism": "museum",
        "website": "https://www.stroudhistoricalsociety.com/",
        "@geometry": "center"
      },
      "geometry": {
        "type": "Point",
        "coordinates": [
          151.9670236,
          -32.4033584
        ]
      },
      "id": "way/1033127963"
    },
    {
      "type": "Feature",
      "properties": {
        "@id": "way/1036678280",
        "addr:housenumber": "2",
        "addr:street": "Plantation Road",
        "building": "commercial",
        "building:levels": "1",
        "check_date:opening_hours": "2023-02-13",
        "museum": "history",
        "name": "Yugambeh Museum",
        "opening_hours:signed": "no",
        "roof:shape": "gabled",
        "tourism": "museum",
        "@geometry": "center"
      },
      "geometry": {
        "type": "Point",
        "coordinates": [
          153.2164257,
          -27.7246214
        ]
      },
      "id": "way/1036678280"
    },
    {
      "type": "Feature",
      "properties": {
        "@id": "node/1040901790",
        "name": "Monto Historical and Cultural Centre",
        "source": "survey",
        "tourism": "museum"
      },
      "geometry": {
        "type": "Point",
        "coordinates": [
          151.110737,
          -24.8633829
        ]
      },
      "id": "node/1040901790"
    },
    {
      "type": "Feature",
      "properties": {
        "@id": "way/1041948671",
        "addr:housenumber": "270",
        "addr:postcode": "4114",
        "addr:state": "QLD",
        "addr:street": "Jacaranda Avenue",
        "addr:suburb": "Kingston",
        "building": "yes",
        "charge": "2 AUD",
        "fee": "yes",
        "museum": "local",
        "name": "Logan City Historical Museum",
        "opening_hours": "Tu-Sa 10:00-15:00",
        "operator": "Logan City Historical Museum Society Inc",
        "operator:type": "private",
        "tourism": "museum",
        "website": "https://logancitymuseumqld.org/",
        "@geometry": "center"
      },
      "geometry": {
        "type": "Point",
        "coordinates": [
          153.1193679,
          -27.6580655
        ]
      },
      "id": "way/1041948671"
    },
    {
      "type": "Feature",
      "properties": {
        "@id": "way/1043274923",
        "addr:housenumber": "12-14",
        "addr:postcode": "3496",
        "addr:state": "VIC",
        "addr:street": "Jamieson Avenue",
        "addr:suburb": "Red Cliffs",
        "building": "yes",
        "museum": "history",
        "name": "Red Cliffs Military Museum",
        "tourism": "museum",
        "@geometry": "center"
      },
      "geometry": {
        "type": "Point",
        "coordinates": [
          142.1874919,
          -34.3086666
        ]
      },
      "id": "way/1043274923"
    },
    {
      "type": "Feature",
      "properties": {
        "@id": "way/1053594977",
        "name": "Lock & Districts Heritage Museum",
        "tourism": "museum",
        "@geometry": "center"
      },
      "geometry": {
        "type": "Point",
        "coordinates": [
          135.7563543,
          -33.5682568
        ]
      },
      "id": "way/1053594977"
    },
    {
      "type": "Feature",
      "properties": {
        "@id": "way/1054391249",
        "name": "Gunnedah Water Tower Museum",
        "note": "museum located inside former water tank",
        "opening_hours": "Sa 10:00-14:00",
        "tourism": "museum",
        "website": "https://mgnsw.org.au/organisations/gunnedah-water-tower-museum/",
        "@geometry": "center"
      },
      "geometry": {
        "type": "Point",
        "coordinates": [
          150.254739,
          -30.9831274
        ]
      },
      "id": "way/1054391249"
    },
    {
      "type": "Feature",
      "properties": {
        "@id": "way/1055245496",
        "building": "yes",
        "name": "Belwood Museum",
        "tourism": "museum",
        "@geometry": "center"
      },
      "geometry": {
        "type": "Point",
        "coordinates": [
          135.7317455,
          -34.1416865
        ]
      },
      "id": "way/1055245496"
    },
    {
      "type": "Feature",
      "properties": {
        "@id": "node/1055537182",
        "name": "Templin Historical Village",
        "source": "survey",
        "tourism": "museum"
      },
      "geometry": {
        "type": "Point",
        "coordinates": [
          152.6499875,
          -27.9734626
        ]
      },
      "id": "node/1055537182"
    },
    {
      "type": "Feature",
      "properties": {
        "@id": "way/1056828978",
        "addr:housenumber": "89-91",
        "addr:postcode": "2550",
        "addr:state": "NSW",
        "addr:street": "Bega Street",
        "addr:suburb": "Bega",
        "building": "yes",
        "name": "Bega Pioneers Muesum",
        "opening_hours": "Mo, We, Fr, Sa 10:00-14:00",
        "tourism": "museum",
        "@geometry": "center"
      },
      "geometry": {
        "type": "Point",
        "coordinates": [
          149.8415458,
          -36.6717715
        ]
      },
      "id": "way/1056828978"
    },
    {
      "type": "Feature",
      "properties": {
        "@id": "way/1057504962",
        "building": "yes",
        "layer": "-1",
        "tourism": "museum",
        "@geometry": "center"
      },
      "geometry": {
        "type": "Point",
        "coordinates": [
          145.7145186,
          -37.1848953
        ]
      },
      "id": "way/1057504962"
    },
    {
      "type": "Feature",
      "properties": {
        "@id": "way/1057568814",
        "addr:housenumber": "1846",
        "addr:postcode": "7140",
        "addr:state": "TAS",
        "addr:street": "Victoria Valley Road",
        "addr:suburb": "Osterley",
        "building": "yes",
        "fee": "no",
        "museum": "history",
        "name": "Osterley War Memorial Hall",
        "opening_hours": "Mo-Su 00:00-12:00+",
        "tourism": "museum",
        "@geometry": "center"
      },
      "geometry": {
        "type": "Point",
        "coordinates": [
          146.740737,
          -42.3476247
        ]
      },
      "id": "way/1057568814"
    },
    {
      "type": "Feature",
      "properties": {
        "@id": "way/1057577817",
        "addr:postcode": "6525",
        "addr:state": "WA",
        "addr:street": "Point Leander Drive",
        "addr:suburb": "Port Denison",
        "building": "yes",
        "name": "Russ Cottage",
        "tourism": "museum",
        "wikidata": "Q66976068",
        "@geometry": "center"
      },
      "geometry": {
        "type": "Point",
        "coordinates": [
          114.9348358,
          -29.254771
        ]
      },
      "id": "way/1057577817"
    },
    {
      "type": "Feature",
      "properties": {
        "@id": "way/1067138006",
        "building": "yes",
        "building:material": "wood",
        "building:use": "cultural",
        "height": "5",
        "museum": "history",
        "museum_type": "regional",
        "name": "Rosewood Scrub Historical Society",
        "roof:material": "metal",
        "roof:orientation": "along",
        "roof:shape": "gabled",
        "tourism": "museum",
        "wheelchair": "no",
        "@geometry": "center"
      },
      "geometry": {
        "type": "Point",
        "coordinates": [
          152.59582,
          -27.5658397
        ]
      },
      "id": "way/1067138006"
    },
    {
      "type": "Feature",
      "properties": {
        "@id": "way/1067437308",
        "addr:housenumber": "4-6",
        "addr:street": "William Street",
        "check_date:opening_hours": "2022-06-07",
        "fee": "yes",
        "name": "Mid North Coast Maritime Museum",
        "opening_hours": "PH,Mo-Su 10:00-16:00",
        "tourism": "museum",
        "wheelchair": "yes",
        "@geometry": "center"
      },
      "geometry": {
        "type": "Point",
        "coordinates": [
          152.9219114,
          -31.4308933
        ]
      },
      "id": "way/1067437308"
    },
    {
      "type": "Feature",
      "properties": {
        "@id": "way/1069588847",
        "addr:housenumber": "41",
        "addr:postcode": "7011",
        "addr:state": "TAS",
        "addr:street": "Main Road",
        "addr:suburb": "Claremont",
        "building": "yes",
        "museum": "history",
        "name": "Claremont War Memorial Hall",
        "phone": "+61 3 6216 6800",
        "tourism": "museum",
        "@geometry": "center"
      },
      "geometry": {
        "type": "Point",
        "coordinates": [
          147.2538664,
          -42.7899915
        ]
      },
      "id": "way/1069588847"
    },
    {
      "type": "Feature",
      "properties": {
        "@id": "way/1071589980",
        "building": "yes",
        "museum": "history",
        "name": "Old Butcher Shop Mini Museum",
        "tourism": "museum",
        "@geometry": "center"
      },
      "geometry": {
        "type": "Point",
        "coordinates": [
          144.6004565,
          -25.9108121
        ]
      },
      "id": "way/1071589980"
    },
    {
      "type": "Feature",
      "properties": {
        "@id": "way/1079380690",
        "addr:street": "University Place",
        "air_conditioning": "yes",
        "building": "museum",
        "building:levels": "3",
        "contact:facebook": "ccwm.sydney",
        "contact:instagram": "ccwm_sydney",
        "email": "ccwm.info@sydney.edu.au",
        "fee": "no",
        "internet_access": "wlan",
        "museum": "art;science;history",
        "name": "Chau Chak Wing Museum",
        "opening_hours": "Mo-Fr 10:00-17:00; Sa-Su 12:00-16:00; PH off",
        "operator": "University of Sydney",
        "operator:type": "university",
        "phone": "+61 2 9351 2812",
        "toilets": "yes",
        "tourism": "museum",
        "website": "https://www.sydney.edu.au/museum/",
        "wheelchair": "yes",
        "@geometry": "center"
      },
      "geometry": {
        "type": "Point",
        "coordinates": [
          151.1904745,
          -33.8852705
        ]
      },
      "id": "way/1079380690"
    },
    {
      "type": "Feature",
      "properties": {
        "@id": "node/1080476563",
        "name": "Hawkesbury Regional Museum",
        "tourism": "museum"
      },
      "geometry": {
        "type": "Point",
        "coordinates": [
          150.8223491,
          -33.6046159
        ]
      },
      "id": "node/1080476563"
    },
    {
      "type": "Feature",
      "properties": {
        "@id": "way/1085595240",
        "building": "yes",
        "layer": "1",
        "tourism": "museum",
        "@geometry": "center"
      },
      "geometry": {
        "type": "Point",
        "coordinates": [
          115.9481875,
          -31.8361136
        ]
      },
      "id": "way/1085595240"
    },
    {
      "type": "Feature",
      "properties": {
        "@id": "way/1086410590",
        "addr:housenumber": "87",
        "addr:postcode": "4714",
        "addr:state": "QLD",
        "addr:street": "Morgan Street",
        "addr:suburb": "Mount Morgan",
        "building": "yes",
        "museum": "history",
        "name": "Mount Morgan Historical Museum",
        "opening_hours": "Mo-Su 10:00-16:00",
        "tourism": "museum",
        "@geometry": "center"
      },
      "geometry": {
        "type": "Point",
        "coordinates": [
          150.3892907,
          -23.6449839
        ]
      },
      "id": "way/1086410590"
    },
    {
      "type": "Feature",
      "properties": {
        "@id": "way/1087810724",
        "addr:postcode": "2648",
        "addr:street": "Beverley Street",
        "addr:town": "Wentwoth",
        "building": "yes",
        "name": "Wentworth Pioneer Museum",
        "name:en": "Wentworth Pioneer Museum",
        "opening_hours": "Mo-Su 10:00-16:00",
        "source": "survey",
        "tourism": "museum",
        "@geometry": "center"
      },
      "geometry": {
        "type": "Point",
        "coordinates": [
          141.9143361,
          -34.1020113
        ]
      },
      "id": "way/1087810724"
    },
    {
      "type": "Feature",
      "properties": {
        "@id": "way/1095052531",
        "building": "yes",
        "name": "Derby Schoolhouse Museum",
        "tourism": "museum",
        "@geometry": "center"
      },
      "geometry": {
        "type": "Point",
        "coordinates": [
          147.8012949,
          -41.1465611
        ]
      },
      "id": "way/1095052531"
    },
    {
      "type": "Feature",
      "properties": {
        "@id": "way/1095343664",
        "name": "Merredin Railway Museum",
        "tourism": "museum",
        "wikidata": "Q114002096",
        "@geometry": "center"
      },
      "geometry": {
        "type": "Point",
        "coordinates": [
          118.278001,
          -31.4829354
        ]
      },
      "id": "way/1095343664"
    },
    {
      "type": "Feature",
      "properties": {
        "@id": "way/1095343669",
        "name": "Merredin Military Museum",
        "tourism": "museum",
        "wikidata": "Q114002035",
        "@geometry": "center"
      },
      "geometry": {
        "type": "Point",
        "coordinates": [
          118.2806375,
          -31.4832178
        ]
      },
      "id": "way/1095343669"
    },
    {
      "type": "Feature",
      "properties": {
        "@id": "way/1098960554",
        "building": "yes",
        "name": "Yalgoo Museum",
        "tourism": "museum",
        "@geometry": "center"
      },
      "geometry": {
        "type": "Point",
        "coordinates": [
          116.6818025,
          -28.3414012
        ]
      },
      "id": "way/1098960554"
    },
    {
      "type": "Feature",
      "properties": {
        "@id": "way/1101478607",
        "building": "yes",
        "museum": "history",
        "name": "Swan Reach Museum",
        "tourism": "museum",
        "@geometry": "center"
      },
      "geometry": {
        "type": "Point",
        "coordinates": [
          139.5983348,
          -34.5700585
        ]
      },
      "id": "way/1101478607"
    },
    {
      "type": "Feature",
      "properties": {
        "@id": "way/1101890821",
        "addr:housenumber": "20",
        "addr:postcode": "4055",
        "addr:state": "QLD",
        "addr:street": "Tramway Street",
        "addr:suburb": "Ferny Grove",
        "barrier": "fence",
        "email": "info@brisbanetramwaymuseum.org",
        "fee": "yes",
        "museum": "railway",
        "name": "Brisbane Tramway Museum",
        "opening_hours": "Su 12:30-16:00",
        "operator": "Brisbane Tramway Museum Society",
        "phone": "+61 7 3351 1776",
        "tourism": "museum",
        "website": "https://www.brisbanetramwaymuseum.org/",
        "wheelchair": "limited",
        "wikidata": "Q4968620",
        "wikipedia": "en:Brisbane Tramway Museum",
        "@geometry": "center"
      },
      "geometry": {
        "type": "Point",
        "coordinates": [
          152.9378644,
          -27.4073038
        ]
      },
      "id": "way/1101890821"
    },
    {
      "type": "Feature",
      "properties": {
        "@id": "way/1103024367",
        "building": "yes",
        "name": "Granya Museum",
        "tourism": "museum",
        "@geometry": "center"
      },
      "geometry": {
        "type": "Point",
        "coordinates": [
          147.3221965,
          -36.1073256
        ]
      },
      "id": "way/1103024367"
    },
    {
      "type": "Feature",
      "properties": {
        "@id": "way/1116462792",
        "building": "yes",
        "museum": "history",
        "tourism": "museum",
        "@geometry": "center"
      },
      "geometry": {
        "type": "Point",
        "coordinates": [
          147.1409169,
          -41.4284298
        ]
      },
      "id": "way/1116462792"
    },
    {
      "type": "Feature",
      "properties": {
        "@id": "node/1117739786",
        "fee": "no",
        "museum": "local",
        "name": "Susannah Place Museum",
        "opening_hours": "Th-Sa 10:00-17:00",
        "operator": "Museums of History New South Wales",
        "toilets": "no",
        "tourism": "museum",
        "website": "https://mhnsw.au/visit-us/susannah-place/",
        "wheelchair": "no",
        "wikidata": "Q7648734"
      },
      "geometry": {
        "type": "Point",
        "coordinates": [
          151.2074289,
          -33.8600915
        ]
      },
      "id": "node/1117739786"
    },
    {
      "type": "Feature",
      "properties": {
        "@id": "node/1118027854",
        "name": "Rathdowney Information Centre and Museum",
        "source": "survey",
        "tourism": "museum"
      },
      "geometry": {
        "type": "Point",
        "coordinates": [
          152.8633835,
          -28.2122237
        ]
      },
      "id": "node/1118027854"
    },
    {
      "type": "Feature",
      "properties": {
        "@id": "way/1122834089",
        "building": "yes",
        "museum": "history",
        "name": "Morawa Historical Society Museum",
        "tourism": "museum",
        "@geometry": "center"
      },
      "geometry": {
        "type": "Point",
        "coordinates": [
          116.0070076,
          -29.2100352
        ]
      },
      "id": "way/1122834089"
    },
    {
      "type": "Feature",
      "properties": {
        "@id": "way/1123519923",
        "building": "yes",
        "name": "Koobabbie Precinct",
        "tourism": "museum",
        "@geometry": "center"
      },
      "geometry": {
        "type": "Point",
        "coordinates": [
          116.0228044,
          -29.8814055
        ]
      },
      "id": "way/1123519923"
    },
    {
      "type": "Feature",
      "properties": {
        "@id": "way/1126040257",
        "building": "yes",
        "name": "Koorda Museum",
        "tourism": "museum",
        "@geometry": "center"
      },
      "geometry": {
        "type": "Point",
        "coordinates": [
          117.486183,
          -30.8260366
        ]
      },
      "id": "way/1126040257"
    },
    {
      "type": "Feature",
      "properties": {
        "@id": "way/1127618142",
        "building": "yes",
        "museum": "transport;local",
        "name": "The Depot",
        "operator": "Purtills",
        "operator:type": "private",
        "tourism": "museum",
        "@geometry": "center"
      },
      "geometry": {
        "type": "Point",
        "coordinates": [
          144.95195,
          -35.5335396
        ]
      },
      "id": "way/1127618142"
    },
    {
      "type": "Feature",
      "properties": {
        "@id": "way/1131851597",
        "building": "yes",
        "layer": "1",
        "name": "Ballarat Tramway Museum",
        "tourism": "museum",
        "@geometry": "center"
      },
      "geometry": {
        "type": "Point",
        "coordinates": [
          143.8203762,
          -37.5517816
        ]
      },
      "id": "way/1131851597"
    },
    {
      "type": "Feature",
      "properties": {
        "@id": "node/1135473192",
        "museum": "history",
        "name": "Eromanga Living History Centre",
        "tourism": "museum"
      },
      "geometry": {
        "type": "Point",
        "coordinates": [
          143.2666967,
          -26.6693583
        ]
      },
      "id": "node/1135473192"
    },
    {
      "type": "Feature",
      "properties": {
        "@id": "way/1135580182",
        "building": "yes",
        "name": "Bunbury Regional Art Gallery",
        "tourism": "museum",
        "wikidata": "Q66974986",
        "@geometry": "center"
      },
      "geometry": {
        "type": "Point",
        "coordinates": [
          115.6351604,
          -33.3249822
        ]
      },
      "id": "way/1135580182"
    },
    {
      "type": "Feature",
      "properties": {
        "@id": "way/1135580184",
        "building": "yes",
        "name": "Bunbury Geographe Motor Museum",
        "tourism": "museum",
        "@geometry": "center"
      },
      "geometry": {
        "type": "Point",
        "coordinates": [
          115.6362447,
          -33.3246391
        ]
      },
      "id": "way/1135580184"
    },
    {
      "type": "Feature",
      "properties": {
        "@id": "way/1135668012",
        "addr:housenumber": "216",
        "amenity": "museum",
        "fee": "yes",
        "name": "Tamworth Powerstation Museum",
        "opening_hours": "We-Sa 09:00-13:00",
        "tourism": "museum",
        "url": "http://tamworthpowerstationmuseum.com.au",
        "wheelchair": "yes",
        "@geometry": "center"
      },
      "geometry": {
        "type": "Point",
        "coordinates": [
          150.9270001,
          -31.0871162
        ]
      },
      "id": "way/1135668012"
    },
    {
      "type": "Feature",
      "properties": {
        "@id": "node/1137182371",
        "contact:phone": "+61 8 9646 1555",
        "name": "Beverley Aeronautical Museum",
        "operator": "Shire of Beverley",
        "tourism": "museum"
      },
      "geometry": {
        "type": "Point",
        "coordinates": [
          116.9245822,
          -32.1093916
        ]
      },
      "id": "node/1137182371"
    },
    {
      "type": "Feature",
      "properties": {
        "@id": "node/1145079940",
        "addr:housenumber": "3",
        "addr:postcode": "5280",
        "addr:street": "Railway Terrace",
        "addr:suburb": "Beachport",
        "description": "Built in 1879 as shipping house and warehouse, using local freestone with sawn Coraline limestone quoins.",
        "name": "Beachport Old Wool and Grain Store National Trust Museum",
        "note": "Adults $5, Concessions $4, Children $2, Family $10, Bus Tour Groups $4pp",
        "opening_hours": "Mo-Su 10:00-16:00; Jul-Aug Mo-Su 10:00-15:00",
        "operator": "National Trust",
        "tourism": "museum",
        "website": "https://www.nationaltrust.org.au/places/beachport-old-wool-grain-store-museum/",
        "wheelchair": "yes"
      },
      "geometry": {
        "type": "Point",
        "coordinates": [
          140.0137591,
          -37.4818702
        ]
      },
      "id": "node/1145079940"
    },
    {
      "type": "Feature",
      "properties": {
        "@id": "node/1148516571",
        "name": "Forsight Gallery",
        "tourism": "museum",
        "wheelchair": "no"
      },
      "geometry": {
        "type": "Point",
        "coordinates": [
          151.7668847,
          -32.9297275
        ]
      },
      "id": "node/1148516571"
    },
    {
      "type": "Feature",
      "properties": {
        "@id": "way/1149060718",
        "building": "yes",
        "name": "Agricultural Museum",
        "tourism": "museum",
        "@geometry": "center"
      },
      "geometry": {
        "type": "Point",
        "coordinates": [
          136.9215814,
          -33.6805754
        ]
      },
      "id": "way/1149060718"
    },
    {
      "type": "Feature",
      "properties": {
        "@id": "way/1157561691",
        "area": "yes",
        "building": "yes",
        "name": "Rouse Hill House",
        "tourism": "museum",
        "@geometry": "center"
      },
      "geometry": {
        "type": "Point",
        "coordinates": [
          150.9068472,
          -33.6741328
        ]
      },
      "id": "way/1157561691"
    },
    {
      "type": "Feature",
      "properties": {
        "@id": "way/1158184113",
        "building": "yes",
        "museum": "history",
        "name": "Boort Court House Historical Museum",
        "tourism": "museum",
        "@geometry": "center"
      },
      "geometry": {
        "type": "Point",
        "coordinates": [
          143.7237155,
          -36.1162245
        ]
      },
      "id": "way/1158184113"
    },
    {
      "type": "Feature",
      "properties": {
        "@id": "way/1159549099",
        "museum": "history",
        "name": "Benalla Migrant Camp",
        "phone": "+61 439 001 918",
        "tourism": "museum",
        "website": "https://www.benallamigrantcamp.com.au/",
        "@geometry": "center"
      },
      "geometry": {
        "type": "Point",
        "coordinates": [
          145.9989152,
          -36.5548589
        ]
      },
      "id": "way/1159549099"
    },
    {
      "type": "Feature",
      "properties": {
        "@id": "way/1159891798",
        "building": "yes",
        "museum": "history",
        "name": "Yanco Powerhouse Museum",
        "tourism": "museum",
        "@geometry": "center"
      },
      "geometry": {
        "type": "Point",
        "coordinates": [
          146.4072374,
          -34.6033928
        ]
      },
      "id": "way/1159891798"
    },
    {
      "type": "Feature",
      "properties": {
        "@id": "way/1162777118",
        "building": "shed",
        "tourism": "museum",
        "@geometry": "center"
      },
      "geometry": {
        "type": "Point",
        "coordinates": [
          145.0149905,
          -36.5865318
        ]
      },
      "id": "way/1162777118"
    },
    {
      "type": "Feature",
      "properties": {
        "@id": "node/1162866688",
        "addr:housenumber": "126",
        "addr:postcode": "5015",
        "addr:street": "Lipson Street",
        "fee": "yes",
        "name": "South Australian Maritime Museum",
        "phone": "+61 8 8207 6255",
        "tourism": "museum",
        "website": "http://maritime.historysa.com.au/",
        "wikidata": "Q18165679"
      },
      "geometry": {
        "type": "Point",
        "coordinates": [
          138.5062544,
          -34.8431475
        ]
      },
      "id": "node/1162866688"
    },
    {
      "type": "Feature",
      "properties": {
        "@id": "way/1164297205",
        "building": "yes",
        "name": "Dajarra Museum",
        "tourism": "museum",
        "@geometry": "center"
      },
      "geometry": {
        "type": "Point",
        "coordinates": [
          139.5139918,
          -21.6947519
        ]
      },
      "id": "way/1164297205"
    },
    {
      "type": "Feature",
      "properties": {
        "@id": "way/1167696854",
        "building": "yes",
        "contact:facebook": "https://www.facebook.com/SouthernSherbrooke",
        "fee": "no",
        "name": "Southern Sherbrooke Historical Society",
        "phone": "+61 3 5968 3762",
        "tourism": "museum",
        "website": "https://southernsherbrooke.wordpress.com/",
        "@geometry": "center"
      },
      "geometry": {
        "type": "Point",
        "coordinates": [
          145.3540795,
          -37.9267195
        ]
      },
      "id": "way/1167696854"
    },
    {
      "type": "Feature",
      "properties": {
        "@id": "way/1167957146",
        "building": "shed",
        "museum": "history",
        "name": "Railway Trolley Shed",
        "operator": "Yinnar and District Society",
        "operator:type": "public",
        "tourism": "museum",
        "@geometry": "center"
      },
      "geometry": {
        "type": "Point",
        "coordinates": [
          146.3261489,
          -38.3230793
        ]
      },
      "id": "way/1167957146"
    },
    {
      "type": "Feature",
      "properties": {
        "@id": "way/1168536835",
        "building": "yes",
        "museum": "history",
        "name": "batlow musuim",
        "roof:shape": "gabled",
        "tourism": "museum",
        "@geometry": "center"
      },
      "geometry": {
        "type": "Point",
        "coordinates": [
          148.1450693,
          -35.5211096
        ]
      },
      "id": "way/1168536835"
    },
    {
      "type": "Feature",
      "properties": {
        "@id": "way/1169020217",
        "addr:housenumber": "2",
        "addr:street": "Brodie Avenue",
        "building": "yes",
        "email": "phh-museum@outlook.com",
        "museum": "history",
        "name": "Prince Henry Hospital Nursing and Medical Museum",
        "phone": "+61 2 9019 0784",
        "tourism": "museum",
        "website": "https://www.princehenryhospitalmuseum.org/",
        "@geometry": "center"
      },
      "geometry": {
        "type": "Point",
        "coordinates": [
          151.2460361,
          -33.9807689
        ]
      },
      "id": "way/1169020217"
    },
    {
      "type": "Feature",
      "properties": {
        "@id": "way/1181238522",
        "addr:housenumber": "41",
        "addr:street": "Henry Street",
        "building": "civic",
        "building:levels": "2",
        "fee": "no",
        "museum": "technology",
        "museum_type": "regional",
        "name": "South Burnett Energy Centre",
        "opening_hours": "Mo-Fr 09:00-16:00",
        "operator": "South Burnett Regional Council",
        "operator:type": "government",
        "phone": "+61 7 4189 9555",
        "tourism": "museum",
        "website": "https://www.discoversouthburnett.com.au/attractions/galleries-museums-and-collections/south-burnett-energy-centre/",
        "wheelchair": "yes",
        "@geometry": "center"
      },
      "geometry": {
        "type": "Point",
        "coordinates": [
          152.0011485,
          -26.670443
        ]
      },
      "id": "way/1181238522"
    },
    {
      "type": "Feature",
      "properties": {
        "@id": "way/1181701990",
        "building": "yes",
        "museum": "railway",
        "name": "Gayndah Heritage Railway",
        "tourism": "museum",
        "@geometry": "center"
      },
      "geometry": {
        "type": "Point",
        "coordinates": [
          151.6110777,
          -25.6153232
        ]
      },
      "id": "way/1181701990"
    },
    {
      "type": "Feature",
      "properties": {
        "@id": "way/1182819432",
        "building": "yes",
        "museum": "railway",
        "name": "Bowenville Railway Station Museum",
        "tourism": "museum",
        "@geometry": "center"
      },
      "geometry": {
        "type": "Point",
        "coordinates": [
          151.4913877,
          -27.3055853
        ]
      },
      "id": "way/1182819432"
    },
    {
      "type": "Feature",
      "properties": {
        "@id": "way/1187072656",
        "building": "yes",
        "tourism": "museum",
        "@geometry": "center"
      },
      "geometry": {
        "type": "Point",
        "coordinates": [
          150.499532,
          -24.405066
        ]
      },
      "id": "way/1187072656"
    },
    {
      "type": "Feature",
      "properties": {
        "@id": "way/1189821977",
        "building": "service",
        "name": "Upwey / Belgrave RSL",
        "tourism": "museum",
        "@geometry": "center"
      },
      "geometry": {
        "type": "Point",
        "coordinates": [
          145.3305682,
          -37.9013891
        ]
      },
      "id": "way/1189821977"
    },
    {
      "type": "Feature",
      "properties": {
        "@id": "node/1196630064",
        "museum": "history",
        "name": "Land of the Beardies History House Museum",
        "operator": "Glen Innes & District Historical Society Inc.",
        "operator:type": "association",
        "source": "survey",
        "tourism": "museum",
        "website": "https://www.beardieshistoryhouse.info/"
      },
      "geometry": {
        "type": "Point",
        "coordinates": [
          151.7322862,
          -29.7339082
        ]
      },
      "id": "node/1196630064"
    },
    {
      "type": "Feature",
      "properties": {
        "@id": "way/1198509901",
        "addr:housenumber": "5",
        "addr:postcode": "5373",
        "addr:state": "SA",
        "addr:street": "Hill Street",
        "addr:suburb": "Kapunda",
        "building": "yes",
        "museum": "history",
        "name": "Bagot's Fortune Mining Museum",
        "opening_hours": "Mo-Su 13:00-16:00",
        "tourism": "museum",
        "@geometry": "center"
      },
      "geometry": {
        "type": "Point",
        "coordinates": [
          138.9151051,
          -34.3403675
        ]
      },
      "id": "way/1198509901"
    },
    {
      "type": "Feature",
      "properties": {
        "@id": "way/1202409466",
        "addr:housenumber": "20",
        "addr:postcode": "2795",
        "addr:state": "NSW",
        "addr:street": "Leena Street",
        "addr:suburb": "Bathurst",
        "building": "yes",
        "name": "Central Tablelands Collections Facility",
        "tourism": "museum",
        "@geometry": "center"
      },
      "geometry": {
        "type": "Point",
        "coordinates": [
          149.5681644,
          -33.4318851
        ]
      },
      "id": "way/1202409466"
    },
    {
      "type": "Feature",
      "properties": {
        "@id": "way/1204058716",
        "addr:housenumber": "2",
        "addr:street": "Flinders Parade",
        "building": "yes",
        "description": "Former Customs House and Station Master’s Residence built 1866 consists of six display rooms filled with magnificent heritage furniture, china and linen, memorabilia from 19th century and historic photographs of Victor Harbor.",
        "name": "Victor Harbor Station Master's Residence",
        "opening_hours": "We-Su 11:00-15:00; Dec 25 off; easter -2 days off || \"aim to open every day during school and public holidays, subject to volunteer availability\"",
        "operator": "National Trust",
        "phone": "+61 8 8552 5388",
        "source": "microsoft/BuildingFootprints",
        "tourism": "museum",
        "website": "https://www.nationaltrust.org.au/places/victor-harbor-station-masters-residence/",
        "wheelchair": "yes",
        "@geometry": "center"
      },
      "geometry": {
        "type": "Point",
        "coordinates": [
          138.624707,
          -35.5560593
        ]
      },
      "id": "way/1204058716"
    },
    {
      "type": "Feature",
      "properties": {
        "@id": "node/1211626505",
        "name": "Robert Stein Motorcycle Museum",
        "source": "survey",
        "tourism": "museum"
      },
      "geometry": {
        "type": "Point",
        "coordinates": [
          149.662223,
          -32.5335247
        ]
      },
      "id": "node/1211626505"
    },
    {
      "type": "Feature",
      "properties": {
        "@id": "way/1219529104",
        "building": "yes",
        "name": "Captain's Cottage Museum",
        "tourism": "museum",
        "@geometry": "center"
      },
      "geometry": {
        "type": "Point",
        "coordinates": [
          139.2650276,
          -35.1253998
        ]
      },
      "id": "way/1219529104"
    },
    {
      "type": "Feature",
      "properties": {
        "@id": "way/1227768596",
        "addr:housenumber": "5-7",
        "addr:postcode": "5583",
        "addr:state": "SA",
        "addr:street": "Edith Street",
        "addr:suburb": "Edithburgh",
        "name": "Edithburgh Museum",
        "tourism": "museum",
        "@geometry": "center"
      },
      "geometry": {
        "type": "Point",
        "coordinates": [
          137.746623,
          -35.0851137
        ]
      },
      "id": "way/1227768596"
    },
    {
      "type": "Feature",
      "properties": {
        "@id": "way/1233497477",
        "building": "yes",
        "name": "Eumundi Museum",
        "tourism": "museum",
        "@geometry": "center"
      },
      "geometry": {
        "type": "Point",
        "coordinates": [
          152.9520656,
          -26.47721
        ]
      },
      "id": "way/1233497477"
    },
    {
      "type": "Feature",
      "properties": {
        "@id": "way/1233498323",
        "addr:housenumber": "31-33",
        "addr:postcode": "5037",
        "addr:state": "SA",
        "addr:street": "Broughton Avenue",
        "addr:suburb": "Kurralta Park",
        "building": "yes",
        "name": "Sir Thomas Playford ETSA Museum",
        "opening_hours": "Tu 09:30-15:00",
        "phone": "+61 8 8351 0509",
        "tourism": "museum",
        "website": "http://www.etsapastemployees.org.au/Museum.html",
        "@geometry": "center"
      },
      "geometry": {
        "type": "Point",
        "coordinates": [
          138.5646158,
          -34.9484638
        ]
      },
      "id": "way/1233498323"
    },
    {
      "type": "Feature",
      "properties": {
        "@id": "way/1235068011",
        "building": "yes",
        "museum": "history",
        "tourism": "museum",
        "@geometry": "center"
      },
      "geometry": {
        "type": "Point",
        "coordinates": [
          152.5190243,
          -31.8993091
        ]
      },
      "id": "way/1235068011"
    },
    {
      "type": "Feature",
      "properties": {
        "@id": "way/1238734161",
        "building": "yes",
        "museum": "military",
        "name": "Northern Rivers Miltary Museum",
        "operator": "Northern Rivers Military Museum",
        "operator:type": "private_non_profit",
        "tourism": "museum",
        "@geometry": "center"
      },
      "geometry": {
        "type": "Point",
        "coordinates": [
          153.0433568,
          -28.870065
        ]
      },
      "id": "way/1238734161"
    },
    {
      "type": "Feature",
      "properties": {
        "@id": "way/1240351997",
        "building": "yes",
        "name": "The Big Dig Education Centre",
        "tourism": "museum",
        "website": "https://thebigdig.com.au/",
        "@geometry": "center"
      },
      "geometry": {
        "type": "Point",
        "coordinates": [
          151.2070839,
          -33.8603703
        ]
      },
      "id": "way/1240351997"
    },
    {
      "type": "Feature",
      "properties": {
        "@id": "node/1246427588",
        "name": "Wiles Hut",
        "tourism": "museum"
      },
      "geometry": {
        "type": "Point",
        "coordinates": [
          140.356862,
          -36.1004445
        ]
      },
      "id": "node/1246427588"
    },
    {
      "type": "Feature",
      "properties": {
        "@id": "way/1247480782",
        "building": "yes",
        "name": "Bundanon Museum",
        "tourism": "museum",
        "@geometry": "center"
      },
      "geometry": {
        "type": "Point",
        "coordinates": [
          150.4928397,
          -34.8664556
        ]
      },
      "id": "way/1247480782"
    },
    {
      "type": "Feature",
      "properties": {
        "@id": "way/1247486726",
        "building": "yes",
        "building:levels": "1",
        "name": "Mary MacKillop Museum",
        "tourism": "museum",
        "@geometry": "center"
      },
      "geometry": {
        "type": "Point",
        "coordinates": [
          149.9097839,
          -37.0657674
        ]
      },
      "id": "way/1247486726"
    },
    {
      "type": "Feature",
      "properties": {
        "@id": "way/1248731440",
        "building": "museum",
        "name": "MV Cape Don",
        "opening_hours": "\"Special events only. Not generally open to the public.\"",
        "seamark:hulk:category": "museum",
        "seamark:name": "Cape Don",
        "seamark:type": "hulk",
        "tourism": "museum",
        "website": "https://seaheritagefoundation.org.au",
        "wikidata": "Q6719342",
        "wikipedia": "en:MV Cape Don",
        "@geometry": "center"
      },
      "geometry": {
        "type": "Point",
        "coordinates": [
          151.1932547,
          -33.8438632
        ]
      },
      "id": "way/1248731440"
    },
    {
      "type": "Feature",
      "properties": {
        "@id": "node/1252032467",
        "name": "Culcairn Museum",
        "source": "Bing",
        "tourism": "museum"
      },
      "geometry": {
        "type": "Point",
        "coordinates": [
          147.0384757,
          -35.6672715
        ]
      },
      "id": "node/1252032467"
    },
    {
      "type": "Feature",
      "properties": {
        "@id": "node/1259611926",
        "addr:housenumber": "4",
        "addr:street": "Maleny Street",
        "fee": "no",
        "name": "Landsborough Shire's Historical Museum",
        "opening_hours": "Tu-Sa 10:00-15:00; SH off",
        "tourism": "museum",
        "website": "https://heritage.sunshinecoast.qld.gov.au/landsborough-museum"
      },
      "geometry": {
        "type": "Point",
        "coordinates": [
          152.9646276,
          -26.8093927
        ]
      },
      "id": "node/1259611926"
    },
    {
      "type": "Feature",
      "properties": {
        "@id": "way/1263443601",
        "building": "yes",
        "name": "North Stradbroke Island Historical Museum",
        "name:en": "North Stradbroke Island Historical Museum",
        "tourism": "museum",
        "@geometry": "center"
      },
      "geometry": {
        "type": "Point",
        "coordinates": [
          153.4039317,
          -27.4977258
        ]
      },
      "id": "way/1263443601"
    },
    {
      "type": "Feature",
      "properties": {
        "@id": "way/1266191933",
        "building": "yes",
        "name": "Old Borroloola Police Station Museum",
        "tourism": "museum",
        "@geometry": "center"
      },
      "geometry": {
        "type": "Point",
        "coordinates": [
          136.3049601,
          -16.0681926
        ]
      },
      "id": "way/1266191933"
    },
    {
      "type": "Feature",
      "properties": {
        "@id": "node/1271726787",
        "name": "Meandarra ANZAC Memorial Museum",
        "source": "survey",
        "tourism": "museum"
      },
      "geometry": {
        "type": "Point",
        "coordinates": [
          149.8826037,
          -27.322869
        ]
      },
      "id": "node/1271726787"
    },
    {
      "type": "Feature",
      "properties": {
        "@id": "node/1271737004",
        "name": "Glenmorgan Railway Station",
        "source": "survey",
        "tourism": "museum"
      },
      "geometry": {
        "type": "Point",
        "coordinates": [
          149.6764706,
          -27.2490464
        ]
      },
      "id": "node/1271737004"
    },
    {
      "type": "Feature",
      "properties": {
        "@id": "way/1277770086",
        "building": "yes",
        "name": "Booringa Heritage Museum",
        "opening_hours": "Mo-Su 09:00-12:00",
        "tourism": "museum",
        "website": "https://www.mitchellmuseum.com.au",
        "@geometry": "center"
      },
      "geometry": {
        "type": "Point",
        "coordinates": [
          147.9792979,
          -26.4870998
        ]
      },
      "id": "way/1277770086"
    },
    {
      "type": "Feature",
      "properties": {
        "@id": "node/1278038619",
        "addr:housenumber": "62",
        "addr:postcode": "4417",
        "addr:state": "QLD",
        "addr:street": "Burrowes Street",
        "addr:suburb": "Surat",
        "name": "Cobb & Co. Museum",
        "source": "survey",
        "tourism": "museum"
      },
      "geometry": {
        "type": "Point",
        "coordinates": [
          149.0681285,
          -27.1520584
        ]
      },
      "id": "node/1278038619"
    },
    {
      "type": "Feature",
      "properties": {
        "@id": "way/1284962158",
        "building": "yes",
        "name": "Camden Museum of Aviation",
        "tourism": "museum",
        "@geometry": "center"
      },
      "geometry": {
        "type": "Point",
        "coordinates": [
          150.7387309,
          -34.0372244
        ]
      },
      "id": "way/1284962158"
    },
    {
      "type": "Feature",
      "properties": {
        "@id": "way/1284962831",
        "building": "yes",
        "fee": "no",
        "name": "Barracks & Theater",
        "operator": "Temora Aviation Museum",
        "tourism": "museum",
        "@geometry": "center"
      },
      "geometry": {
        "type": "Point",
        "coordinates": [
          147.5152092,
          -34.4271405
        ]
      },
      "id": "way/1284962831"
    },
    {
      "type": "Feature",
      "properties": {
        "@id": "way/1284964922",
        "building": "yes",
        "description": "Guard house for the No. 10 Elementary Flight Training School moved from its original location",
        "fee": "no",
        "name": "Gift Shop",
        "operator": "Temora Aviation Museum",
        "tourism": "museum",
        "@geometry": "center"
      },
      "geometry": {
        "type": "Point",
        "coordinates": [
          147.5153245,
          -34.4271319
        ]
      },
      "id": "way/1284964922"
    },
    {
      "type": "Feature",
      "properties": {
        "@id": "way/1284967051",
        "fee": "yes",
        "name": "Temora Aviation Museum",
        "tourism": "museum",
        "@geometry": "center"
      },
      "geometry": {
        "type": "Point",
        "coordinates": [
          147.5150337,
          -34.4273412
        ]
      },
      "id": "way/1284967051"
    },
    {
      "type": "Feature",
      "properties": {
        "@id": "way/1284974381",
        "name": "RAAF Townsville Aviation Heritage Centre",
        "tourism": "museum",
        "@geometry": "center"
      },
      "geometry": {
        "type": "Point",
        "coordinates": [
          146.76675,
          -19.2628806
        ]
      },
      "id": "way/1284974381"
    },
    {
      "type": "Feature",
      "properties": {
        "@id": "way/1284978806",
        "addr:housenumber": "66",
        "addr:street": "Lipson Street",
        "check_date": "2026-09-14",
        "check_date:opening_hours": "2026-09-14",
        "fee": "yes",
        "museum": "aviation",
        "name": "South Australian Aviation Museum",
        "opening_hours": "Mo-Su 10:00-16:00",
        "phone": "+61 8 8240 1230",
        "tourism": "museum",
        "website": "http://www.saam.org.au",
        "wikidata": "Q7566100",
        "wikipedia": "en:South Australian Aviation Museum",
        "@geometry": "center"
      },
      "geometry": {
        "type": "Point",
        "coordinates": [
          138.5118581,
          -34.8482333
        ]
      },
      "id": "way/1284978806"
    },
    {
      "type": "Feature",
      "properties": {
        "@id": "way/1285020779",
        "access": "customers",
        "addr:postcode": "6149",
        "addr:state": "WA",
        "addr:street": "Bull Creek Drive",
        "addr:suburb": "Bull Creek",
        "check_date": "2026-05-02",
        "fee": "yes",
        "name": "Aviation Heritage Museum",
        "opening_hours": "Mo-Su,PH 10:00-16:00",
        "payment:cash": "yes",
        "payment:credit_cards": "yes",
        "payment:debit_cards": "yes",
        "phone": "+61 8 9311 4470",
        "tourism": "museum",
        "website": "https://www.raafawa.org.au",
        "wheelchair": "yes",
        "wikidata": "Q4828636",
        "wikipedia": "en:Aviation Heritage Museum (Western Australia)",
        "@geometry": "center"
      },
      "geometry": {
        "type": "Point",
        "coordinates": [
          115.8589138,
          -32.0490398
        ]
      },
      "id": "way/1285020779"
    },
    {
      "type": "Feature",
      "properties": {
        "@id": "way/1286465149",
        "addr:housenumber": "26",
        "addr:state": "QLD",
        "addr:street": "Millar Street",
        "building": "yes",
        "fee": "no",
        "museum": "history",
        "museum_type": "regional",
        "name": "Yarraman Heritage Museum",
        "opening_hours": "Mo-Fr 09:00-15:00; Sa-Su 10:00-14:00; PH open",
        "toilets": "yes",
        "tourism": "museum",
        "wheelchair": "limited",
        "@geometry": "center"
      },
      "geometry": {
        "type": "Point",
        "coordinates": [
          151.9854809,
          -26.8412959
        ]
      },
      "id": "way/1286465149"
    },
    {
      "type": "Feature",
      "properties": {
        "@id": "way/1295428689",
        "name": "RAAF Museum",
        "note": "Photo ID is required for patrons over the age of 16 to gain entry",
        "opening_hours": "Mo off; Tu-Fr 10:00-15:00; Sa,Su,PH 10:00-17:00",
        "tourism": "museum",
        "website": "https://www.airforce.gov.au/raafmuseum/index.htm",
        "wikidata": "Q4306366",
        "wikipedia": "en:RAAF Museum",
        "@geometry": "center"
      },
      "geometry": {
        "type": "Point",
        "coordinates": [
          144.7491514,
          -37.9303002
        ]
      },
      "id": "way/1295428689"
    },
    {
      "type": "Feature",
      "properties": {
        "@id": "way/1298937802",
        "building": "yes",
        "museum": "history",
        "name": "Baralaba Historical Village",
        "opening_hours": "\"by appointment\"",
        "operator": "Private",
        "operator:type": "private",
        "phone": "+61 7 4998 1163",
        "tourism": "museum",
        "@geometry": "center"
      },
      "geometry": {
        "type": "Point",
        "coordinates": [
          149.8141629,
          -24.1792507
        ]
      },
      "id": "way/1298937802"
    },
    {
      "type": "Feature",
      "properties": {
        "@id": "way/1299830594",
        "addr:housenumber": "7",
        "addr:postcode": "3915",
        "addr:state": "VIC",
        "addr:street": "Marine Parade",
        "addr:suburb": "Hastings",
        "building": "yes",
        "fee": "yes",
        "museum": "history",
        "name": "Hastings Museum",
        "opening_hours": "Sep-Jun: Su 14:00-16:00; Sep-Jun: We 10:00-12:00",
        "operator": "Hastings-Western Port Historical Society",
        "operator:type": "community",
        "source": "Vicmap Address",
        "tourism": "museum",
        "website": "https://www.hwphs.org.au/",
        "@geometry": "center"
      },
      "geometry": {
        "type": "Point",
        "coordinates": [
          145.1962168,
          -38.3089466
        ]
      },
      "id": "way/1299830594"
    },
    {
      "type": "Feature",
      "properties": {
        "@id": "way/1307171013",
        "building:part": "yes",
        "tourism": "museum",
        "@geometry": "center"
      },
      "geometry": {
        "type": "Point",
        "coordinates": [
          150.7906727,
          -34.5615053
        ]
      },
      "id": "way/1307171013"
    },
    {
      "type": "Feature",
      "properties": {
        "@id": "way/1313190485",
        "building": "yes",
        "name": "Doll Museum",
        "tourism": "museum",
        "@geometry": "center"
      },
      "geometry": {
        "type": "Point",
        "coordinates": [
          152.7058593,
          -25.5408696
        ]
      },
      "id": "way/1313190485"
    },
    {
      "type": "Feature",
      "properties": {
        "@id": "way/1313411612",
        "building": "yes",
        "contact:facebook": "https://www.facebook.com/widebayhospitalmuseum/",
        "name": "Wide Bay Hospitals Museum",
        "opening_hours": "Mo-Fr 09:00-12:00",
        "tourism": "museum",
        "@geometry": "center"
      },
      "geometry": {
        "type": "Point",
        "coordinates": [
          152.6906146,
          -25.5233306
        ]
      },
      "id": "way/1313411612"
    },
    {
      "type": "Feature",
      "properties": {
        "@id": "way/1314971250",
        "addr:housenumber": "46",
        "addr:postcode": "2810",
        "addr:state": "NSW",
        "addr:street": "Main Street",
        "addr:suburb": "Grenfell",
        "building": "yes",
        "museum": "transport",
        "name": "Chrysler Car Museum",
        "opening_hours": "\"by appointment\"",
        "phone": "+61 427 926 246",
        "tourism": "museum",
        "@geometry": "center"
      },
      "geometry": {
        "type": "Point",
        "coordinates": [
          148.1589702,
          -33.8935113
        ]
      },
      "id": "way/1314971250"
    },
    {
      "type": "Feature",
      "properties": {
        "@id": "way/1315528758",
        "building": "yes",
        "source": "microsoft/BuildingFootprints",
        "tourism": "museum",
        "@geometry": "center"
      },
      "geometry": {
        "type": "Point",
        "coordinates": [
          138.5090913,
          -34.4382188
        ]
      },
      "id": "way/1315528758"
    },
    {
      "type": "Feature",
      "properties": {
        "@id": "way/1317296811",
        "building": "yes",
        "museum": "history",
        "name": "Pine Rivers Heritage Museum",
        "operator": "The Y Brisbane",
        "tourism": "museum",
        "@geometry": "center"
      },
      "geometry": {
        "type": "Point",
        "coordinates": [
          152.9530881,
          -27.2596584
        ]
      },
      "id": "way/1317296811"
    },
    {
      "type": "Feature",
      "properties": {
        "@id": "way/1329759598",
        "building": "yes",
        "tourism": "museum",
        "@geometry": "center"
      },
      "geometry": {
        "type": "Point",
        "coordinates": [
          119.726977,
          -23.3590122
        ]
      },
      "id": "way/1329759598"
    },
    {
      "type": "Feature",
      "properties": {
        "@id": "node/1330394963",
        "name": "Dorrigo Steam Railway & Museum",
        "note": "museum, or should it be scrap yard...?",
        "tourism": "museum"
      },
      "geometry": {
        "type": "Point",
        "coordinates": [
          152.7061338,
          -30.3327751
        ]
      },
      "id": "node/1330394963"
    },
    {
      "type": "Feature",
      "properties": {
        "@id": "way/1332094669",
        "addr:housenumber": "6",
        "addr:street": "Memorial Avenue",
        "name": "Central Australian Aviation Museum",
        "opening_hours": "Mo-Fr 09:00-17:00; Sa, Su 11:00-16:00",
        "tourism": "museum",
        "wikidata": "Q21575026",
        "@geometry": "center"
      },
      "geometry": {
        "type": "Point",
        "coordinates": [
          133.8642941,
          -23.7025535
        ]
      },
      "id": "way/1332094669"
    },
    {
      "type": "Feature",
      "properties": {
        "@id": "node/1342880618",
        "name": "Old Steam Sawmill",
        "source": "survey",
        "tourism": "museum"
      },
      "geometry": {
        "type": "Point",
        "coordinates": [
          152.1904537,
          -26.4419151
        ]
      },
      "id": "node/1342880618"
    },
    {
      "type": "Feature",
      "properties": {
        "@id": "way/1346559703",
        "building": "yes",
        "name": "Murphy's Creek Railway Museum",
        "tourism": "museum",
        "@geometry": "center"
      },
      "geometry": {
        "type": "Point",
        "coordinates": [
          152.05942,
          -27.4634521
        ]
      },
      "id": "way/1346559703"
    },
    {
      "type": "Feature",
      "properties": {
        "@id": "way/1348128298",
        "addr:housenumber": "60",
        "addr:postcode": "4163",
        "addr:state": "QLD",
        "addr:street": "Smith Street",
        "addr:suburb": "Cleveland",
        "building": "yes",
        "contact:facebook": "https://www.facebook.com/1390581474497552",
        "fee": "yes",
        "museum": "local",
        "name": "Redland Museum",
        "opening_hours": "Mo-Su 10:00-15:30; PH off",
        "phone": "+61 7 3286 3494",
        "tourism": "museum",
        "website": "https://www.redlandmuseum.org.au/",
        "wikidata": "Q23073813",
        "@geometry": "center"
      },
      "geometry": {
        "type": "Point",
        "coordinates": [
          153.2598625,
          -27.5341254
        ]
      },
      "id": "way/1348128298"
    },
    {
      "type": "Feature",
      "properties": {
        "@id": "node/1348851504",
        "addr:housenumber": "11",
        "addr:postcode": "5214",
        "addr:street": "Porter Street",
        "addr:suburb": "Goolwa",
        "description": "Built around 1872 as a Blacksmiths shop the museum displays the history of Goolwa, Currency Creek and Hindmarsh Island.",
        "name": "Goolwa Museum-National Trust",
        "note": "Adults $3.50 Child accompanied by a parent $1.00",
        "opening_hours": "Tu,We,Sa,Su 13:30-16:00",
        "operator": "National Trust",
        "phone": "+61 8 8555 2221",
        "tourism": "museum",
        "website": "https://www.nationaltrust.org.au/places/goolwa-museum/"
      },
      "geometry": {
        "type": "Point",
        "coordinates": [
          138.7821854,
          -35.5029631
        ]
      },
      "id": "node/1348851504"
    },
    {
      "type": "Feature",
      "properties": {
        "@id": "way/1349655581",
        "addr:street": "Turner Street",
        "building": "yes",
        "museum": "history",
        "name": "Denman and District Heritage Village",
        "opening_hours": "Tu,Th 08:30-14:30; Sa 09:00-14:00",
        "tourism": "museum",
        "@geometry": "center"
      },
      "geometry": {
        "type": "Point",
        "coordinates": [
          150.682475,
          -32.3857604
        ]
      },
      "id": "way/1349655581"
    },
    {
      "type": "Feature",
      "properties": {
        "@id": "way/1353603842",
        "fee": "no",
        "name": "Paynesville Maritime Museum",
        "opening_hours": "\"second Sunday each month from 8.30 to 12.30\"",
        "tourism": "museum",
        "website": "https://www.pmm.org.au/",
        "wheelchair": "yes",
        "@geometry": "center"
      },
      "geometry": {
        "type": "Point",
        "coordinates": [
          147.7224248,
          -37.9186237
        ]
      },
      "id": "way/1353603842"
    },
    {
      "type": "Feature",
      "properties": {
        "@id": "way/1356085082",
        "building": "yes",
        "name": "Goulburn Historic Waterworks Museum",
        "tourism": "museum",
        "@geometry": "center"
      },
      "geometry": {
        "type": "Point",
        "coordinates": [
          149.7023143,
          -34.737769
        ]
      },
      "id": "way/1356085082"
    },
    {
      "type": "Feature",
      "properties": {
        "@id": "way/1356085083",
        "building": "yes",
        "tourism": "museum",
        "@geometry": "center"
      },
      "geometry": {
        "type": "Point",
        "coordinates": [
          149.7022223,
          -34.7378205
        ]
      },
      "id": "way/1356085083"
    },
    {
      "type": "Feature",
      "properties": {
        "@id": "way/1356085084",
        "building": "yes",
        "tourism": "museum",
        "@geometry": "center"
      },
      "geometry": {
        "type": "Point",
        "coordinates": [
          149.701582,
          -34.7377252
        ]
      },
      "id": "way/1356085084"
    },
    {
      "type": "Feature",
      "properties": {
        "@id": "way/1364167708",
        "addr:housenumber": "41-45",
        "addr:state": "QLD",
        "addr:street": "Alfred Street",
        "building": "civic",
        "museum": "history",
        "museum_type": "regional",
        "name": "Ringsfield House",
        "opening_hours": "Sa[1]",
        "tourism": "museum",
        "@geometry": "center"
      },
      "geometry": {
        "type": "Point",
        "coordinates": [
          151.9938602,
          -26.67306
        ]
      },
      "id": "way/1364167708"
    },
    {
      "type": "Feature",
      "properties": {
        "@id": "way/1367434019",
        "building:part": "yes",
        "museum": "local_history",
        "name": "Dromana and District Historical Society Museum",
        "operator": "Dromana and District Historical Society",
        "tourism": "museum",
        "website": "http://home.vicnet.net.au/~dromana/",
        "@geometry": "center"
      },
      "geometry": {
        "type": "Point",
        "coordinates": [
          144.957942,
          -38.3363362
        ]
      },
      "id": "way/1367434019"
    },
    {
      "type": "Feature",
      "properties": {
        "@id": "node/1367787136",
        "name": "Classic Jet Fighter Museum",
        "tourism": "museum"
      },
      "geometry": {
        "type": "Point",
        "coordinates": [
          138.6379556,
          -34.7887916
        ]
      },
      "id": "node/1367787136"
    },
    {
      "type": "Feature",
      "properties": {
        "@id": "way/1371522926",
        "building": "yes",
        "description": "Mugga-Mugga's simple dwelling has been adapted and extended over time. Settlement on the site commenced in 1838 and its centerpiece is a simple cottage built for the head shepherd of Duntroon in the 1870s.",
        "tourism": "museum",
        "website": "https://www.historicplaces.com.au/mugga-mugga-cottage",
        "@geometry": "center"
      },
      "geometry": {
        "type": "Point",
        "coordinates": [
          149.1456558,
          -35.3484201
        ]
      },
      "id": "way/1371522926"
    },
    {
      "type": "Feature",
      "properties": {
        "@id": "way/1377123354",
        "name": "Snowy Scheme Museum",
        "tourism": "museum",
        "@geometry": "center"
      },
      "geometry": {
        "type": "Point",
        "coordinates": [
          148.7750454,
          -35.9980684
        ]
      },
      "id": "way/1377123354"
    },
    {
      "type": "Feature",
      "properties": {
        "@id": "way/1385550509",
        "building": "yes",
        "name": "Kronosaurus Korner",
        "tourism": "museum",
        "website": "https://www.kronosauruskorner.com.au",
        "@geometry": "center"
      },
      "geometry": {
        "type": "Point",
        "coordinates": [
          143.1437335,
          -20.7316622
        ]
      },
      "id": "way/1385550509"
    },
    {
      "type": "Feature",
      "properties": {
        "@id": "way/1385555763",
        "addr:housenumber": "37",
        "addr:state": "QLD",
        "addr:street": "Gray Street",
        "addr:suburb": "Hughenden",
        "building": "yes",
        "name": "Flinders Discovery Centre",
        "tourism": "museum",
        "website": "https://www.visithughenden.com.au/flinders-discovery-centre/",
        "@geometry": "center"
      },
      "geometry": {
        "type": "Point",
        "coordinates": [
          144.2008604,
          -20.8433039
        ]
      },
      "id": "way/1385555763"
    },
    {
      "type": "Feature",
      "properties": {
        "@id": "way/1389445179",
        "addr:housenumber": "8",
        "addr:postcode": "4727",
        "addr:state": "QLD",
        "addr:street": "McMaster Drive",
        "addr:suburb": "Ilfracombe",
        "building": "yes",
        "museum": "history",
        "name": "The Wellshot Centre",
        "tourism": "museum",
        "website": "https://www.outbackqueensland.com.au/attractions/the-wellshot-centre/",
        "@geometry": "center"
      },
      "geometry": {
        "type": "Point",
        "coordinates": [
          144.5050538,
          -23.4892753
        ]
      },
      "id": "way/1389445179"
    },
    {
      "type": "Feature",
      "properties": {
        "@id": "way/1389723103",
        "building": "yes",
        "building:levels": "1",
        "museum": "history",
        "name": "Nogo Cottage",
        "tourism": "museum",
        "@geometry": "center"
      },
      "geometry": {
        "type": "Point",
        "coordinates": [
          144.2450731,
          -23.4399624
        ]
      },
      "id": "way/1389723103"
    },
    {
      "type": "Feature",
      "properties": {
        "@id": "way/1395249524",
        "museum": "history",
        "name": "Wowan Museum",
        "tourism": "museum",
        "@geometry": "center"
      },
      "geometry": {
        "type": "Point",
        "coordinates": [
          150.195565,
          -23.9099008
        ]
      },
      "id": "way/1395249524"
    },
    {
      "type": "Feature",
      "properties": {
        "@id": "way/1396740658",
        "building": "yes",
        "name": "Moree RSL Regional Military Museum",
        "tourism": "museum",
        "@geometry": "center"
      },
      "geometry": {
        "type": "Point",
        "coordinates": [
          149.8419171,
          -29.465805
        ]
      },
      "id": "way/1396740658"
    },
    {
      "type": "Feature",
      "properties": {
        "@id": "way/1413836143",
        "building": "yes",
        "name": "Port Albert Maritime Museum",
        "tourism": "museum",
        "@geometry": "center"
      },
      "geometry": {
        "type": "Point",
        "coordinates": [
          146.6929576,
          -38.6715374
        ]
      },
      "id": "way/1413836143"
    },
    {
      "type": "Feature",
      "properties": {
        "@id": "way/1414022184",
        "building": "yes",
        "museum": "history",
        "tourism": "museum",
        "@geometry": "center"
      },
      "geometry": {
        "type": "Point",
        "coordinates": [
          138.1323405,
          -35.8426826
        ]
      },
      "id": "way/1414022184"
    },
    {
      "type": "Feature",
      "properties": {
        "@id": "way/1417430224",
        "addr:housenumber": "3895",
        "addr:postcode": "7150",
        "addr:state": "TAS",
        "addr:street": "Bruny Island Main Road",
        "addr:suburb": "Alonnah",
        "building": "yes",
        "museum": "history",
        "name": "Bruny Island History Room",
        "tourism": "museum",
        "@geometry": "center"
      },
      "geometry": {
        "type": "Point",
        "coordinates": [
          147.2435778,
          -43.3162547
        ]
      },
      "id": "way/1417430224"
    },
    {
      "type": "Feature",
      "properties": {
        "@id": "way/1417983750",
        "amenity": "place_of_worship",
        "building": "mosque",
        "name": "Afghan Mosque",
        "opening_hours": "Su 14:00-16:00",
        "source": "NSW LPI Base Map",
        "source:date": "2016-08",
        "tourism": "museum",
        "@geometry": "center"
      },
      "geometry": {
        "type": "Point",
        "coordinates": [
          141.4778769,
          -31.9377379
        ]
      },
      "id": "way/1417983750"
    },
    {
      "type": "Feature",
      "properties": {
        "@id": "way/1418787239",
        "addr:housenumber": "165",
        "addr:postcode": "2880",
        "addr:state": "NSW",
        "addr:street": "Wolfram Street",
        "addr:suburb": "Broken Hill",
        "building": "synagogue",
        "name": "Synagogue Of The Outback Museum",
        "source": "NSW LPI Base Map",
        "source:date": "2016-08",
        "tourism": "museum",
        "@geometry": "center"
      },
      "geometry": {
        "type": "Point",
        "coordinates": [
          141.4594285,
          -31.9568091
        ]
      },
      "id": "way/1418787239"
    },
    {
      "type": "Feature",
      "properties": {
        "@id": "way/1419901876",
        "building": "yes",
        "tourism": "museum",
        "@geometry": "center"
      },
      "geometry": {
        "type": "Point",
        "coordinates": [
          151.9568817,
          -26.2905849
        ]
      },
      "id": "way/1419901876"
    },
    {
      "type": "Feature",
      "properties": {
        "@id": "way/1419901877",
        "building": "yes",
        "name": "The Ration Shed Museum",
        "tourism": "museum",
        "@geometry": "center"
      },
      "geometry": {
        "type": "Point",
        "coordinates": [
          151.9567392,
          -26.2905475
        ]
      },
      "id": "way/1419901877"
    },
    {
      "type": "Feature",
      "properties": {
        "@id": "way/1420129027",
        "building": "yes",
        "museum": "history",
        "tourism": "museum",
        "@geometry": "center"
      },
      "geometry": {
        "type": "Point",
        "coordinates": [
          145.530973,
          -41.4440648
        ]
      },
      "id": "way/1420129027"
    },
    {
      "type": "Feature",
      "properties": {
        "@id": "way/1420912656",
        "addr:housenumber": "876",
        "addr:postcode": "7150",
        "addr:state": "TAS",
        "addr:street": "Adventure Bay Road",
        "addr:suburb": "Adventure Bay",
        "building": "yes",
        "museum": "history",
        "name": "Bligh Museum of Pacific Exploration",
        "opening_hours": "Mo-Su 10:00-16:00",
        "tourism": "museum",
        "@geometry": "center"
      },
      "geometry": {
        "type": "Point",
        "coordinates": [
          147.3437458,
          -43.3687677
        ]
      },
      "id": "way/1420912656"
    },
    {
      "type": "Feature",
      "properties": {
        "@id": "way/1423781712",
        "addr:housenumber": "16",
        "addr:postcode": "4350",
        "addr:state": "QLD",
        "addr:street": "Cambooya Street",
        "addr:suburb": "Drayton",
        "layer": "-1",
        "museum": "railway",
        "name": "DownSteam Toowoomba",
        "tourism": "museum",
        "@geometry": "center"
      },
      "geometry": {
        "type": "Point",
        "coordinates": [
          151.9170559,
          -27.5924872
        ]
      },
      "id": "way/1423781712"
    },
    {
      "type": "Feature",
      "properties": {
        "@id": "way/1428189631",
        "building": "yes",
        "name": "Salisbury Water Wheel Museum",
        "tourism": "museum",
        "@geometry": "center"
      },
      "geometry": {
        "type": "Point",
        "coordinates": [
          138.6486492,
          -34.7593683
        ]
      },
      "id": "way/1428189631"
    },
    {
      "type": "Feature",
      "properties": {
        "@id": "way/1428530958",
        "building": "yes",
        "layer": "1",
        "name": "Courthouse Museum",
        "tourism": "museum",
        "@geometry": "center"
      },
      "geometry": {
        "type": "Point",
        "coordinates": [
          142.0112836,
          -29.4299561
        ]
      },
      "id": "way/1428530958"
    },
    {
      "type": "Feature",
      "properties": {
        "@id": "way/1428530965",
        "name": "Golden Gully Mining Site",
        "outdoor": "yes",
        "tourism": "museum",
        "@geometry": "center"
      },
      "geometry": {
        "type": "Point",
        "coordinates": [
          142.0014936,
          -29.4130794
        ]
      },
      "id": "way/1428530965"
    },
    {
      "type": "Feature",
      "properties": {
        "@id": "way/1431044439",
        "addr:housenumber": "86",
        "addr:postcode": "2371",
        "addr:state": "NSW",
        "addr:street": "Moore Street",
        "addr:suburb": "Emmaville",
        "building": "yes",
        "contact:facebook": "https://www.facebook.com/emmavilleminingmuseum/",
        "museum": "technology",
        "name": "Emmaville Mining Museum",
        "tourism": "museum",
        "website": "https://emmavilleminingmuseum.com/",
        "@geometry": "center"
      },
      "geometry": {
        "type": "Point",
        "coordinates": [
          151.5982155,
          -29.4451605
        ]
      },
      "id": "way/1431044439"
    },
    {
      "type": "Feature",
      "properties": {
        "@id": "way/1431652470",
        "access": "yes",
        "building": "yes",
        "historic:civilization": "modern",
        "museum": "exhibit",
        "name": "Ferry Tram B15",
        "ruins": "industrial",
        "tourism": "museum",
        "wikidata": "Q105094721",
        "@geometry": "center"
      },
      "geometry": {
        "type": "Point",
        "coordinates": [
          115.85246,
          -31.9736006
        ]
      },
      "id": "way/1431652470"
    },
    {
      "type": "Feature",
      "properties": {
        "@id": "node/1432011630",
        "contact:facebook": "https://www.facebook.com/people/Boolarra-Old-School-Museum/100071972712571/",
        "fee": "no",
        "museum": "local",
        "name": "Boolarra Old School Museum",
        "operator": "Boolarra & District Historical Society",
        "operator:type": "community",
        "tourism": "museum"
      },
      "geometry": {
        "type": "Point",
        "coordinates": [
          146.2719683,
          -38.3808183
        ]
      },
      "id": "node/1432011630"
    },
    {
      "type": "Feature",
      "properties": {
        "@id": "way/1435865248",
        "name": "Pastoral Heritage Museum",
        "outdoor": "yes",
        "tourism": "museum",
        "@geometry": "center"
      },
      "geometry": {
        "type": "Point",
        "coordinates": [
          142.2506869,
          -29.4886365
        ]
      },
      "id": "way/1435865248"
    },
    {
      "type": "Feature",
      "properties": {
        "@id": "way/1436580948",
        "name": "Mundubbera and District Historical Museum",
        "tourism": "museum",
        "@geometry": "center"
      },
      "geometry": {
        "type": "Point",
        "coordinates": [
          151.3056169,
          -25.5858252
        ]
      },
      "id": "way/1436580948"
    },
    {
      "type": "Feature",
      "properties": {
        "@id": "way/1441621605",
        "building": "yes",
        "name": "Volcanoes Discovery Centre",
        "tourism": "museum",
        "@geometry": "center"
      },
      "geometry": {
        "type": "Point",
        "coordinates": [
          142.2896289,
          -37.875912
        ]
      },
      "id": "way/1441621605"
    },
    {
      "type": "Feature",
      "properties": {
        "@id": "way/1443388364",
        "building": "yes",
        "image": "https://www.artillerywa.org.au/vtour/13.jpg",
        "museum": "local_history",
        "name": "Buckland Hill WW2 Tunnels Command Post and Tour Startpoint",
        "note": "Please do not use the map on the website, the website map is outdated, and a modern map can be found on their in person brochures.",
        "opening_hours": "Su 10:00 - 15:00",
        "operator": "Royal Australian Artillery Historical Society W.A.",
        "operator:type": "association",
        "tourism": "museum",
        "website": "https://www.artillerywa.org.au/",
        "@geometry": "center"
      },
      "geometry": {
        "type": "Point",
        "coordinates": [
          115.7570062,
          -32.0179882
        ]
      },
      "id": "way/1443388364"
    },
    {
      "type": "Feature",
      "properties": {
        "@id": "way/1446832243",
        "building": "yes",
        "tourism": "museum",
        "@geometry": "center"
      },
      "geometry": {
        "type": "Point",
        "coordinates": [
          149.8000001,
          -35.4405383
        ]
      },
      "id": "way/1446832243"
    },
    {
      "type": "Feature",
      "properties": {
        "@id": "way/1449538464",
        "addr:housenumber": "7970",
        "addr:postcode": "3496",
        "addr:state": "VIC",
        "addr:street": "Millewa Road",
        "addr:suburb": "Meringur",
        "fee": "2",
        "museum": "history",
        "name": "Millewa Pioneer Park",
        "tourism": "museum",
        "website": "https://www.millewapioneerpark.org.au/index.htm",
        "@geometry": "center"
      },
      "geometry": {
        "type": "Point",
        "coordinates": [
          141.3385804,
          -34.3898381
        ]
      },
      "id": "way/1449538464"
    },
    {
      "type": "Feature",
      "properties": {
        "@id": "way/1452540971",
        "addr:housenumber": "1",
        "addr:street": "Bent Street",
        "building": "yes",
        "museum": "history",
        "name": "City of Canada Bay Museum",
        "opening_hours": "We,Sa 10:00-16:00",
        "operator": "City of Canada Bay Heritage Society",
        "operator:type": "community",
        "tourism": "museum",
        "@geometry": "center"
      },
      "geometry": {
        "type": "Point",
        "coordinates": [
          151.1044867,
          -33.8553036
        ]
      },
      "id": "way/1452540971"
    },
    {
      "type": "Feature",
      "properties": {
        "@id": "way/1454796008",
        "museum": "history",
        "tourism": "museum",
        "@geometry": "center"
      },
      "geometry": {
        "type": "Point",
        "coordinates": [
          150.8256114,
          -23.2572626
        ]
      },
      "id": "way/1454796008"
    },
    {
      "type": "Feature",
      "properties": {
        "@id": "node/1456474142",
        "addr:postcode": "5540",
        "addr:street": "Ellen Street",
        "addr:suburb": "Port Pirie",
        "description": "The Port Pirie Railway Station, built 1902, the Customs House and Central Police Station 1882.",
        "museum": "history",
        "name": "Port Pirie Railway Station Museum",
        "note": "Adults $6.00, Children $3.00",
        "opening_hours": "Mo-Sa 10:00-16:00; Su 13:00-16:00",
        "operator": "National Trust SA",
        "operator:type": "government_facility-public",
        "phone": "+61 8 8632 3435",
        "tourism": "museum",
        "website": "https://www.nationaltrust.org.au/places/port-pirie-railway-station/"
      },
      "geometry": {
        "type": "Point",
        "coordinates": [
          138.0103794,
          -33.1758919
        ]
      },
      "id": "node/1456474142"
    },
    {
      "type": "Feature",
      "properties": {
        "@id": "way/1460644297",
        "building": "yes",
        "name": "Sturt's Steps Touring Route Tibooburra Museum",
        "tourism": "museum",
        "website": "https://www.nsw.gov.au/visiting-and-exploring-nsw/locations-and-attractions/milparinka-and-sturts-steps-touring-route",
        "@geometry": "center"
      },
      "geometry": {
        "type": "Point",
        "coordinates": [
          142.0110116,
          -29.4311939
        ]
      },
      "id": "way/1460644297"
    },
    {
      "type": "Feature",
      "properties": {
        "@id": "way/1461949918",
        "building": "yes",
        "name": "Brisbane Motor Museum",
        "tourism": "museum",
        "@geometry": "center"
      },
      "geometry": {
        "type": "Point",
        "coordinates": [
          153.0879853,
          -27.3869876
        ]
      },
      "id": "way/1461949918"
    },
    {
      "type": "Feature",
      "properties": {
        "@id": "way/1467200389",
        "building": "yes",
        "building:levels": "1",
        "museum": "history",
        "tourism": "museum",
        "@geometry": "center"
      },
      "geometry": {
        "type": "Point",
        "coordinates": [
          147.1111595,
          -26.4152112
        ]
      },
      "id": "way/1467200389"
    },
    {
      "type": "Feature",
      "properties": {
        "@id": "way/1467492137",
        "addr:housenumber": "87",
        "addr:street": "Alfred Street",
        "building": "yes",
        "building:levels": "1",
        "museum": "history",
        "name": "Historic House",
        "tourism": "museum",
        "website": "https://www.experiencecharleville.com.au/experience/experiences/charleville/charleville-historic-house-museum-details",
        "@geometry": "center"
      },
      "geometry": {
        "type": "Point",
        "coordinates": [
          146.2404777,
          -26.4004517
        ]
      },
      "id": "way/1467492137"
    },
    {
      "type": "Feature",
      "properties": {
        "@id": "way/1471930364",
        "addr:housenumber": "296",
        "addr:street": "Boundary Road",
        "area": "yes",
        "charge": "6 AUD",
        "email": "rhv@rrc.qld.gov.au",
        "fee": "yes",
        "museum": "open_air",
        "name": "Rockhampton Heritage Village",
        "opening_hours": "Mo-Su 09:00-15:00; PH off",
        "operator": "Rockhampton Regional Council",
        "phone": "+61 7 4936 8680",
        "tourism": "museum",
        "website": "https://heritagevillage.rockhamptonregion.qld.gov.au/",
        "wheelchair": "yes",
        "@geometry": "center"
      },
      "geometry": {
        "type": "Point",
        "coordinates": [
          150.5165569,
          -23.3086994
        ]
      },
      "id": "way/1471930364"
    },
    {
      "type": "Feature",
      "properties": {
        "@id": "way/1474904294",
        "building": "yes",
        "name": "Big Woolbales & Campe Motor Museum",
        "tourism": "museum",
        "@geometry": "center"
      },
      "geometry": {
        "type": "Point",
        "coordinates": [
          142.0041889,
          -37.7279884
        ]
      },
      "id": "way/1474904294"
    },
    {
      "type": "Feature",
      "properties": {
        "@id": "way/1503528089",
        "addr:housenumber": "2",
        "addr:postcode": "4659",
        "addr:state": "QLD",
        "addr:street": "Burrum Street",
        "addr:suburb": "Howard",
        "building": "no",
        "name": "Burrum and District Museum",
        "tourism": "museum",
        "@geometry": "center"
      },
      "geometry": {
        "type": "Point",
        "coordinates": [
          152.5620542,
          -25.3193838
        ]
      },
      "id": "way/1503528089"
    },
    {
      "type": "Feature",
      "properties": {
        "@id": "way/1521339664",
        "addr:housenumber": "15",
        "addr:street": "Millar Terrace",
        "building": "yes",
        "charge": "5 AUD",
        "fee": "yes",
        "museum": "transport",
        "name": "The Shed",
        "operator": "Lazy Lizard Tavern & Caravan Park",
        "operator:type": "private_non_profit",
        "payment:cash": "yes",
        "payment:debit_cards": "yes",
        "tourism": "museum",
        "@geometry": "center"
      },
      "geometry": {
        "type": "Point",
        "coordinates": [
          131.8351481,
          -13.8215205
        ]
      },
      "id": "way/1521339664"
    },
    {
      "type": "Feature",
      "properties": {
        "@id": "way/1527455275",
        "name": "Newdegate Hainsworth Museum.",
        "tourism": "museum",
        "@geometry": "center"
      },
      "geometry": {
        "type": "Point",
        "coordinates": [
          119.0227632,
          -33.0942649
        ]
      },
      "id": "way/1527455275"
    },
    {
      "type": "Feature",
      "properties": {
        "@id": "way/1527677511",
        "building": "yes",
        "name": "Moonbi Museum",
        "tourism": "museum",
        "@geometry": "center"
      },
      "geometry": {
        "type": "Point",
        "coordinates": [
          151.0699947,
          -31.0188023
        ]
      },
      "id": "way/1527677511"
    },
    {
      "type": "Feature",
      "properties": {
        "@id": "way/1527745433",
        "building": "yes",
        "name": "Farming and Mining Display",
        "tourism": "museum",
        "@geometry": "center"
      },
      "geometry": {
        "type": "Point",
        "coordinates": [
          120.0488897,
          -33.5819637
        ]
      },
      "id": "way/1527745433"
    },
    {
      "type": "Feature",
      "properties": {
        "@id": "way/1527745453",
        "building": "yes",
        "name": "Dance Cottage Museum",
        "tourism": "museum",
        "@geometry": "center"
      },
      "geometry": {
        "type": "Point",
        "coordinates": [
          120.0493422,
          -33.5817295
        ]
      },
      "id": "way/1527745453"
    },
    {
      "type": "Feature",
      "properties": {
        "@id": "way/1529630635",
        "building": "yes",
        "check_date": "2025-04-22",
        "fee": "no",
        "museum": "history",
        "name": "Roger May Machinery Museum",
        "tourism": "museum",
        "@geometry": "center"
      },
      "geometry": {
        "type": "Point",
        "coordinates": [
          115.8748321,
          -32.6268294
        ]
      },
      "id": "way/1529630635"
    },
    {
      "type": "Feature",
      "properties": {
        "@id": "way/1531767003",
        "addr:housenumber": "15",
        "addr:postcode": "3084",
        "addr:state": "VIC",
        "addr:street": "Jika Street",
        "addr:suburb": "Heidelberg",
        "alt_name": "Old Heidelberg Courthouse",
        "building": "yes",
        "heritage": "yes",
        "heritage:ref": "B5154",
        "heritage:website": "http://vhd.heritage.vic.gov.au/search/nattrust_result_detail/64350",
        "museum": "history",
        "name": "Heidelberg Historical Society Museum & Research Centre",
        "opening_hours": "Su 14:00-17:00",
        "operator": "Heidelberg Historical Society",
        "operator:type": "private_non_profit",
        "tourism": "museum",
        "website": "http://www.heidelberghistoricalsociety.com.au/",
        "wikidata": "Q55639871",
        "wikipedia": "en:Heidelberg Historical Society",
        "@geometry": "center"
      },
      "geometry": {
        "type": "Point",
        "coordinates": [
          145.0704857,
          -37.7571442
        ]
      },
      "id": "way/1531767003"
    },
    {
      "type": "Feature",
      "properties": {
        "@id": "way/1549423877",
        "building": "yes",
        "museum": "history",
        "name": "Schwerkolt Cottage Slab Barn",
        "tourism": "museum",
        "@geometry": "center"
      },
      "geometry": {
        "type": "Point",
        "coordinates": [
          145.2109633,
          -37.8113777
        ]
      },
      "id": "way/1549423877"
    },
    {
      "type": "Feature",
      "properties": {
        "@id": "node/1555630922",
        "fee": "no",
        "name": "East Coast Heritage Museum",
        "opening_hours": "Tu,Fr 10:00-16:00",
        "source": "survey",
        "tourism": "museum"
      },
      "geometry": {
        "type": "Point",
        "coordinates": [
          148.0755125,
          -42.1238777
        ]
      },
      "id": "node/1555630922"
    },
    {
      "type": "Feature",
      "properties": {
        "@id": "way/1557609642",
        "building": "yes",
        "museum": "history",
        "name": "Old Brown Coal Mine Museum",
        "tourism": "museum",
        "@geometry": "center"
      },
      "geometry": {
        "type": "Point",
        "coordinates": [
          146.3639667,
          -38.164294
        ]
      },
      "id": "way/1557609642"
    },
    {
      "type": "Feature",
      "properties": {
        "@id": "way/1561307419",
        "building": "yes",
        "museum": "history",
        "name": "Burdekin Machinery Preservationists",
        "tourism": "museum",
        "website": "https://burdekinmp.com.au/",
        "@geometry": "center"
      },
      "geometry": {
        "type": "Point",
        "coordinates": [
          147.3531664,
          -19.5548807
        ]
      },
      "id": "way/1561307419"
    },
    {
      "type": "Feature",
      "properties": {
        "@id": "node/1624743504",
        "name": "House of Bottles Museum & Tearooms",
        "source": "survey",
        "tourism": "museum"
      },
      "geometry": {
        "type": "Point",
        "coordinates": [
          145.3514292,
          -37.5350226
        ]
      },
      "id": "node/1624743504"
    },
    {
      "type": "Feature",
      "properties": {
        "@id": "node/1655214232",
        "fee": "no",
        "name": "Cape Byron Lighthouse Museum",
        "tourism": "museum"
      },
      "geometry": {
        "type": "Point",
        "coordinates": [
          153.6362772,
          -28.6387425
        ]
      },
      "id": "node/1655214232"
    },
    {
      "type": "Feature",
      "properties": {
        "@id": "node/1663775472",
        "name": "Binalong Motor Museum",
        "source": "survey",
        "tourism": "museum"
      },
      "geometry": {
        "type": "Point",
        "coordinates": [
          148.6374609,
          -34.6790853
        ]
      },
      "id": "node/1663775472"
    },
    {
      "type": "Feature",
      "properties": {
        "@id": "node/1682249231",
        "addr:housenumber": "17",
        "addr:postcode": "4420",
        "addr:state": "QLD",
        "addr:street": "Kelman Street",
        "addr:suburb": "Taroom",
        "contact:facebook": "https://www.facebook.com/preservingtaroomhistory/",
        "name": "Taroom Museum",
        "tourism": "museum"
      },
      "geometry": {
        "type": "Point",
        "coordinates": [
          149.7956988,
          -25.6401479
        ]
      },
      "id": "node/1682249231"
    },
    {
      "type": "Feature",
      "properties": {
        "@id": "node/1685812346",
        "contact:facebook": "https://www.facebook.com/pages/Panorama-Motorcycles-Memorabilia/191366470877715",
        "name": "Panorama Motorcycle Museum",
        "opening_hours": "Su 09:00-16:30; \"by appointment\"",
        "tourism": "museum"
      },
      "geometry": {
        "type": "Point",
        "coordinates": [
          152.6931864,
          -27.9162092
        ]
      },
      "id": "node/1685812346"
    },
    {
      "type": "Feature",
      "properties": {
        "@id": "node/1694604942",
        "name": "Snowy Hydro Discovery Centre",
        "opening_hours": "Mo-Fr 08:00-17:00; Sa-Su 09:00-14:00",
        "tourism": "museum",
        "website": "https://www.snowyhydro.com.au/discover/snowy-hydro-discovery-centre-cooma/"
      },
      "geometry": {
        "type": "Point",
        "coordinates": [
          149.1334102,
          -36.2193355
        ]
      },
      "id": "node/1694604942"
    },
    {
      "type": "Feature",
      "properties": {
        "@id": "node/1702703092",
        "fee": "no",
        "name": "Queen Victoria Museum & Art Gallery",
        "tourism": "museum",
        "website": "https://www.qvmag.tas.gov.au/",
        "wikidata": "Q7270538"
      },
      "geometry": {
        "type": "Point",
        "coordinates": [
          147.1337165,
          -41.4376979
        ]
      },
      "id": "node/1702703092"
    },
    {
      "type": "Feature",
      "properties": {
        "@id": "node/1714264980",
        "name": "Woolmers Historic Estate",
        "tourism": "museum"
      },
      "geometry": {
        "type": "Point",
        "coordinates": [
          147.1479018,
          -41.6258015
        ]
      },
      "id": "node/1714264980"
    },
    {
      "type": "Feature",
      "properties": {
        "@id": "node/1756289152",
        "name": "Daydream Mine",
        "source": "survey",
        "tourism": "museum"
      },
      "geometry": {
        "type": "Point",
        "coordinates": [
          141.3477064,
          -31.8140735
        ]
      },
      "id": "node/1756289152"
    },
    {
      "type": "Feature",
      "properties": {
        "@id": "node/1757030048",
        "fee": "yes",
        "name": "Brig Amity",
        "opening_hours": "Mo-Su 09:30-16:00",
        "tourism": "museum"
      },
      "geometry": {
        "type": "Point",
        "coordinates": [
          117.8799291,
          -35.0291857
        ]
      },
      "id": "node/1757030048"
    },
    {
      "type": "Feature",
      "properties": {
        "@id": "node/1764097201",
        "designation": "Heritage building",
        "name": "'Sotherton'",
        "tourism": "museum"
      },
      "geometry": {
        "type": "Point",
        "coordinates": [
          147.1435528,
          -41.433868
        ]
      },
      "id": "node/1764097201"
    },
    {
      "type": "Feature",
      "properties": {
        "@id": "node/1793893860",
        "name": "Heritage Museum",
        "tourism": "museum"
      },
      "geometry": {
        "type": "Point",
        "coordinates": [
          151.8418817,
          -26.5394394
        ]
      },
      "id": "node/1793893860"
    },
    {
      "type": "Feature",
      "properties": {
        "@id": "node/1811201838",
        "name": "Wallumbilla Heritage Complex",
        "tourism": "museum"
      },
      "geometry": {
        "type": "Point",
        "coordinates": [
          149.1879191,
          -26.5869027
        ]
      },
      "id": "node/1811201838"
    },
    {
      "type": "Feature",
      "properties": {
        "@id": "node/1813641072",
        "alt_name": "Paterson Historical Court House Museum",
        "name": "Court House Museum",
        "source:alt_name": "LPI Base Map Aug 2016",
        "tourism": "museum"
      },
      "geometry": {
        "type": "Point",
        "coordinates": [
          151.6169371,
          -32.5993358
        ]
      },
      "id": "node/1813641072"
    },
    {
      "type": "Feature",
      "properties": {
        "@id": "node/1817534644",
        "museum": "history",
        "name": "Historic Nebo Museum",
        "operator": "Isaac Region",
        "tourism": "museum"
      },
      "geometry": {
        "type": "Point",
        "coordinates": [
          148.688906,
          -21.6891423
        ]
      },
      "id": "node/1817534644"
    },
    {
      "type": "Feature",
      "properties": {
        "@id": "node/1818434759",
        "name": "Narrabri Old Gaol",
        "tourism": "museum"
      },
      "geometry": {
        "type": "Point",
        "coordinates": [
          149.7859996,
          -30.3283589
        ]
      },
      "id": "node/1818434759"
    },
    {
      "type": "Feature",
      "properties": {
        "@id": "node/1819979116",
        "name": "Old Wowan Butter Factory",
        "source": "Bing",
        "tourism": "museum"
      },
      "geometry": {
        "type": "Point",
        "coordinates": [
          150.1942918,
          -23.9107645
        ]
      },
      "id": "node/1819979116"
    },
    {
      "type": "Feature",
      "properties": {
        "@id": "node/1822578248",
        "name": "Augusta Historical Museum",
        "tourism": "museum"
      },
      "geometry": {
        "type": "Point",
        "coordinates": [
          115.1590558,
          -34.3140004
        ]
      },
      "id": "node/1822578248"
    },
    {
      "type": "Feature",
      "properties": {
        "@id": "node/1874844109",
        "name": "Mad Max 2 Museum",
        "opening_hours": "We-Sa 10:00-16:00; Su-Tu 11:00-15:00",
        "phone": "+61 8 8088 6128",
        "tourism": "museum",
        "website": "https://facebook.com/MadMaxMuseum"
      },
      "geometry": {
        "type": "Point",
        "coordinates": [
          141.2219475,
          -31.888525
        ]
      },
      "id": "node/1874844109"
    },
    {
      "type": "Feature",
      "properties": {
        "@id": "node/1893890718",
        "email": "historichermannsbur@bigpond.com.au",
        "fax": "+61 8 8954 8025",
        "name": "Hermannsburg Historic Precinct",
        "phone": "+61 8 8956 7402",
        "tourism": "museum",
        "website": "https://www.hermannsburg.com.au/"
      },
      "geometry": {
        "type": "Point",
        "coordinates": [
          132.7755219,
          -23.9446804
        ]
      },
      "id": "node/1893890718"
    },
    {
      "type": "Feature",
      "properties": {
        "@id": "node/1923115731",
        "name": "Wireless Hill Museum",
        "tourism": "museum",
        "wikidata": "Q76529991"
      },
      "geometry": {
        "type": "Point",
        "coordinates": [
          115.8279842,
          -32.0304348
        ]
      },
      "id": "node/1923115731"
    },
    {
      "type": "Feature",
      "properties": {
        "@id": "node/1928657655",
        "name": "Sunnyside and South Sea Island Museum",
        "tourism": "museum"
      },
      "geometry": {
        "type": "Point",
        "coordinates": [
          151.4629693,
          -33.0740704
        ]
      },
      "id": "node/1928657655"
    },
    {
      "type": "Feature",
      "properties": {
        "@id": "node/1940814271",
        "name": "Cooroy Saw Mill site",
        "source": "Bing",
        "tourism": "museum"
      },
      "geometry": {
        "type": "Point",
        "coordinates": [
          152.909667,
          -26.4141592
        ]
      },
      "id": "node/1940814271"
    },
    {
      "type": "Feature",
      "properties": {
        "@id": "node/1945670029",
        "tourism": "museum"
      },
      "geometry": {
        "type": "Point",
        "coordinates": [
          96.8293474,
          -12.1883021
        ]
      },
      "id": "node/1945670029"
    },
    {
      "type": "Feature",
      "properties": {
        "@id": "node/1960121476",
        "addr:housenumber": "82",
        "addr:street": "Kintore Avenue",
        "name": "Migration Museum South Australia",
        "opening_hours": "Mo-Su 10:00-17:00",
        "tourism": "museum",
        "website": "https://migration.history.sa.gov.au/",
        "wikidata": "Q6844330"
      },
      "geometry": {
        "type": "Point",
        "coordinates": [
          138.6020671,
          -34.9197037
        ]
      },
      "id": "node/1960121476"
    },
    {
      "type": "Feature",
      "properties": {
        "@id": "node/1969351888",
        "addr:housenumber": "25",
        "addr:postcode": "3925",
        "addr:state": "VIC",
        "addr:street": "Veterans Drive",
        "addr:suburb": "Newhaven",
        "fee": "yes",
        "museum": "military",
        "name": "National Vietnam Veterans Museum",
        "phone": "+61 3 5956 6400",
        "tourism": "museum",
        "website": "https://vietnamvetsmuseum.org",
        "wikidata": "Q27628411"
      },
      "geometry": {
        "type": "Point",
        "coordinates": [
          145.3246083,
          -38.520604
        ]
      },
      "id": "node/1969351888"
    },
    {
      "type": "Feature",
      "properties": {
        "@id": "node/1973804536",
        "name": "Benalla Costume and Pioneer Museum",
        "tourism": "museum"
      },
      "geometry": {
        "type": "Point",
        "coordinates": [
          145.9814494,
          -36.5513878
        ]
      },
      "id": "node/1973804536"
    },
    {
      "type": "Feature",
      "properties": {
        "@id": "node/1974471131",
        "name": "Cobb & Co",
        "tourism": "museum"
      },
      "geometry": {
        "type": "Point",
        "coordinates": [
          146.2216605,
          -36.4639389
        ]
      },
      "id": "node/1974471131"
    },
    {
      "type": "Feature",
      "properties": {
        "@id": "node/1974696569",
        "name": "Eldorado Museum",
        "opening_hours": "Su 14:00-16:30; PH 10:00-16:00",
        "tourism": "museum"
      },
      "geometry": {
        "type": "Point",
        "coordinates": [
          146.5242427,
          -36.3096137
        ]
      },
      "id": "node/1974696569"
    },
    {
      "type": "Feature",
      "properties": {
        "@id": "node/1995414905",
        "name": "Machinery Museum",
        "tourism": "museum"
      },
      "geometry": {
        "type": "Point",
        "coordinates": [
          116.0528541,
          -32.328455
        ]
      },
      "id": "node/1995414905"
    },
    {
      "type": "Feature",
      "properties": {
        "@id": "node/1995414918",
        "name": "Whittnish Cottage",
        "tourism": "museum"
      },
      "geometry": {
        "type": "Point",
        "coordinates": [
          116.0527039,
          -32.3280743
        ]
      },
      "id": "node/1995414918"
    },
    {
      "type": "Feature",
      "properties": {
        "@id": "node/1995414928",
        "name": "Old Post Office Museum",
        "tourism": "museum"
      },
      "geometry": {
        "type": "Point",
        "coordinates": [
          116.0581541,
          -32.335517
        ]
      },
      "id": "node/1995414928"
    },
    {
      "type": "Feature",
      "properties": {
        "@id": "node/1996822346",
        "name": "Sir Reginald Ansett Transport Museum",
        "tourism": "museum",
        "website": "http://www.ansettmuseum.com.au"
      },
      "geometry": {
        "type": "Point",
        "coordinates": [
          142.0360038,
          -37.7417463
        ]
      },
      "id": "node/1996822346"
    },
    {
      "type": "Feature",
      "properties": {
        "@id": "node/1997779030",
        "addr:housenumber": "462",
        "addr:postcode": "2170",
        "addr:state": "NSW",
        "addr:street": "Hume Highway",
        "addr:suburb": "Liverpool",
        "museum": "history",
        "name": "Liverpool Regional Museum and Family History Centre",
        "operator": "Liverpool City Council",
        "operator:type": "government",
        "tourism": "museum"
      },
      "geometry": {
        "type": "Point",
        "coordinates": [
          150.9168643,
          -33.9338028
        ]
      },
      "id": "node/1997779030"
    },
    {
      "type": "Feature",
      "properties": {
        "@id": "node/2000594317",
        "addr:housenumber": "87",
        "addr:postcode": "2715",
        "addr:street": "Market Street",
        "tourism": "museum"
      },
      "geometry": {
        "type": "Point",
        "coordinates": [
          143.5641973,
          -34.6401268
        ]
      },
      "id": "node/2000594317"
    },
    {
      "type": "Feature",
      "properties": {
        "@id": "node/2014600003",
        "name": "Oodnadatta Railway Station Museum",
        "tourism": "museum"
      },
      "geometry": {
        "type": "Point",
        "coordinates": [
          135.4476922,
          -27.5459801
        ]
      },
      "id": "node/2014600003"
    },
    {
      "type": "Feature",
      "properties": {
        "@id": "node/2022629577",
        "fee": "no",
        "name": "Mareeba Heritage Museum",
        "tourism": "museum"
      },
      "geometry": {
        "type": "Point",
        "coordinates": [
          145.4255017,
          -17.0110876
        ]
      },
      "id": "node/2022629577"
    },
    {
      "type": "Feature",
      "properties": {
        "@id": "node/2029113668",
        "name": "Quinkan and Regional Culture Centre",
        "tourism": "museum"
      },
      "geometry": {
        "type": "Point",
        "coordinates": [
          144.4482205,
          -15.5649066
        ]
      },
      "id": "node/2029113668"
    },
    {
      "type": "Feature",
      "properties": {
        "@id": "node/2034523011",
        "name": "Bollon Heritage Centre",
        "operator": "Balonne Shire Council",
        "source": "survey",
        "tourism": "museum"
      },
      "geometry": {
        "type": "Point",
        "coordinates": [
          147.4806204,
          -28.0315609
        ]
      },
      "id": "node/2034523011"
    },
    {
      "type": "Feature",
      "properties": {
        "@id": "node/2074454895",
        "name": "Tenterfield Railway Station Museum",
        "name:zh": "火車博物館",
        "tourism": "museum"
      },
      "geometry": {
        "type": "Point",
        "coordinates": [
          152.0053546,
          -29.0555273
        ]
      },
      "id": "node/2074454895"
    },
    {
      "type": "Feature",
      "properties": {
        "@id": "node/2077028474",
        "name": "Old Cable Station Museum",
        "tourism": "museum"
      },
      "geometry": {
        "type": "Point",
        "coordinates": [
          143.6806097,
          -38.7368408
        ]
      },
      "id": "node/2077028474"
    },
    {
      "type": "Feature",
      "properties": {
        "@id": "node/2077391352",
        "name": "Maclagan Memories Museum",
        "source": "survey",
        "tourism": "museum"
      },
      "geometry": {
        "type": "Point",
        "coordinates": [
          151.6332156,
          -27.0834976
        ]
      },
      "id": "node/2077391352"
    },
    {
      "type": "Feature",
      "properties": {
        "@id": "node/2085347829",
        "fee": "yes",
        "museum": "local",
        "name": "Experiment Farm Cottage",
        "tourism": "museum",
        "website": "https://www.nationaltrust.org.au/places/experiment-farm-cottage/",
        "wikidata": "Q5421089",
        "wikipedia": "en:Experiment Farm Cottage"
      },
      "geometry": {
        "type": "Point",
        "coordinates": [
          151.012641,
          -33.8201436
        ]
      },
      "id": "node/2085347829"
    },
    {
      "type": "Feature",
      "properties": {
        "@id": "node/2130266644",
        "addr:housename": "Ceduna Schoolhouse Museum",
        "addr:housenumber": "2",
        "addr:postcode": "5690",
        "addr:street": "Park Terrace",
        "addr:suburb": "Ceduna",
        "description": "Ceduna School Museum built in 1912 also the first post office, the first gaol.",
        "name": "Ceduna School House - National Trust SA",
        "note": "Adults $3.50, Children $2.00, Family $7.00.",
        "opening_hours": "Mo,Tu,Fr,Sa 10:00-12:00; We 14:00-16:00; Th 10:00-16:00",
        "operator": "National Trust",
        "phone": "+61 8 8645 3565",
        "ref": "32° 7'39.36\"S 133°40'37.92\"E",
        "source": "https://www.nationaltrust.org.au/places/ceduna-school-house-museum/",
        "tourism": "museum",
        "website": "https://www.nationaltrust.org.au/places/ceduna-school-house-museum/"
      },
      "geometry": {
        "type": "Point",
        "coordinates": [
          133.6771542,
          -32.1275938
        ]
      },
      "id": "node/2130266644"
    },
    {
      "type": "Feature",
      "properties": {
        "@id": "node/2130274739",
        "name": "Agery Reserve - National Trust",
        "source": "National Trust of South Australia",
        "tourism": "museum"
      },
      "geometry": {
        "type": "Point",
        "coordinates": [
          137.7105765,
          -34.188919
        ]
      },
      "id": "node/2130274739"
    },
    {
      "type": "Feature",
      "properties": {
        "@id": "node/2130277079",
        "addr:postcode": "5451",
        "addr:street": "St Vincent Street",
        "addr:suburb": "Auburn",
        "description": "A unique Old Police Station and Courthouse featuring variety of stone work and handsawn Redgum.",
        "name": "Auburn Old Police Station and Courthouse Museum National Trust",
        "operator": "Vincent Street Auburn",
        "phone": "+61 8 8849 2262",
        "source": "National Trust",
        "tourism": "museum",
        "website": "https://www.nationaltrust.org.au/places/auburn-old-police-station-and-courthouse-museum/"
      },
      "geometry": {
        "type": "Point",
        "coordinates": [
          138.684365,
          -34.0261907
        ]
      },
      "id": "node/2130277079"
    },
    {
      "type": "Feature",
      "properties": {
        "@id": "node/2130282491",
        "name": "Wilabalangaloo Reserve-National Trust",
        "tourism": "museum",
        "website": "https://www.nationaltrust.org.au/places/wilabalangaloo-reserve/"
      },
      "geometry": {
        "type": "Point",
        "coordinates": [
          140.6216814,
          -34.252697
        ]
      },
      "id": "node/2130282491"
    },
    {
      "type": "Feature",
      "properties": {
        "@id": "node/2130283553",
        "addr:postcode": "5417",
        "addr:street": "Railway Terrace",
        "addr:suburb": "Burra",
        "description": "The original mine office and workshop exhibits displays of the Burra copper mining area, 1845-1877.",
        "name": "Bon Accord Cottage - National Trust",
        "note": "Adults $4.50, Children $2.50, Concession $3.50, Family $10.00 or as part of the Full Burra Heritage Passport.",
        "opening_hours": "Mo,Th-Su 14:00-16:00",
        "operator": "National Trust",
        "phone": "+61 8 8892 2154",
        "tourism": "museum",
        "website": "https://www.nationaltrust.org.au/places/bon-accord-mine-complex/"
      },
      "geometry": {
        "type": "Point",
        "coordinates": [
          138.9227417,
          -33.6727659
        ]
      },
      "id": "node/2130283553"
    },
    {
      "type": "Feature",
      "properties": {
        "@id": "node/2130285523",
        "name": "Burra Mine Site - National Trust",
        "tourism": "museum"
      },
      "geometry": {
        "type": "Point",
        "coordinates": [
          138.927297,
          -33.6800434
        ]
      },
      "id": "node/2130285523"
    },
    {
      "type": "Feature",
      "properties": {
        "@id": "node/2130294528",
        "name": "Burra Police Station. Lockup & Stables - National Trust",
        "operator": "National Trust",
        "tourism": "museum",
        "website": "https://www.nationaltrust.org.au/places/burra-police-lockup-and-stables/"
      },
      "geometry": {
        "type": "Point",
        "coordinates": [
          138.9314813,
          -33.6710748
        ]
      },
      "id": "node/2130294528"
    },
    {
      "type": "Feature",
      "properties": {
        "@id": "node/2130304003",
        "heritage": "yes",
        "name": "Cape Jaffa Lighthouse - National Trust",
        "tourism": "museum",
        "website": "https://www.nationaltrust.org.au/places/cape-jaffa-lighthouse/",
        "wikidata": "Q5034877",
        "wikipedia": "en:Cape Jaffa Lighthouse"
      },
      "geometry": {
        "type": "Point",
        "coordinates": [
          139.8462084,
          -36.8360068
        ]
      },
      "id": "node/2130304003"
    },
    {
      "type": "Feature",
      "properties": {
        "@id": "node/2130307224",
        "addr:postcode": "5640",
        "addr:street": "Third Street",
        "addr:suburb": "Cleve",
        "description": "Early pioneering artefacts from household articles to agricultural machinery",
        "name": "Cleve Old Council Chambers - National Trust",
        "note": "Adults $4.00, Children $2.00",
        "opening_hours": "\"by appointment\"",
        "operator": "National Trust",
        "tourism": "museum",
        "website": "https://www.nationaltrust.org.au/places/cleve-old-council-chambers/"
      },
      "geometry": {
        "type": "Point",
        "coordinates": [
          136.4956672,
          -33.7008845
        ]
      },
      "id": "node/2130307224"
    },
    {
      "type": "Feature",
      "properties": {
        "@id": "node/2130312697",
        "addr:housenumber": "450",
        "addr:postcode": "5353",
        "addr:street": "Eden Valley Road",
        "addr:suburb": "Angaston",
        "description": "Collingrove Homestead provides a fine example of how our pioneers created a new Australian architecture.",
        "email": "info@collingrovehomestead.com.au",
        "name": "Collingrove Homestead - National Trust SA",
        "note": "Enquiries: Marcia and Andrew Frost",
        "phone": "+61 8 8564 2061",
        "tourism": "museum",
        "website": "https://www.nationaltrust.org.au/places/collingrove-homestead/"
      },
      "geometry": {
        "type": "Point",
        "coordinates": [
          139.0759298,
          -34.5431579
        ]
      },
      "id": "node/2130312697"
    },
    {
      "type": "Feature",
      "properties": {
        "@id": "node/2130319952",
        "name": "Davidson Cottage - National Trust SA",
        "tourism": "museum",
        "website": "https://www.nationaltrust.org.au/places/davidson-cottage/"
      },
      "geometry": {
        "type": "Point",
        "coordinates": [
          140.8411508,
          -37.3789102
        ]
      },
      "id": "node/2130319952"
    },
    {
      "type": "Feature",
      "properties": {
        "@id": "node/2130320070",
        "addr:housenumber": "2",
        "addr:postcode": "5277",
        "addr:street": "Petticoat Lane",
        "addr:suburb": "Penola",
        "description": "1856 stone cottage built by William Wilson of Mount Gambier stone and local clay.",
        "name": "Wilson's Cottage - National Trust SA",
        "opening_hours": "Th,Fr-Su 11:00-16:00 || \"by appointment\"",
        "operator": "National Trust",
        "phone": "+61 438 112 000",
        "tourism": "museum"
      },
      "geometry": {
        "type": "Point",
        "coordinates": [
          140.8407136,
          -37.378923
        ]
      },
      "id": "node/2130320070"
    },
    {
      "type": "Feature",
      "properties": {
        "@id": "node/2130320082",
        "addr:housenumber": "5",
        "addr:postcode": "5277",
        "addr:street": "Petticoat Lane",
        "addr:suburb": "Penola",
        "description": "A four roomed stone cottage built 1869, owned from 1878 by Philip William Carter Gammon.",
        "name": "Gammon Cottage - National Trust SA",
        "opening_hours": "Sa,Su 10:30-16:00",
        "operator": "National Trust",
        "phone": "+61 421 710 902",
        "tourism": "museum",
        "website": "https://www.nationaltrust.org.au/places/gammon-cottage/"
      },
      "geometry": {
        "type": "Point",
        "coordinates": [
          140.8401745,
          -37.378938
        ]
      },
      "id": "node/2130320082"
    },
    {
      "type": "Feature",
      "properties": {
        "@id": "node/2148729210",
        "name": "Tasmanian Transport Museum",
        "opening_hours": "Sa, Su 13:00-15:00",
        "phone": "+61 428 386 843",
        "public_transport": "station",
        "railway": "station",
        "tourism": "museum"
      },
      "geometry": {
        "type": "Point",
        "coordinates": [
          147.2746916,
          -42.8311319
        ]
      },
      "id": "node/2148729210"
    },
    {
      "type": "Feature",
      "properties": {
        "@id": "node/2152985088",
        "name": "Riverstone Museum",
        "tourism": "museum"
      },
      "geometry": {
        "type": "Point",
        "coordinates": [
          150.8650048,
          -33.6771555
        ]
      },
      "id": "node/2152985088"
    },
    {
      "type": "Feature",
      "properties": {
        "@id": "node/2158450664",
        "description": "Built in 1902 for Joseph Gamble and his family. Bequeathed in 1982 for community use.",
        "name": "Gamble Cottage-National Trust",
        "opening_hours": "Feb-Nov Su[3] 14:00-16:00; \"Garden: public access 24/7\"",
        "operator": "National Trust",
        "phone": "+61 474 066 776",
        "tourism": "museum",
        "website": "https://www.nationaltrust.org.au/places/gamble-cottage/"
      },
      "geometry": {
        "type": "Point",
        "coordinates": [
          138.6232927,
          -35.0251672
        ]
      },
      "id": "node/2158450664"
    },
    {
      "type": "Feature",
      "properties": {
        "@id": "node/2158451274",
        "addr:housenumber": "176",
        "addr:postcode": "5291",
        "addr:street": "Glencoe Road",
        "addr:suburb": "Glencoe",
        "description": "Take in the ambience of this unique woolshed, unchanged since it was built in 1863. Artefacts of the wool industry on display. Call at Glencoe General Store for key.",
        "name": "Glencoe Woolshed-National Trust",
        "note": "Adults $6.00,Children (6-14) $2.00, Family $15.00 (2 adults and children under 14 years of age). National Trust members Free on sighting of a current valid membership card",
        "opening_hours": "Mo-Sa,PH 09:00-17:00; Su 11:00-17:00",
        "operator": "National Trust",
        "tourism": "museum",
        "website": "https://www.nationaltrust.org.au/places/glencoe-woolshed/",
        "wheelchair": "yes"
      },
      "geometry": {
        "type": "Point",
        "coordinates": [
          140.6139428,
          -37.6878341
        ]
      },
      "id": "node/2158451274"
    },
    {
      "type": "Feature",
      "properties": {
        "@id": "node/2158452172",
        "addr:housenumber": "59",
        "addr:postcode": "5118",
        "addr:state": "SA",
        "addr:street": "Murray Street",
        "addr:suburb": "Gawler",
        "description": "Museum built 1860 of local stone as a telegraph station, designed by the Colonial Architect.",
        "fee": "yes",
        "name": "Gawler Old Telegraph Museum-National Trust",
        "note": "$3 per Adult, $2.50 Concession",
        "opening_hours": "Tu-Fr 13:00-16:00",
        "operator": "National Trust",
        "phone": "+61 8 8522 4709",
        "tourism": "museum",
        "website": "https://www.nationaltrust.org.au/places/gawler-old-telegraph-station-museum/"
      },
      "geometry": {
        "type": "Point",
        "coordinates": [
          138.749428,
          -34.6009309
        ]
      },
      "id": "node/2158452172"
    },
    {
      "type": "Feature",
      "properties": {
        "@id": "node/2158452553",
        "addr:postcode": "5214",
        "addr:street": "Laurie Lane",
        "addr:suburb": "Goolwa",
        "description": "The Railway Superintendent's House reputed to be the oldest house in Goolwa built 1852- 1854.",
        "name": "Goolwa Old Railway Superintendent's Cottage",
        "opening_hours": "\"by appointment\"",
        "operator": "National Trust",
        "tourism": "museum"
      },
      "geometry": {
        "type": "Point",
        "coordinates": [
          138.7853563,
          -35.5029716
        ]
      },
      "id": "node/2158452553"
    },
    {
      "type": "Feature",
      "properties": {
        "@id": "node/2158454124",
        "addr:postcode": "5223",
        "addr:street": "Centenary Avenue",
        "addr:suburb": "Kingscote",
        "description": "Hope Cottage one of three cottages built around 1857 by brothers Charles and Michael Calnan",
        "name": "Hope Cottage-National Trust",
        "note": "Adults $5.00 Children $1.00, Concession $3.00, Family $10.00",
        "opening_hours": "Mo-Su 13:00-16:00; Jan Mo-Su 10:00-16:00",
        "operator": "National Trust",
        "phone": "+61 8 8553 2656",
        "tourism": "museum",
        "website": "https://www.nationaltrust.org.au/places/hope-cottage/"
      },
      "geometry": {
        "type": "Point",
        "coordinates": [
          137.6343212,
          -35.6461962
        ]
      },
      "id": "node/2158454124"
    },
    {
      "type": "Feature",
      "properties": {
        "@id": "node/2158454807",
        "name": "Hughes Pump House-National Trust",
        "operator": "National Trust",
        "tourism": "museum",
        "website": "https://www.nationaltrust.org.au/places/hughes-pump-house/"
      },
      "geometry": {
        "type": "Point",
        "coordinates": [
          137.609827,
          -34.0802998
        ]
      },
      "id": "node/2158454807"
    },
    {
      "type": "Feature",
      "properties": {
        "@id": "node/2158522342",
        "addr:housenumber": "17",
        "addr:postcode": "5172",
        "addr:street": "St Lukes Street",
        "addr:suburb": "Willunga",
        "description": "State Heritage listed single-gabled schoolroom built of local freestone, roofed and floored with local slate.",
        "email": "vhardy@nationaltrustsa.org.au",
        "name": "James Bassett School-National Trust",
        "operator": "National Trust",
        "phone": "+61 8 8223 1234",
        "tourism": "museum",
        "website": "https://www.nationaltrust.org.au/places/bassett-boys-schoolroom/"
      },
      "geometry": {
        "type": "Point",
        "coordinates": [
          138.5590381,
          -35.2733165
        ]
      },
      "id": "node/2158522342"
    },
    {
      "type": "Feature",
      "properties": {
        "@id": "node/2158524062",
        "addr:postcode": "5491",
        "addr:street": "Doon Terrace",
        "addr:suburb": "Jamestown",
        "name": "Jamestown Local History Centre-National Trust",
        "opening_hours": "Su[-1] 13:30-16:30; Dec off",
        "operator": "National Trust",
        "phone": "+61 8 8665 2036",
        "tourism": "museum",
        "website": "https://www.nationaltrust.org.au/places/jamestown-local-history-centre/"
      },
      "geometry": {
        "type": "Point",
        "coordinates": [
          138.6005206,
          -33.2027647
        ]
      },
      "id": "node/2158524062"
    },
    {
      "type": "Feature",
      "properties": {
        "@id": "node/2158524402",
        "addr:housenumber": "105",
        "addr:postcode": "5267",
        "addr:street": "Emu Flat Road",
        "addr:suburb": "Keith",
        "description": "Built by William Davies in 1894, the cottage is constructed of local limestone. The cottage consists of two bedrooms, a parlour, and a kitchen. Three stone buttresses were added in the 1920s to strengthen the bedrooms wall.",
        "name": "Keith Early Settler’s Cottage",
        "opening_hours": "\"by appointment\"",
        "operator": "National Trust",
        "phone": "+61 8 8755 1118",
        "tourism": "museum",
        "website": "https://www.nationaltrust.org.au/places/keith-early-settlers-cottage/"
      },
      "geometry": {
        "type": "Point",
        "coordinates": [
          140.3621518,
          -36.0925567
        ]
      },
      "id": "node/2158524402"
    },
    {
      "type": "Feature",
      "properties": {
        "@id": "node/2158524767",
        "addr:housenumber": "1387",
        "addr:street": "Koppio Road",
        "addr:suburb": "Koppio",
        "name": "Koppio Smithy Museum-National Trust",
        "opening_hours": "Tu-Su 10:00-16:00",
        "operator": "National Trust",
        "phone": "+61 8 8684 4243",
        "tourism": "museum",
        "website": "https://www.nationaltrust.org.au/places/koppio-smithy-museum/"
      },
      "geometry": {
        "type": "Point",
        "coordinates": [
          135.8467161,
          -34.4216168
        ]
      },
      "id": "node/2158524767"
    },
    {
      "type": "Feature",
      "properties": {
        "@id": "node/2158525818",
        "name": "Kotz Cottage-National Trust",
        "tourism": "museum"
      },
      "geometry": {
        "type": "Point",
        "coordinates": [
          138.943905,
          -33.685782
        ]
      },
      "id": "node/2158525818"
    },
    {
      "type": "Feature",
      "properties": {
        "@id": "node/2158525838",
        "addr:housenumber": "1",
        "addr:postcode": "5573",
        "addr:street": "Gardiner Terrace",
        "addr:suburb": "Maitland",
        "description": "Which former student at Maitland attained high office in Australia – Prime Minister no lessß",
        "name": "Maitland Museum-National Trust",
        "note": "Adults $5.00 Students $1.00,Concession $3.50,Family $12.00",
        "opening_hours": "Su,SH,PH 14:00-16:00",
        "operator": "National Trust",
        "phone": "+61 8 8832 2220",
        "tourism": "museum",
        "website": "https://www.nationaltrust.org.au/places/maitland-museum/"
      },
      "geometry": {
        "type": "Point",
        "coordinates": [
          137.6747556,
          -34.3773244
        ]
      },
      "id": "node/2158525838"
    },
    {
      "type": "Feature",
      "properties": {
        "@id": "node/2158526393",
        "addr:postcode": "5417",
        "addr:street": "Market Square",
        "addr:suburb": "Burra",
        "description": "An old style turn of century general store, post office and family home.",
        "name": "Market Square Museum National Trust",
        "note": "Adults $3.50, Children $2.00, Concession $2.50,Family $8.00, or as part of the Burra Passport, which is available from the Burra Visitors Centre.",
        "opening_hours": "Sa-Su,PH 13:00-15:00",
        "operator": "National Trust",
        "phone": "+61 8 8892 2154",
        "tourism": "museum",
        "website": "https://www.nationaltrust.org.au/places/market-square-museum/"
      },
      "geometry": {
        "type": "Point",
        "coordinates": [
          138.9385245,
          -33.6812238
        ]
      },
      "id": "node/2158526393"
    },
    {
      "type": "Feature",
      "properties": {
        "@id": "node/2158526679",
        "addr:housenumber": "50",
        "addr:postcode": "5554",
        "addr:street": "Mines Road",
        "description": "Extensive farm machinery collection interpreted through displays covering many aspects of life on the land.",
        "name": "The Farm Shed National Trust Museum",
        "note": "Admission fee includes Matta House",
        "opening_hours": "Mo-Fr 09:00-17:00; Sa,Su,PH 10:00-15:30",
        "operator": "National Trust",
        "phone": "+61 439 394 735",
        "tourism": "museum",
        "website": "https://www.nationaltrust.org.au/places/the-farm-shed-museum/"
      },
      "geometry": {
        "type": "Point",
        "coordinates": [
          137.7069603,
          -33.9736833
        ]
      },
      "id": "node/2158526679"
    },
    {
      "type": "Feature",
      "properties": {
        "@id": "node/2158526850",
        "addr:state": "SA",
        "addr:street": "Blyth Street",
        "addr:suburb": "Burra",
        "museum": "history",
        "name": "Miner's Dugouts-National Trust",
        "operator": "National Trust",
        "tourism": "museum",
        "url": "https://www.nationaltrust.org.au/places/burra-miners-dugouts/",
        "website": "https://www.nationaltrust.org.au/places/burra-miners-dugouts/"
      },
      "geometry": {
        "type": "Point",
        "coordinates": [
          138.9433269,
          -33.6826502
        ]
      },
      "id": "node/2158526850"
    },
    {
      "type": "Feature",
      "properties": {
        "@id": "node/2158527506",
        "addr:housenumber": "16a",
        "addr:postcode": "5575",
        "addr:street": "Main Street",
        "addr:suburb": "Minlaton",
        "description": "Built about 1889 the Museum reflects the history of the settlement days and pioneering community.",
        "name": "Minlaton Museum-National Trust",
        "note": "Adults $5.00, Concession $4.00, Children (6-12years) $1.00",
        "opening_hours:url": "https://www.nationaltrust.org.au/places/minlaton-museum/",
        "operator": "National Trust",
        "phone": "+61 8 8853 2157",
        "tourism": "museum",
        "website": "https://www.nationaltrust.org.au/places/minlaton-museum/"
      },
      "geometry": {
        "type": "Point",
        "coordinates": [
          137.5963314,
          -34.7703722
        ]
      },
      "id": "node/2158527506"
    },
    {
      "type": "Feature",
      "properties": {
        "@id": "node/2158527887",
        "addr:street": "Verco Street",
        "description": "Venue closed if 37⁰ or above.",
        "name": "Moonta Miner's Cottage and Heritage Garden-National Trust",
        "note": "Adults $4.00, Children $2.00",
        "opening_hours": "We,Sa,Su 13:30-16:00; SH Mo-Su 13:30-16:00",
        "operator": "National Trust",
        "tourism": "museum",
        "website": "https://www.nationaltrust.org.au/places/moonta-miners-cottage-and-heritage-garden/"
      },
      "geometry": {
        "type": "Point",
        "coordinates": [
          137.5985791,
          -34.0771431
        ]
      },
      "id": "node/2158527887"
    },
    {
      "type": "Feature",
      "properties": {
        "@id": "node/2158528226",
        "addr:postcode": "5558",
        "addr:street": "Verran Terrace",
        "addr:suburb": "Moonta Mines",
        "description": "Venue closed if 37⁰ or above.",
        "name": "Moonta Mines Model School Museum - National Trust",
        "note": "Museum: Adults $8.00; Children $4.00 Railway: Adults $8.00; Children $4.00",
        "opening_hours": "Sa-Th 13:00-16:00; Fr 10:00-16:00; SH Su-Th 13:00-16:00; Fr 10:00-16:00; PH Su-Th 13:00-16:00; Fr 10:00-16:00",
        "operator": "National Trust",
        "phone": "+61 8 8825 1891",
        "tourism": "museum",
        "website": "https://www.nationaltrust.org.au/places/moonta-mines-model-school-museum/",
        "wheelchair": "yes"
      },
      "geometry": {
        "type": "Point",
        "coordinates": [
          137.6064397,
          -34.0759256
        ]
      },
      "id": "node/2158528226"
    },
    {
      "type": "Feature",
      "properties": {
        "@id": "node/2158528689",
        "addr:postcode": "5558",
        "addr:street": "Ellen Street",
        "addr:suburb": "Moonta",
        "description": "Venue closed if 37⁰ or above",
        "name": "Moonta School Of Mines-National Trust",
        "opening_hours": "We,Sa,Su 13:00-16:00",
        "operator": "National Trust",
        "tourism": "museum",
        "website": "https://www.nationaltrust.org.au/places/moonta-school-of-mines/"
      },
      "geometry": {
        "type": "Point",
        "coordinates": [
          137.5898553,
          -34.0688829
        ]
      },
      "id": "node/2158528689"
    },
    {
      "type": "Feature",
      "properties": {
        "@id": "node/2158528888",
        "addr:postcode": "5558",
        "addr:street": "Blanche Terrace",
        "addr:suburb": "Moonta",
        "attraction": "historic",
        "name": "Moonta Railway Station-National Trust",
        "opening_hours": "Mo-Su 09:00-17:00",
        "operator": "National Trust",
        "phone": "+61 8 8825 1891",
        "tourism": "museum",
        "website": "https://www.nationaltrust.org.au/places/moonta-railway-station/",
        "wheelchair": "yes"
      },
      "geometry": {
        "type": "Point",
        "coordinates": [
          137.5955786,
          -34.0680764
        ]
      },
      "id": "node/2158528888"
    },
    {
      "type": "Feature",
      "properties": {
        "@id": "node/2158528900",
        "name": "Moonta Wheal Hughes Copper Mine",
        "operator": "National Trust",
        "tourism": "museum",
        "wikidata": "Q7991795",
        "wikipedia": "en:Wheal Hughes"
      },
      "geometry": {
        "type": "Point",
        "coordinates": [
          137.6148546,
          -34.0537844
        ]
      },
      "id": "node/2158528900"
    },
    {
      "type": "Feature",
      "properties": {
        "@id": "node/2158529142",
        "addr:housenumber": "42A",
        "addr:postcode": "5290",
        "addr:street": "Bay Road",
        "addr:suburb": "Mount Gambier",
        "description": "In 1864 work began on the pink dolomite stone Courthouse and was completed in 1878.",
        "name": "Mount Gambier Courthouse Museum-National Trust",
        "note": "Adults $6.00,Children (6-14) $2.00, Family $15.00 (2 adults and children 14 years of age). National Trust members Free on sighting of a current valid membership card.",
        "opening_hours": "\"by appointment\"",
        "operator": "National Trust",
        "phone": "+61 403 815 393",
        "tourism": "museum",
        "website": "https://www.nationaltrust.org.au/places/mount-gambier-courthouse-museum/"
      },
      "geometry": {
        "type": "Point",
        "coordinates": [
          140.7777112,
          -37.8337724
        ]
      },
      "id": "node/2158529142"
    },
    {
      "type": "Feature",
      "properties": {
        "@id": "node/2158530082",
        "addr:postcode": "5608",
        "addr:street": "Ekblom Street",
        "addr:suburb": "Whyalla Norrie",
        "description": "The Mount Laura Station houses the Gay Street Cottage, garden, various buildings and vehicles.",
        "name": "Mount Laura Station-National Trust",
        "note": "Adults $5.00, Students & Children $2.00, Concession $4.00, Family $10.00",
        "opening_hours": "Mo-Fr 10:00-15:00, Su 13:00-16:00",
        "operator": "National Trust",
        "phone": "+61 417 861 705",
        "tourism": "museum"
      },
      "geometry": {
        "type": "Point",
        "coordinates": [
          137.5338839,
          -33.0296156
        ]
      },
      "id": "node/2158530082"
    },
    {
      "type": "Feature",
      "properties": {
        "@id": "node/2160417228",
        "addr:postcode": "5341",
        "addr:street": "Twentyfirst Street",
        "addr:suburb": "Renmark",
        "description": "A 1880s wooden-floored log cabin house originally designed for the Chaffey brothers.",
        "name": "Olivewood-National Trust",
        "note": "Adults $7.00, Concession $5.00, Student $3.00.Family (2Adults & 2 children)$15.00 Coach groups $5.00 per person (subject to change)",
        "opening_hours": "Th-Mo 10:00-16:00; Tu-We \"by appointment\"",
        "operator": "National Trust",
        "phone": "+61 8 8586 6175",
        "tourism": "museum",
        "website": "https://www.nationaltrust.org.au/places/olivewood/"
      },
      "geometry": {
        "type": "Point",
        "coordinates": [
          140.7350747,
          -34.1808822
        ]
      },
      "id": "node/2160417228"
    },
    {
      "type": "Feature",
      "properties": {
        "@id": "node/2160418270",
        "addr:postcode": "5222",
        "addr:street": "Hog Bay Road",
        "addr:suburb": "Penneshaw",
        "description": "The Hog Bay School built 1869 is now a Maritime and Folk Museum. The Penneshaw Maritime and Folk Museum occupies the building once known as the Hog Bay Public School, which operated from 1869 to 1967.",
        "name": "Penneshaw Maritime And Folk National Trust Museum",
        "note": "Adults $3.00, Concession $2.00, Family $7.00",
        "opening_hours": "Sep-May We-Su 15:00-17:00 || \"by arrangement\"",
        "operator": "National Trust",
        "phone": "+61 8 8553 1109",
        "tourism": "museum",
        "website": "https://www.nationaltrust.org.au/places/penneshaw-maritime-and-folk-museum/"
      },
      "geometry": {
        "type": "Point",
        "coordinates": [
          137.9320353,
          -35.7196622
        ]
      },
      "id": "node/2160418270"
    },
    {
      "type": "Feature",
      "properties": {
        "@id": "node/2166247668",
        "name": "Rail Journeys Museum",
        "tourism": "museum"
      },
      "geometry": {
        "type": "Point",
        "coordinates": [
          150.6463848,
          -31.349241
        ]
      },
      "id": "node/2166247668"
    },
    {
      "type": "Feature",
      "properties": {
        "@id": "node/2182522844",
        "check_date": "2026-07-11",
        "check_date:opening_hours": "2026-07-11",
        "fee": "no",
        "name": "Museum of Australian Democracy",
        "opening_hours": "Mo-Su 09:00-17:00",
        "tourism": "museum",
        "website": "https://www.moadoph.gov.au/"
      },
      "geometry": {
        "type": "Point",
        "coordinates": [
          149.129833,
          -35.3021425
        ]
      },
      "id": "node/2182522844"
    },
    {
      "type": "Feature",
      "properties": {
        "@id": "node/2187933079",
        "alt_name": "Royce Cottage",
        "name": "Manilla Heritage Museum",
        "tourism": "museum"
      },
      "geometry": {
        "type": "Point",
        "coordinates": [
          150.7199979,
          -30.7463588
        ]
      },
      "id": "node/2187933079"
    },
    {
      "type": "Feature",
      "properties": {
        "@id": "node/2195341562",
        "name": "Woodsdale Museum",
        "tourism": "museum"
      },
      "geometry": {
        "type": "Point",
        "coordinates": [
          147.573282,
          -42.4729423
        ]
      },
      "id": "node/2195341562"
    },
    {
      "type": "Feature",
      "properties": {
        "@id": "node/2240662503",
        "addr:housenumber": "8",
        "addr:postcode": "7325",
        "addr:state": "TAS",
        "addr:street": "Exhibition Link",
        "addr:suburb": "Wynyard",
        "name": "Wonders of Wynyard",
        "tourism": "museum",
        "website": "https://www.wondersofwynyard.com/"
      },
      "geometry": {
        "type": "Point",
        "coordinates": [
          145.7278177,
          -40.9906639
        ]
      },
      "id": "node/2240662503"
    },
    {
      "type": "Feature",
      "properties": {
        "@id": "node/2256232751",
        "name": "Field of Dreams Museum",
        "opening_hours": "Tu-We, Fr 09:00-18:00",
        "tourism": "museum"
      },
      "geometry": {
        "type": "Point",
        "coordinates": [
          149.2176782,
          -21.4266238
        ]
      },
      "id": "node/2256232751"
    },
    {
      "type": "Feature",
      "properties": {
        "@id": "node/2271271840",
        "name": "Brambuk Cultural Centre",
        "tourism": "museum",
        "wheelchair": "yes"
      },
      "geometry": {
        "type": "Point",
        "coordinates": [
          142.5315001,
          -37.1579676
        ]
      },
      "id": "node/2271271840"
    },
    {
      "type": "Feature",
      "properties": {
        "@id": "node/2295773949",
        "name": "Birchip History Museum",
        "tourism": "museum"
      },
      "geometry": {
        "type": "Point",
        "coordinates": [
          142.9176669,
          -35.9839638
        ]
      },
      "id": "node/2295773949"
    },
    {
      "type": "Feature",
      "properties": {
        "@id": "node/2303042475",
        "name": "Museum of Printing",
        "tourism": "museum",
        "website": "https://www.printingmuseum.org.au/"
      },
      "geometry": {
        "type": "Point",
        "coordinates": [
          150.6884527,
          -33.7571622
        ]
      },
      "id": "node/2303042475"
    },
    {
      "type": "Feature",
      "properties": {
        "@id": "node/2308081736",
        "name": "Woods' Farming and Heritage Museum",
        "tourism": "museum"
      },
      "geometry": {
        "type": "Point",
        "coordinates": [
          142.6270656,
          -36.6260311
        ]
      },
      "id": "node/2308081736"
    },
    {
      "type": "Feature",
      "properties": {
        "@id": "node/2321371288",
        "name": "Wallangarra Railway Station Museum",
        "name:zh": "歷史博物館及時差線",
        "tourism": "museum"
      },
      "geometry": {
        "type": "Point",
        "coordinates": [
          151.931909,
          -28.9232687
        ]
      },
      "id": "node/2321371288"
    },
    {
      "type": "Feature",
      "properties": {
        "@id": "node/2337234744",
        "access": "permit",
        "addr:housenumber": "270",
        "addr:street": "Grattan Street",
        "air_conditioning": "yes",
        "check_date": "2024-08-27",
        "fee": "yes",
        "internet_access": "wlan",
        "level": "3",
        "name": "Harry Brookes Allen Museum of Anatomy & Pathology",
        "opening_hours": "Mo-Fr 09:00-17:00",
        "operator": "University of Melbourne",
        "operator:type": "university",
        "tourism": "museum",
        "website": "https://harrybrookesallenmuseum.mdhs.unimelb.edu.au/"
      },
      "geometry": {
        "type": "Point",
        "coordinates": [
          144.9592332,
          -37.7995673
        ]
      },
      "id": "node/2337234744"
    },
    {
      "type": "Feature",
      "properties": {
        "@id": "node/2337234746",
        "addr:housenumber": "714-736",
        "addr:postcode": "3053",
        "addr:state": "VIC",
        "addr:street": "Swanston Street",
        "addr:suburb": "Carlton",
        "air_conditioning": "yes",
        "check_date": "2024-09-05",
        "fee": "no",
        "level": "0",
        "museum": "dental",
        "name": "The Henry Forman Atkinson Dental Museum",
        "operator": "University of Melbourne",
        "operator:type": "university",
        "source": "local knowledge",
        "tourism": "museum",
        "website": "https://henryformanatkinsondentalmuseum.mdhs.unimelb.edu.au/home",
        "wheelchair": "yes"
      },
      "geometry": {
        "type": "Point",
        "coordinates": [
          144.964415,
          -37.7992531
        ]
      },
      "id": "node/2337234746"
    },
    {
      "type": "Feature",
      "properties": {
        "@id": "node/2362917987",
        "name": "The Clermont Historical Centre",
        "tourism": "museum"
      },
      "geometry": {
        "type": "Point",
        "coordinates": [
          147.6379335,
          -22.7985852
        ]
      },
      "id": "node/2362917987"
    },
    {
      "type": "Feature",
      "properties": {
        "@id": "node/2381947128",
        "name": "Tumut and District Museum",
        "tourism": "museum"
      },
      "geometry": {
        "type": "Point",
        "coordinates": [
          148.2190649,
          -35.3010294
        ]
      },
      "id": "node/2381947128"
    },
    {
      "type": "Feature",
      "properties": {
        "@id": "node/2382917583",
        "name": "Apple Museum",
        "tourism": "museum"
      },
      "geometry": {
        "type": "Point",
        "coordinates": [
          147.0860465,
          -42.9877984
        ]
      },
      "id": "node/2382917583"
    },
    {
      "type": "Feature",
      "properties": {
        "@id": "node/2401164624",
        "name": "Cambridge Downs Heritage Display Centre",
        "source": "survey",
        "tourism": "museum"
      },
      "geometry": {
        "type": "Point",
        "coordinates": [
          143.144203,
          -20.7325422
        ]
      },
      "id": "node/2401164624"
    },
    {
      "type": "Feature",
      "properties": {
        "@id": "node/2415477005",
        "addr:housename": "Michie Building",
        "addr:place": "University of Queensland",
        "fee": "no",
        "level": "1",
        "name": "Anthropology Museum",
        "opening_hours": "Mo-Fr 11:00-15:00",
        "operator": "The University of Queensland",
        "tourism": "museum",
        "website": "https://anthropologymuseum.uq.edu.au/index.html",
        "wheelchair": "yes"
      },
      "geometry": {
        "type": "Point",
        "coordinates": [
          153.0117305,
          -27.497151
        ]
      },
      "id": "node/2415477005"
    },
    {
      "type": "Feature",
      "properties": {
        "@id": "node/2419536615",
        "name": "Parkside Museum",
        "tourism": "museum"
      },
      "geometry": {
        "type": "Point",
        "coordinates": [
          146.5508332,
          -34.7469174
        ]
      },
      "id": "node/2419536615"
    },
    {
      "type": "Feature",
      "properties": {
        "@id": "node/2423730429",
        "tourism": "museum"
      },
      "geometry": {
        "type": "Point",
        "coordinates": [
          144.5215474,
          -17.1566093
        ]
      },
      "id": "node/2423730429"
    },
    {
      "type": "Feature",
      "properties": {
        "@id": "node/2440051609",
        "name": "Gundagai Museum",
        "tourism": "museum"
      },
      "geometry": {
        "type": "Point",
        "coordinates": [
          148.1073673,
          -35.0662137
        ]
      },
      "id": "node/2440051609"
    },
    {
      "type": "Feature",
      "properties": {
        "@id": "node/2440051616",
        "name": "Old Flour Mill",
        "tourism": "museum"
      },
      "geometry": {
        "type": "Point",
        "coordinates": [
          148.1084786,
          -35.0672816
        ]
      },
      "id": "node/2440051616"
    },
    {
      "type": "Feature",
      "properties": {
        "@id": "node/2456379053",
        "addr:housenumber": "546",
        "addr:street": "Dean Street",
        "check_date": "2026-06-27",
        "check_date:opening_hours": "2026-06-27",
        "email": "mama@alburycity.nsw.gov.au",
        "name": "Murray Art Museum Albury (MAMA)",
        "opening_hours": "Mo-Fr 10:00-17:00; Sa-Su 10:00-16:00",
        "phone": "+61 2 6043 5800",
        "tourism": "museum",
        "website": "https://www.mamalbury.com.au/",
        "wikipedia": "en:Murray Art Museum Albury"
      },
      "geometry": {
        "type": "Point",
        "coordinates": [
          146.916706,
          -36.0805179
        ]
      },
      "id": "node/2456379053"
    },
    {
      "type": "Feature",
      "properties": {
        "@id": "node/2494868791",
        "addr:housenumber": "3458",
        "addr:street": "Hill End Road",
        "description": "Gold Museum at Hill End to include over 10,000 goldfield artefacts and an underground mine. The mine is electrically lit over 135 metres walk-in and an optional 7 ladder climb out to the surface or walk back the way you came in.",
        "name": "History Hill",
        "name:en": "History Hill",
        "name:zh": "希尔端历史遗址",
        "name:zh-Hans": "希尔端历史遗址",
        "name:zh-Hant": "希爾端歷史遺址",
        "opening_hours": "Mo-Su 10:00-16:00",
        "tourism": "museum",
        "website": "https://www.historyhill.com.au"
      },
      "geometry": {
        "type": "Point",
        "coordinates": [
          149.433497,
          -33.0207795
        ]
      },
      "id": "node/2494868791"
    },
    {
      "type": "Feature",
      "properties": {
        "@id": "node/2512519061",
        "check_date": "2025-12-04",
        "fee": "no",
        "name": "Museum of Brisbane",
        "opening_hours": "Mo-Su 10:00-17:00",
        "phone": "+61 7 3339 0800",
        "tourism": "museum",
        "website": "https://www.museumofbrisbane.com.au/"
      },
      "geometry": {
        "type": "Point",
        "coordinates": [
          153.0234187,
          -27.4687147
        ]
      },
      "id": "node/2512519061"
    },
    {
      "type": "Feature",
      "properties": {
        "@id": "node/2531686091",
        "fee": "yes",
        "name": "Jindera Pioneer Museum",
        "tourism": "museum"
      },
      "geometry": {
        "type": "Point",
        "coordinates": [
          146.889215,
          -35.9562518
        ]
      },
      "id": "node/2531686091"
    },
    {
      "type": "Feature",
      "properties": {
        "@id": "node/2531754263",
        "name": "War Museum",
        "tourism": "museum"
      },
      "geometry": {
        "type": "Point",
        "coordinates": [
          145.4330751,
          -17.0527
        ]
      },
      "id": "node/2531754263"
    },
    {
      "type": "Feature",
      "properties": {
        "@id": "node/2542582304",
        "addr:postcode": "7030",
        "addr:state": "TAS",
        "addr:suburb": "Waddamana",
        "name": "Waddamana Power Station Museum",
        "opening_hours": "Mo-Su 10:00-16:00",
        "phone": "+61 3 6259 6105",
        "tourism": "museum",
        "website": "https://www.hydro.com.au/community/waddamana-museum"
      },
      "geometry": {
        "type": "Point",
        "coordinates": [
          146.7462802,
          -42.1245315
        ]
      },
      "id": "node/2542582304"
    },
    {
      "type": "Feature",
      "properties": {
        "@id": "node/2560991110",
        "addr:housenumber": "6",
        "addr:postcode": "7310",
        "addr:state": "TAS",
        "addr:street": "Gloucester Avenue",
        "addr:suburb": "Devonport",
        "name": "Bass Strait Maritime Centre",
        "phone": "+61 3 6424 7100",
        "tourism": "museum",
        "website": "https://www.bassstraitmc.com.au/"
      },
      "geometry": {
        "type": "Point",
        "coordinates": [
          146.3630688,
          -41.1667055
        ]
      },
      "id": "node/2560991110"
    },
    {
      "type": "Feature",
      "properties": {
        "@id": "node/2572713875",
        "name": "Wagin Historical Village Museum",
        "tourism": "museum"
      },
      "geometry": {
        "type": "Point",
        "coordinates": [
          117.3366081,
          -33.3054474
        ]
      },
      "id": "node/2572713875"
    },
    {
      "type": "Feature",
      "properties": {
        "@id": "node/2577712864",
        "name": "Wing Hing Long Museum",
        "tourism": "museum"
      },
      "geometry": {
        "type": "Point",
        "coordinates": [
          151.2112389,
          -29.9547434
        ]
      },
      "id": "node/2577712864"
    },
    {
      "type": "Feature",
      "properties": {
        "@id": "node/2584030147",
        "name": "Larrimah Museum",
        "tourism": "museum"
      },
      "geometry": {
        "type": "Point",
        "coordinates": [
          133.2152368,
          -15.5747748
        ]
      },
      "id": "node/2584030147"
    },
    {
      "type": "Feature",
      "properties": {
        "@id": "node/2584855755",
        "name": "Cowra Fun Museum",
        "source": "voice",
        "tourism": "museum"
      },
      "geometry": {
        "type": "Point",
        "coordinates": [
          148.733113,
          -33.8204517
        ]
      },
      "id": "node/2584855755"
    },
    {
      "type": "Feature",
      "properties": {
        "@id": "node/2614540929",
        "name": "Harrietville Museum",
        "note": "open other times by arrangement",
        "opening_hours": "Sa,Su 12:00-15:00; May-Nov off",
        "source": "survey",
        "tourism": "museum"
      },
      "geometry": {
        "type": "Point",
        "coordinates": [
          147.064241,
          -36.8923861
        ]
      },
      "id": "node/2614540929"
    },
    {
      "type": "Feature",
      "properties": {
        "@id": "node/2614541068",
        "addr:housenumber": "29",
        "addr:postcode": "3737",
        "addr:state": "VIC",
        "addr:street": "Elgin Street",
        "addr:suburb": "Myrtleford",
        "fixme": "check which corner museum is located",
        "name": "The Old School Museum",
        "tourism": "museum"
      },
      "geometry": {
        "type": "Point",
        "coordinates": [
          146.7290037,
          -36.5623963
        ]
      },
      "id": "node/2614541068"
    },
    {
      "type": "Feature",
      "properties": {
        "@id": "node/2666771514",
        "name": "King Island Museum",
        "opening_hours": "Mo-Su 14:00-16:00; Jul-Aug off",
        "tourism": "museum"
      },
      "geometry": {
        "type": "Point",
        "coordinates": [
          143.8437739,
          -39.9300918
        ]
      },
      "id": "node/2666771514"
    },
    {
      "type": "Feature",
      "properties": {
        "@id": "node/2670740744",
        "name": "Old Gisborne Court House",
        "tourism": "museum"
      },
      "geometry": {
        "type": "Point",
        "coordinates": [
          144.5934804,
          -37.4877331
        ]
      },
      "id": "node/2670740744"
    },
    {
      "type": "Feature",
      "properties": {
        "@id": "node/2672585904",
        "tourism": "museum"
      },
      "geometry": {
        "type": "Point",
        "coordinates": [
          116.8270486,
          -31.2979613
        ]
      },
      "id": "node/2672585904"
    },
    {
      "type": "Feature",
      "properties": {
        "@id": "node/2694085864",
        "addr:housenumber": "82",
        "addr:postcode": "3058",
        "addr:state": "VIC",
        "addr:street": "Bell Street",
        "addr:suburb": "Coburg",
        "fee": "no",
        "name": "Bluestone Cottage Museum",
        "opening_hours": "Su[1] 14:00-16:30; Fr 12:00-14:00; PH closed",
        "operator": "Coburg Historical Society",
        "tourism": "museum",
        "website": "http://home.vicnet.net.au/~coburghistorical/"
      },
      "geometry": {
        "type": "Point",
        "coordinates": [
          144.970544,
          -37.7415061
        ]
      },
      "id": "node/2694085864"
    },
    {
      "type": "Feature",
      "properties": {
        "@id": "node/2708129591",
        "name": "Woodloes Museum",
        "opening_hours": "Su[1] 14:00-17:00, Su[3] 14:00-17:00",
        "operator": "City of Canning",
        "phone": "+61 8 9356 1555",
        "tourism": "museum"
      },
      "geometry": {
        "type": "Point",
        "coordinates": [
          115.9419183,
          -32.0273479
        ]
      },
      "id": "node/2708129591"
    },
    {
      "type": "Feature",
      "properties": {
        "@id": "node/2720762500",
        "addr:floor": "0",
        "addr:housename": "Building F",
        "addr:housenumber": "900",
        "addr:postcode": "3145",
        "addr:state": "VIC",
        "addr:street": "Dandenong Road",
        "addr:suburb": "Caulfield East",
        "alt_name": "MUMA",
        "ele": "0",
        "fee": "no",
        "museum": "art",
        "name": "Monash University Museum of Art",
        "opening_hours": "Tu-Fr 10:00-17:00; Sa 12:00-17:00; Su closed; Mo \"by appointment\"",
        "phone": "+61 3 9905 4217",
        "short_name": "MUMA",
        "source": "monash",
        "tourism": "museum",
        "website": "https://www.monash.edu/muma",
        "wheelchair": "yes"
      },
      "geometry": {
        "type": "Point",
        "coordinates": [
          145.0460965,
          -37.8771439
        ]
      },
      "id": "node/2720762500"
    },
    {
      "type": "Feature",
      "properties": {
        "@id": "node/2805168626",
        "check_date": "2024-09-02",
        "name": "Marion Historic Village Museum",
        "source": "survey ",
        "tourism": "museum",
        "website": "https://www.marion.sa.gov.au/venues-and-facilities/marion-historic-village"
      },
      "geometry": {
        "type": "Point",
        "coordinates": [
          138.5557783,
          -35.0106512
        ]
      },
      "id": "node/2805168626"
    },
    {
      "type": "Feature",
      "properties": {
        "@id": "node/2805532956",
        "fee": "no",
        "museum": "local",
        "name": "Yarram Historical Society Museum",
        "opening_hours": "We 10:00-15:00; Jun-Aug: We 11:00-15:00",
        "operator": "Yarram & District Historical Society",
        "operator:type": "community",
        "tourism": "museum",
        "website": "http://home.vicnet.net.au/~ydhs/"
      },
      "geometry": {
        "type": "Point",
        "coordinates": [
          146.6801278,
          -38.552829
        ]
      },
      "id": "node/2805532956"
    },
    {
      "type": "Feature",
      "properties": {
        "@id": "node/2823765167",
        "name": "Train museum",
        "tourism": "museum"
      },
      "geometry": {
        "type": "Point",
        "coordinates": [
          151.4486788,
          -26.9334621
        ]
      },
      "id": "node/2823765167"
    },
    {
      "type": "Feature",
      "properties": {
        "@id": "node/2864298760",
        "fee": "yes",
        "name": "Tunnels",
        "opening_hours": "Mo-Su 09:00-13:00",
        "tourism": "museum",
        "wheelchair": "no"
      },
      "geometry": {
        "type": "Point",
        "coordinates": [
          130.845134,
          -12.4674256
        ]
      },
      "id": "node/2864298760"
    },
    {
      "type": "Feature",
      "properties": {
        "@id": "node/2866216740",
        "name": "WWII Display",
        "tourism": "museum"
      },
      "geometry": {
        "type": "Point",
        "coordinates": [
          130.8773695,
          -12.4385476
        ]
      },
      "id": "node/2866216740"
    },
    {
      "type": "Feature",
      "properties": {
        "@id": "node/2890563839",
        "addr:housenumber": "1",
        "addr:postcode": "4810",
        "addr:street": "Mitchell Street",
        "name": "Army Museum of North Queensland",
        "opening_hours": "We,Fr,Su 09:00-13:00",
        "tourism": "museum"
      },
      "geometry": {
        "type": "Point",
        "coordinates": [
          146.8027453,
          -19.2400519
        ]
      },
      "id": "node/2890563839"
    },
    {
      "type": "Feature",
      "properties": {
        "@id": "node/2900750773",
        "contact:website": "http://www.broomemuseum.org.au/",
        "name": "Broome Historical Museum",
        "opening_hours": "Mo-Fr 10:00-16:00; Su 10:00-13:00; Sa 10:00-13:00",
        "tourism": "museum"
      },
      "geometry": {
        "type": "Point",
        "coordinates": [
          122.2364046,
          -17.9680667
        ]
      },
      "id": "node/2900750773"
    },
    {
      "type": "Feature",
      "properties": {
        "@id": "node/2901222514",
        "addr:housenumber": "25",
        "addr:street": "Kirkland Avenue",
        "name": "Farmers Arms Hotel Museum",
        "note": "Wednesday & Sunday 1pm - 3.30pm",
        "phone": "+61 3 5795 2732",
        "tourism": "museum"
      },
      "geometry": {
        "type": "Point",
        "coordinates": [
          145.5734216,
          -36.7519414
        ]
      },
      "id": "node/2901222514"
    },
    {
      "type": "Feature",
      "properties": {
        "@id": "node/2930971367",
        "name": "Barmah Forest Heritge and Education Centre",
        "tourism": "museum"
      },
      "geometry": {
        "type": "Point",
        "coordinates": [
          145.204306,
          -36.0603113
        ]
      },
      "id": "node/2930971367"
    },
    {
      "type": "Feature",
      "properties": {
        "@id": "node/2930971373",
        "name": "Port of Echuca",
        "tourism": "museum"
      },
      "geometry": {
        "type": "Point",
        "coordinates": [
          144.7470325,
          -36.1208319
        ]
      },
      "id": "node/2930971373"
    },
    {
      "type": "Feature",
      "properties": {
        "@id": "node/2939741483",
        "check_date": "2026-09-10",
        "check_date:opening_hours": "2026-09-10",
        "name": "Shear Outback Hay Visitor Centre",
        "opening_hours": "Mo-Sa 09:00-16:00; Su 09:00-15:00",
        "phone": "+61 2 6993 4000",
        "tourism": "museum",
        "website": "https://www.shearoutback.com.au/"
      },
      "geometry": {
        "type": "Point",
        "coordinates": [
          144.8362024,
          -34.5218303
        ]
      },
      "id": "node/2939741483"
    },
    {
      "type": "Feature",
      "properties": {
        "@id": "node/3006855542",
        "museum": "mineral",
        "name": "Crystal Kingdom",
        "opening_hours": "Mo-Su 08:00-17:00",
        "tourism": "museum"
      },
      "geometry": {
        "type": "Point",
        "coordinates": [
          149.27613,
          -31.2670626
        ]
      },
      "id": "node/3006855542"
    },
    {
      "type": "Feature",
      "properties": {
        "@id": "node/3054893972",
        "name": "Haddon Tramway Preservation Association",
        "tourism": "museum"
      },
      "geometry": {
        "type": "Point",
        "coordinates": [
          143.7276818,
          -37.5845341
        ]
      },
      "id": "node/3054893972"
    },
    {
      "type": "Feature",
      "properties": {
        "@id": "node/3081519234",
        "name": "Greycliffe Homestead",
        "tourism": "museum"
      },
      "geometry": {
        "type": "Point",
        "coordinates": [
          150.5198092,
          -24.3962342
        ]
      },
      "id": "node/3081519234"
    },
    {
      "type": "Feature",
      "properties": {
        "@id": "node/3091846387",
        "addr:housenumber": "15",
        "addr:state": "QLD",
        "addr:street": "Milman Street",
        "addr:suburb": "Marlborough",
        "name": "Marlborough Historical Museum",
        "tourism": "museum"
      },
      "geometry": {
        "type": "Point",
        "coordinates": [
          149.8915496,
          -22.8128905
        ]
      },
      "id": "node/3091846387"
    },
    {
      "type": "Feature",
      "properties": {
        "@id": "node/3101319430",
        "addr:housenumber": "154",
        "addr:postcode": "3053",
        "addr:state": "VIC",
        "addr:street": "Victoria Street",
        "addr:suburb": "Carlton",
        "check_date": "2026-03-26",
        "fee": "no",
        "museum": "art",
        "name": "RMIT Design Archives",
        "opening_hours": "\"by appointment only\"",
        "operator": "RMIT",
        "operator:type": "university",
        "tourism": "museum",
        "website": "https://www.designcollection.rmit.edu.au/"
      },
      "geometry": {
        "type": "Point",
        "coordinates": [
          144.9624746,
          -37.8062986
        ]
      },
      "id": "node/3101319430"
    },
    {
      "type": "Feature",
      "properties": {
        "@id": "node/3127019516",
        "tourism": "museum"
      },
      "geometry": {
        "type": "Point",
        "coordinates": [
          145.1235087,
          -40.8393528
        ]
      },
      "id": "node/3127019516"
    },
    {
      "type": "Feature",
      "properties": {
        "@id": "node/3195063892",
        "fee": "yes",
        "name": "Maldon District Museum",
        "operator": "Maldon Museum and Archives Association",
        "tourism": "museum",
        "website": "https://sites.google.com/site/maldonauhistory/",
        "wheelchair": "limited"
      },
      "geometry": {
        "type": "Point",
        "coordinates": [
          144.0673514,
          -36.9966276
        ]
      },
      "id": "node/3195063892"
    },
    {
      "type": "Feature",
      "properties": {
        "@id": "node/3244447082",
        "name": "Zanci Woolshed",
        "tourism": "museum"
      },
      "geometry": {
        "type": "Point",
        "coordinates": [
          143.0336352,
          -33.7029218
        ]
      },
      "id": "node/3244447082"
    },
    {
      "type": "Feature",
      "properties": {
        "@id": "node/3264390397",
        "name": "Axeman's Hall of Fame",
        "opening_hours": "Tu-Sa 11:00-15:00, Su 09:00-15:00",
        "tourism": "museum"
      },
      "geometry": {
        "type": "Point",
        "coordinates": [
          146.402333,
          -41.2309485
        ]
      },
      "id": "node/3264390397"
    },
    {
      "type": "Feature",
      "properties": {
        "@id": "node/3264698965",
        "addr:housenumber": "201",
        "addr:street": "Edward Street",
        "fee": "yes",
        "name": "MacArthur Museum",
        "opening_hours": "Tu,Th,Su 10:00-14:30",
        "tourism": "museum",
        "website": "https://mmb.org.au/"
      },
      "geometry": {
        "type": "Point",
        "coordinates": [
          153.0273974,
          -27.4685608
        ]
      },
      "id": "node/3264698965"
    },
    {
      "type": "Feature",
      "properties": {
        "@id": "node/3287241123",
        "fee": "no",
        "name": "State Coal Mine Museum",
        "operator": "Parks Victoria",
        "tourism": "museum",
        "website": "https://www.parks.vic.gov.au/places-to-see/parks/state-coal-mine-heritage-area/things-to-do/state-coal-mine"
      },
      "geometry": {
        "type": "Point",
        "coordinates": [
          145.5967367,
          -38.6225866
        ]
      },
      "id": "node/3287241123"
    },
    {
      "type": "Feature",
      "properties": {
        "@id": "node/3298279023",
        "addr:postcode": "5723",
        "name": "Umoona Opal Mine & Museum",
        "tourism": "museum"
      },
      "geometry": {
        "type": "Point",
        "coordinates": [
          134.7544225,
          -29.0095845
        ]
      },
      "id": "node/3298279023"
    },
    {
      "type": "Feature",
      "properties": {
        "@id": "node/3315890961",
        "addr:housenumber": "15",
        "addr:street": "Turnbull Street",
        "fee": "no",
        "museum": "local",
        "name": "Port Welshpool and District Maritime Museum",
        "opening_hours": "Sa-Su,PH 12:30-16:30",
        "phone": "+61 413 199 776",
        "tourism": "museum",
        "website": "https://portwelshpoolmuseu.wixsite.com/portwelshpoolmuseum"
      },
      "geometry": {
        "type": "Point",
        "coordinates": [
          146.4649008,
          -38.6978711
        ]
      },
      "id": "node/3315890961"
    },
    {
      "type": "Feature",
      "properties": {
        "@id": "node/3408496685",
        "name": "Brewarrina Aboriginal Cultural Museum",
        "source": "Bing",
        "source:name": "survey",
        "tourism": "museum",
        "wikidata": "Q911374",
        "wikipedia": "en:Brewarrina Aboriginal Fish Traps"
      },
      "geometry": {
        "type": "Point",
        "coordinates": [
          146.8544058,
          -29.9591941
        ]
      },
      "id": "node/3408496685"
    },
    {
      "type": "Feature",
      "properties": {
        "@id": "node/3408627870",
        "name": "Alma Doepel Restoration Project",
        "tourism": "museum",
        "website": "https://www.almadoepel.com.au/"
      },
      "geometry": {
        "type": "Point",
        "coordinates": [
          144.9356712,
          -37.8193359
        ]
      },
      "id": "node/3408627870"
    },
    {
      "type": "Feature",
      "properties": {
        "@id": "node/3412531090",
        "addr:housenumber": "100",
        "addr:street": "St Kilda Road",
        "name": "Australian Music Vault",
        "operator": "Arts Centre Melbourne",
        "tourism": "museum",
        "website": "https://www.australianmusicvault.com.au/"
      },
      "geometry": {
        "type": "Point",
        "coordinates": [
          144.9685233,
          -37.8216883
        ]
      },
      "id": "node/3412531090"
    },
    {
      "type": "Feature",
      "properties": {
        "@id": "node/3456718612",
        "name": "Dunolly Museum",
        "tourism": "museum"
      },
      "geometry": {
        "type": "Point",
        "coordinates": [
          143.7321891,
          -36.8603141
        ]
      },
      "id": "node/3456718612"
    },
    {
      "type": "Feature",
      "properties": {
        "@id": "node/3479937781",
        "contact:instagram": "bygonebeautys",
        "fee": "yes",
        "name": "Treasured Teapot Museum",
        "opening_hours": "Mo-Su 10:00-17:30",
        "tourism": "museum",
        "website": "https://www.bygonebeautys.com.au/"
      },
      "geometry": {
        "type": "Point",
        "coordinates": [
          150.3332617,
          -33.7142211
        ]
      },
      "id": "node/3479937781"
    },
    {
      "type": "Feature",
      "properties": {
        "@id": "node/3480342570",
        "mobile": "+61 407 737 724",
        "name": "Historical Railway Museum",
        "opening_hours": "\"Call Kaz +61 4 0773 7724\"",
        "tourism": "museum"
      },
      "geometry": {
        "type": "Point",
        "coordinates": [
          147.2902671,
          -23.6485257
        ]
      },
      "id": "node/3480342570"
    },
    {
      "type": "Feature",
      "properties": {
        "@id": "node/3513903601",
        "fee": "yes",
        "name": "RAAC Memorial & Army Tank Museum",
        "opening_hours": "Tu-Fr 10:00-16:00",
        "tourism": "museum",
        "wikidata": "Q7373733"
      },
      "geometry": {
        "type": "Point",
        "coordinates": [
          145.040393,
          -36.9962006
        ]
      },
      "id": "node/3513903601"
    },
    {
      "type": "Feature",
      "properties": {
        "@id": "node/3514375829",
        "name": "Bounty Museum",
        "opening_hours": "Mo-Su 10:00-16:00",
        "tourism": "museum"
      },
      "geometry": {
        "type": "Point",
        "coordinates": [
          167.9651012,
          -29.0416888
        ]
      },
      "id": "node/3514375829"
    },
    {
      "type": "Feature",
      "properties": {
        "@id": "node/3518775007",
        "name": "Commissariat Store Museum",
        "opening_hours": "Mo-Sa 11:00-15:00",
        "tourism": "museum"
      },
      "geometry": {
        "type": "Point",
        "coordinates": [
          167.9573572,
          -29.0554628
        ]
      },
      "id": "node/3518775007"
    },
    {
      "type": "Feature",
      "properties": {
        "@id": "node/3536171609",
        "tourism": "museum"
      },
      "geometry": {
        "type": "Point",
        "coordinates": [
          140.6995865,
          -38.053267
        ]
      },
      "id": "node/3536171609"
    },
    {
      "type": "Feature",
      "properties": {
        "@id": "node/3548708374",
        "name": "Gold Coast Wax Museum",
        "opening_hours": "Mo-Su,PH 10:00-18:00",
        "tourism": "museum",
        "wheelchair": "yes"
      },
      "geometry": {
        "type": "Point",
        "coordinates": [
          153.4269692,
          -27.9981002
        ]
      },
      "id": "node/3548708374"
    },
    {
      "type": "Feature",
      "properties": {
        "@id": "node/3548947273",
        "name": "Pioneer Cottage",
        "tourism": "museum"
      },
      "geometry": {
        "type": "Point",
        "coordinates": [
          148.1569606,
          -23.5241725
        ]
      },
      "id": "node/3548947273"
    },
    {
      "type": "Feature",
      "properties": {
        "@id": "node/3559822601",
        "addr:housenumber": "7",
        "addr:postcode": "6330",
        "addr:street": "Forts Road",
        "fee": "yes",
        "name": "National ANZAC Centre",
        "opening_hours": "09:00-17:00",
        "operator": "Western Australia Museum",
        "tourism": "museum"
      },
      "geometry": {
        "type": "Point",
        "coordinates": [
          117.9128409,
          -35.0313875
        ]
      },
      "id": "node/3559822601"
    },
    {
      "type": "Feature",
      "properties": {
        "@id": "node/3570919313",
        "name": "Bellinger Valley Historical Museum",
        "operator": "Bellinger Valley Historical Society",
        "tourism": "museum"
      },
      "geometry": {
        "type": "Point",
        "coordinates": [
          152.8989626,
          -30.4519778
        ]
      },
      "id": "node/3570919313"
    },
    {
      "type": "Feature",
      "properties": {
        "@id": "node/3577021670",
        "addr:housenumber": "77",
        "addr:postcode": "7310",
        "addr:state": "TAS",
        "addr:street": "Middle Road",
        "addr:suburb": "Miandetta",
        "name": "Home Hill",
        "note": "Entry Fees $15 adults $12 concession, students & seniors $10 children aged 7-16 years. $40 Families (up to 3 children) $35 Concession Family",
        "opening_hours": "We-Su 14:00-14:10",
        "phone": "+61 3 6424 8055",
        "tourism": "museum",
        "website": "https://www.devonport.tas.gov.au/Play/Arts-Culture-Heritage/Home-Hill"
      },
      "geometry": {
        "type": "Point",
        "coordinates": [
          146.3479216,
          -41.1937171
        ]
      },
      "id": "node/3577021670"
    },
    {
      "type": "Feature",
      "properties": {
        "@id": "node/3608362649",
        "addr:postcode": "4732",
        "addr:street": "Nev Bullen Drive",
        "addr:village": "Muttaburra",
        "name": "Dr Arratta Memorial Museum",
        "tourism": "museum"
      },
      "geometry": {
        "type": "Point",
        "coordinates": [
          144.5379694,
          -22.5983535
        ]
      },
      "id": "node/3608362649"
    },
    {
      "type": "Feature",
      "properties": {
        "@id": "node/3628208083",
        "name": "Drovers Museum",
        "tourism": "museum"
      },
      "geometry": {
        "type": "Point",
        "coordinates": [
          138.1331375,
          -19.9215724
        ]
      },
      "id": "node/3628208083"
    },
    {
      "type": "Feature",
      "properties": {
        "@id": "node/3665820220",
        "fee": "yes",
        "name": "Powerhouse Motor Car Museum",
        "operator": "Portland Vintage Car Club",
        "tourism": "museum"
      },
      "geometry": {
        "type": "Point",
        "coordinates": [
          141.6031818,
          -38.3528762
        ]
      },
      "id": "node/3665820220"
    },
    {
      "type": "Feature",
      "properties": {
        "@id": "node/3683348043",
        "name": "Timber museum",
        "note": "Boasts a collection of original buildings with furnishings, artifacts and tools which evoke images of the simple, tough life that the district's pioneers ensured. Buildings include a one room school, doctor's surgery, police lock-up and settler's cottage.",
        "operator": "Manjimup Shire Council",
        "tourism": "museum"
      },
      "geometry": {
        "type": "Point",
        "coordinates": [
          116.1478961,
          -34.236993
        ]
      },
      "id": "node/3683348043"
    },
    {
      "type": "Feature",
      "properties": {
        "@id": "node/3683358168",
        "name": "The Historic Hamlet",
        "note": "Boasts a collection of original buildings with furnishings, artifacts and tools which evoke images of the simple, tough life that the district's pioneers ensured. Buildings include a one room school, doctor's surgery, police lock-up and settler's cottage.",
        "tourism": "museum"
      },
      "geometry": {
        "type": "Point",
        "coordinates": [
          116.1477856,
          -34.2352926
        ]
      },
      "id": "node/3683358168"
    },
    {
      "type": "Feature",
      "properties": {
        "@id": "node/3715114186",
        "fee": "yes",
        "name": "Narromine Aviation Muesum",
        "opening_hours": "We-Fr 10:00-17:00",
        "phone": "+61 2 6889 7131",
        "tourism": "museum",
        "website": "http://www.narromineaviationmuseum.org.au/"
      },
      "geometry": {
        "type": "Point",
        "coordinates": [
          148.2291758,
          -32.2219039
        ]
      },
      "id": "node/3715114186"
    },
    {
      "type": "Feature",
      "properties": {
        "@id": "node/3823720858",
        "addr:housenumber": "8-10",
        "contact:facebook": "https://m.facebook.com/museumofperth",
        "name": "Museum of Perth",
        "opening_hours": "Mo-Fr 10:00-16:00",
        "operator": "Perth History Association",
        "phone": "+61 402 901 766",
        "tourism": "museum",
        "website": "https://www.museumofperth.com.au/",
        "wheelchair": "limited"
      },
      "geometry": {
        "type": "Point",
        "coordinates": [
          115.8579813,
          -31.9564247
        ]
      },
      "id": "node/3823720858"
    },
    {
      "type": "Feature",
      "properties": {
        "@id": "node/3824284691",
        "tourism": "museum"
      },
      "geometry": {
        "type": "Point",
        "coordinates": [
          151.9290186,
          -26.2305717
        ]
      },
      "id": "node/3824284691"
    },
    {
      "type": "Feature",
      "properties": {
        "@id": "node/3855190491",
        "name": "Eastern Goldfields Historical Society",
        "opening_hours": "Mo,We 09:00-12:00; Jan off",
        "phone": "+61 8 9093 3360",
        "tourism": "museum",
        "website": "https://kalgoorliehistory.org.au/"
      },
      "geometry": {
        "type": "Point",
        "coordinates": [
          121.4914039,
          -30.7833251
        ]
      },
      "id": "node/3855190491"
    },
    {
      "type": "Feature",
      "properties": {
        "@id": "node/3860447968",
        "addr:housenumber": "66",
        "addr:street": "McCrae Street",
        "building": "yes",
        "name": "Heritage Hill Museum & Gardens",
        "phone": "+61 3 9793 4511",
        "tourism": "museum",
        "website": "https://www.heritagehill.com.au"
      },
      "geometry": {
        "type": "Point",
        "coordinates": [
          145.2185968,
          -37.9895153
        ]
      },
      "id": "node/3860447968"
    },
    {
      "type": "Feature",
      "properties": {
        "@id": "node/3888488369",
        "name": "Nundle Court House Museum",
        "source": "NSW LPI Base Map",
        "source:date": "2015-01",
        "tourism": "museum"
      },
      "geometry": {
        "type": "Point",
        "coordinates": [
          151.1269717,
          -31.4645235
        ]
      },
      "id": "node/3888488369"
    },
    {
      "type": "Feature",
      "properties": {
        "@id": "node/3894052380",
        "addr:housenumber": "2029",
        "addr:street": "Moss Vale Road",
        "alt_name": "Kangaroo Valley Pioneer Farm Museum",
        "fee": "yes",
        "name": "Pioneer Village Museum",
        "phone": "+61 2 4465 1306",
        "source:alt_name": "LPI Base Map Aug 2016",
        "tourism": "museum",
        "website": "https://kangaroovalleymuseum.com"
      },
      "geometry": {
        "type": "Point",
        "coordinates": [
          150.5204928,
          -34.7266774
        ]
      },
      "id": "node/3894052380"
    },
    {
      "type": "Feature",
      "properties": {
        "@id": "node/3953352818",
        "name": "Step Back In Time Museum",
        "source:name": "NSW LPI Base Map",
        "source:name:date": "2016-08",
        "tourism": "museum"
      },
      "geometry": {
        "type": "Point",
        "coordinates": [
          150.4041801,
          -35.4334583
        ]
      },
      "id": "node/3953352818"
    },
    {
      "type": "Feature",
      "properties": {
        "@id": "node/3964975056",
        "fee": "yes",
        "name": "Gulgong Pioneers Museum",
        "opening_hours": "Mo-Su,PH 09:00-17:00",
        "source": "NSW LPI Base Map",
        "source:date": "2016-01",
        "tourism": "museum",
        "website": "https://gulgong.com.au/directory/gulgong-pioneers-museum/",
        "wheelchair": "yes"
      },
      "geometry": {
        "type": "Point",
        "coordinates": [
          149.5340966,
          -32.3612637
        ]
      },
      "id": "node/3964975056"
    },
    {
      "type": "Feature",
      "properties": {
        "@id": "node/3991310707",
        "name": "Discovery Museum",
        "tourism": "museum"
      },
      "geometry": {
        "type": "Point",
        "coordinates": [
          145.2956288,
          -40.7602082
        ]
      },
      "id": "node/3991310707"
    },
    {
      "type": "Feature",
      "properties": {
        "@id": "node/4006294985",
        "name": "Historical Museum",
        "opening_hours": "Mo-Su 10:30-16:30",
        "phone": "+61 3 5258 2511",
        "tourism": "museum",
        "website": "http://www.queenscliffe-history.org"
      },
      "geometry": {
        "type": "Point",
        "coordinates": [
          144.6613957,
          -38.2675949
        ]
      },
      "id": "node/4006294985"
    },
    {
      "type": "Feature",
      "properties": {
        "@id": "node/4010124889",
        "addr:housenumber": "14",
        "addr:postcode": "2220",
        "addr:street": "MacMahon Street",
        "building": "yes",
        "check_date": "2026-08-04",
        "email": "museumgallery@georgesriver.nsw.gov.au",
        "fee": "no",
        "name": "Hurstville Museum and Gallery",
        "opening_hours": "Mo off; Tu-Sa 10:00-16:00; Su 14:00-17:00",
        "operator": "Georges River Council",
        "operator:type": "council",
        "phone": "+61 2 9330 6444",
        "source": "survey",
        "source:name": "NSW LPI Base Map",
        "source:name:date": "2016-08",
        "source:position": "NSW LPI Imagery",
        "tourism": "museum",
        "website": "https://www.georgesriver.nsw.gov.au/Community/Art-and-Culture/Hurstville-Museum-Gallery"
      },
      "geometry": {
        "type": "Point",
        "coordinates": [
          151.1024219,
          -33.964465
        ]
      },
      "id": "node/4010124889"
    },
    {
      "type": "Feature",
      "properties": {
        "@id": "node/4046615820",
        "name": "Pine Creek Railway Station",
        "tourism": "museum",
        "wikidata": "Q7195120",
        "wikipedia": "en:Pine Creek railway station"
      },
      "geometry": {
        "type": "Point",
        "coordinates": [
          131.8328981,
          -13.8196852
        ]
      },
      "id": "node/4046615820"
    },
    {
      "type": "Feature",
      "properties": {
        "@id": "node/4069248529",
        "name": "Namoi Echo Museum",
        "source": "NSW LPI Base Map",
        "source:date": "2016-03",
        "tourism": "museum"
      },
      "geometry": {
        "type": "Point",
        "coordinates": [
          149.4515637,
          -30.2207277
        ]
      },
      "id": "node/4069248529"
    },
    {
      "type": "Feature",
      "properties": {
        "@id": "node/4069474497",
        "name": "Harden Murrumburrah Historical Society Museum",
        "source": "NSW LPI Base Map",
        "source:date": "2016-03",
        "tourism": "museum"
      },
      "geometry": {
        "type": "Point",
        "coordinates": [
          148.3509689,
          -34.5497706
        ]
      },
      "id": "node/4069474497"
    },
    {
      "type": "Feature",
      "properties": {
        "@id": "node/4079597985",
        "name": "Hillston Historical Museum",
        "source": "NSW LPI Base Map",
        "source:date": "2016-03",
        "tourism": "museum"
      },
      "geometry": {
        "type": "Point",
        "coordinates": [
          145.5393171,
          -33.482267
        ]
      },
      "id": "node/4079597985"
    },
    {
      "type": "Feature",
      "properties": {
        "@id": "node/4079694321",
        "check_date": "2025-01-08",
        "check_date:opening_hours": "2023-08-01",
        "fee": "no",
        "name": "Museum of Printing",
        "opening_hours": "Tu,Su 11:00-15:00",
        "source": "NSW LPI Base Map",
        "source:date": "2016-03",
        "tourism": "museum",
        "wheelchair": "yes"
      },
      "geometry": {
        "type": "Point",
        "coordinates": [
          151.6650295,
          -30.5253604
        ]
      },
      "id": "node/4079694321"
    },
    {
      "type": "Feature",
      "properties": {
        "@id": "node/4107460244",
        "fee": "no",
        "name": "La Trobe University Museum of Art",
        "operator": "Latrobe",
        "tourism": "museum"
      },
      "geometry": {
        "type": "Point",
        "coordinates": [
          145.0512298,
          -37.7206577
        ]
      },
      "id": "node/4107460244"
    },
    {
      "type": "Feature",
      "properties": {
        "@id": "node/4159695939",
        "name": "Longreach Railway Museum",
        "tourism": "museum"
      },
      "geometry": {
        "type": "Point",
        "coordinates": [
          144.2520805,
          -23.4402054
        ]
      },
      "id": "node/4159695939"
    },
    {
      "type": "Feature",
      "properties": {
        "@id": "node/4218904180",
        "name": "The A Frame",
        "tourism": "museum"
      },
      "geometry": {
        "type": "Point",
        "coordinates": [
          150.2454821,
          -21.6546156
        ]
      },
      "id": "node/4218904180"
    },
    {
      "type": "Feature",
      "properties": {
        "@id": "node/4242799571",
        "name": "Bright Art Gallery",
        "tourism": "museum"
      },
      "geometry": {
        "type": "Point",
        "coordinates": [
          146.9683297,
          -36.726718
        ]
      },
      "id": "node/4242799571"
    },
    {
      "type": "Feature",
      "properties": {
        "@id": "node/4323183536",
        "addr:housenumber": "2",
        "addr:postcode": "6530",
        "addr:street": "Museum Place",
        "addr:suburb": "Geraldton",
        "name": "Western Australia Museum - Geraldton",
        "opening_hours": "Mo-Su 09:30-15:00",
        "tourism": "museum",
        "website": "https://www.museum.wa.gov.au/museums/geraldton"
      },
      "geometry": {
        "type": "Point",
        "coordinates": [
          114.6120992,
          -28.7682186
        ]
      },
      "id": "node/4323183536"
    },
    {
      "type": "Feature",
      "properties": {
        "@id": "node/4323196002",
        "addr:postcode": "6330",
        "addr:street": "Residency Road",
        "addr:suburb": "Albany",
        "fee": "yes",
        "name": "Western Australian Museum – Albany",
        "opening_hours": "Mo-Su 10:00-16:00",
        "tourism": "museum"
      },
      "geometry": {
        "type": "Point",
        "coordinates": [
          117.8808631,
          -35.0288344
        ]
      },
      "id": "node/4323196002"
    },
    {
      "type": "Feature",
      "properties": {
        "@id": "node/4333506752",
        "name": "Bundaberg Railway Museum",
        "tourism": "museum"
      },
      "geometry": {
        "type": "Point",
        "coordinates": [
          152.335755,
          -24.8590402
        ]
      },
      "id": "node/4333506752"
    },
    {
      "type": "Feature",
      "properties": {
        "@id": "node/4333667647",
        "addr:housenumber": "132",
        "addr:postcode": "6302",
        "addr:street": "Avon Terrace",
        "addr:suburb": "York",
        "fee": "yes",
        "name": "York Courthouse Complex",
        "opening_hours": "Th-Mo 10:00-16:00",
        "phone": "+61 8 9641 2072",
        "tourism": "museum",
        "website": "https://www.nationaltrust.org.au/places/york-courthouse-complex/"
      },
      "geometry": {
        "type": "Point",
        "coordinates": [
          116.7686524,
          -31.8886304
        ]
      },
      "id": "node/4333667647"
    },
    {
      "type": "Feature",
      "properties": {
        "@id": "node/4333925507",
        "fee": "no",
        "name": "Balladonia Museum",
        "tourism": "museum",
        "website": "https://www.balladoniahotelmotel.com.au/balladonia-museum.php"
      },
      "geometry": {
        "type": "Point",
        "coordinates": [
          123.617207,
          -32.3522627
        ]
      },
      "id": "node/4333925507"
    },
    {
      "type": "Feature",
      "properties": {
        "@id": "node/4346562690",
        "name": "Gladstone Regional Art Gallery and Museum",
        "tourism": "museum"
      },
      "geometry": {
        "type": "Point",
        "coordinates": [
          151.2572865,
          -23.845221
        ]
      },
      "id": "node/4346562690"
    },
    {
      "type": "Feature",
      "properties": {
        "@id": "node/4351227804",
        "addr:housenumber": "13",
        "addr:street": "Parsons Street",
        "name": "The Old Courthouse",
        "tourism": "museum"
      },
      "geometry": {
        "type": "Point",
        "coordinates": [
          133.882465,
          -23.6983685
        ]
      },
      "id": "node/4351227804"
    },
    {
      "type": "Feature",
      "properties": {
        "@id": "node/4353240886",
        "name": "Adelong Alive Museum",
        "source": "NSW LPI Base Map",
        "source:date": "2016-08",
        "tourism": "museum"
      },
      "geometry": {
        "type": "Point",
        "coordinates": [
          148.0639507,
          -35.3077555
        ]
      },
      "id": "node/4353240886"
    },
    {
      "type": "Feature",
      "properties": {
        "@id": "node/4353240887",
        "name": "Bathurst District Historical Museum",
        "source": "NSW LPI Base Map",
        "source:date": "2016-08",
        "tourism": "museum"
      },
      "geometry": {
        "type": "Point",
        "coordinates": [
          149.5788711,
          -33.4183378
        ]
      },
      "id": "node/4353240887"
    },
    {
      "type": "Feature",
      "properties": {
        "@id": "node/4353240888",
        "museum": "war",
        "name": "Bayonets And Bandages War Museum",
        "source": "NSW LPI Base Map",
        "source:date": "2016-08",
        "tourism": "museum"
      },
      "geometry": {
        "type": "Point",
        "coordinates": [
          149.4458427,
          -35.2584659
        ]
      },
      "id": "node/4353240888"
    },
    {
      "type": "Feature",
      "properties": {
        "@id": "node/4353240893",
        "name": "Bowral Schoolhouse Museum And Gallery",
        "source": "NSW LPI Base Map",
        "source:date": "2016-08",
        "tourism": "museum"
      },
      "geometry": {
        "type": "Point",
        "coordinates": [
          150.4196327,
          -34.4810011
        ]
      },
      "id": "node/4353240893"
    },
    {
      "type": "Feature",
      "properties": {
        "@id": "node/4353240894",
        "fee": "yes",
        "name": "Broadway Museum",
        "source": "NSW LPI Base Map",
        "source:date": "2016-08",
        "tourism": "museum"
      },
      "geometry": {
        "type": "Point",
        "coordinates": [
          147.5822412,
          -34.8665933
        ]
      },
      "id": "node/4353240894"
    },
    {
      "type": "Feature",
      "properties": {
        "@id": "node/4353240896",
        "name": "Canowindra Historical Society Museum",
        "source": "NSW LPI Base Map",
        "source:date": "2016-08",
        "tourism": "museum",
        "website": "https://www.canowindrahistory.com/"
      },
      "geometry": {
        "type": "Point",
        "coordinates": [
          148.660043,
          -33.5627278
        ]
      },
      "id": "node/4353240896"
    },
    {
      "type": "Feature",
      "properties": {
        "@id": "node/4353240897",
        "name": "Cathcart Museum",
        "source": "NSW LPI Base Map",
        "source:date": "2016-08",
        "tourism": "museum"
      },
      "geometry": {
        "type": "Point",
        "coordinates": [
          149.3900522,
          -36.8436598
        ]
      },
      "id": "node/4353240897"
    },
    {
      "type": "Feature",
      "properties": {
        "@id": "node/4353240898",
        "name": "Coonamble Historical Museum",
        "source": "NSW LPI Base Map",
        "source:date": "2016-08",
        "tourism": "museum"
      },
      "geometry": {
        "type": "Point",
        "coordinates": [
          148.3875607,
          -30.9539991
        ]
      },
      "id": "node/4353240898"
    },
    {
      "type": "Feature",
      "properties": {
        "@id": "node/4353240899",
        "name": "Cootamundra Heritage Centre",
        "source": "NSW LPI Base Map",
        "source:date": "2016-08",
        "tourism": "museum"
      },
      "geometry": {
        "type": "Point",
        "coordinates": [
          148.0306952,
          -34.6402021
        ]
      },
      "id": "node/4353240899"
    },
    {
      "type": "Feature",
      "properties": {
        "@id": "node/4353240901",
        "name": "Dunedoo Historical Museum",
        "source": "NSW LPI Base Map",
        "source:date": "2016-08",
        "tourism": "museum"
      },
      "geometry": {
        "type": "Point",
        "coordinates": [
          149.3970174,
          -32.0164993
        ]
      },
      "id": "node/4353240901"
    },
    {
      "type": "Feature",
      "properties": {
        "@id": "node/4353240902",
        "alt_name": "Gaol Museum",
        "museum": "jail",
        "name": "State Correctional Museum",
        "tourism": "museum"
      },
      "geometry": {
        "type": "Point",
        "coordinates": [
          149.1229397,
          -36.2334139
        ]
      },
      "id": "node/4353240902"
    },
    {
      "type": "Feature",
      "properties": {
        "@id": "node/4353240903",
        "name": "Geldmacher House",
        "tourism": "museum",
        "website": "http://www.monaropioneers.com/nimmitabel/town-history/geldmacher_house.htm"
      },
      "geometry": {
        "type": "Point",
        "coordinates": [
          149.2845191,
          -36.5126645
        ]
      },
      "id": "node/4353240903"
    },
    {
      "type": "Feature",
      "properties": {
        "@id": "node/4353240906",
        "addr:housenumber": "12",
        "addr:street": "Braidwood Road",
        "museum": "railway",
        "name": "Goulburn Rail Heritage Centre",
        "operator": "Goulburn Loco Roundhouse Preservation Society",
        "source": "NSW LPI Base Map",
        "source:date": "2016-08",
        "tourism": "museum",
        "website": "https://www.roundhouse.org.au/"
      },
      "geometry": {
        "type": "Point",
        "coordinates": [
          149.7115483,
          -34.7736635
        ]
      },
      "id": "node/4353240906"
    },
    {
      "type": "Feature",
      "properties": {
        "@id": "node/4353240908",
        "name": "Historical Engine Machinery Society",
        "source": "NSW LPI Base Map",
        "source:date": "2016-08",
        "tourism": "museum"
      },
      "geometry": {
        "type": "Point",
        "coordinates": [
          149.2411905,
          -36.9058833
        ]
      },
      "id": "node/4353240908"
    },
    {
      "type": "Feature",
      "properties": {
        "@id": "node/4353240909",
        "fee": "yes",
        "name": "Holbrook Submarine Museum",
        "opening_hours": "Mo-Fr 10:00-16:00; Sa,Su 10:00-14:30",
        "source": "NSW LPI Base Map",
        "source:date": "2016-08",
        "tourism": "museum",
        "website": "https://holbrooksubmarinemuseum.com.au/"
      },
      "geometry": {
        "type": "Point",
        "coordinates": [
          147.3162997,
          -35.7185848
        ]
      },
      "id": "node/4353240909"
    },
    {
      "type": "Feature",
      "properties": {
        "@id": "node/4353240910",
        "name": "Jerilderie And District Historical Museum",
        "source": "NSW LPI Base Map",
        "source:date": "2016-08",
        "tourism": "museum"
      },
      "geometry": {
        "type": "Point",
        "coordinates": [
          145.7266316,
          -35.3548503
        ]
      },
      "id": "node/4353240910"
    },
    {
      "type": "Feature",
      "properties": {
        "@id": "node/4353240911",
        "museum": "radio",
        "name": "Kurrajong Radio Museum",
        "source": "NSW LPI Base Map",
        "source:date": "2016-08",
        "tourism": "museum"
      },
      "geometry": {
        "type": "Point",
        "coordinates": [
          150.6561161,
          -33.5471352
        ]
      },
      "id": "node/4353240911"
    },
    {
      "type": "Feature",
      "properties": {
        "@id": "node/4353240912",
        "name": "Lake Cargelligo And District Historical Museum",
        "source": "NSW LPI Base Map",
        "source:date": "2016-08",
        "tourism": "museum"
      },
      "geometry": {
        "type": "Point",
        "coordinates": [
          146.3768258,
          -33.3033314
        ]
      },
      "id": "node/4353240912"
    },
    {
      "type": "Feature",
      "properties": {
        "@id": "node/4353240913",
        "name": "Lambing Flat Museum",
        "source": "NSW LPI Base Map",
        "source:date": "2016-08",
        "tourism": "museum"
      },
      "geometry": {
        "type": "Point",
        "coordinates": [
          148.2940408,
          -34.3155448
        ]
      },
      "id": "node/4353240913"
    },
    {
      "type": "Feature",
      "properties": {
        "@id": "node/4353240915",
        "name": "Meroogal",
        "source": "NSW LPI Base Map",
        "source:date": "2016-08",
        "tourism": "museum"
      },
      "geometry": {
        "type": "Point",
        "coordinates": [
          150.5926831,
          -34.8754453
        ]
      },
      "id": "node/4353240915"
    },
    {
      "type": "Feature",
      "properties": {
        "@id": "node/4353240916",
        "museum": "bottle",
        "name": "Merriwa Bottle Museum",
        "source": "NSW LPI Base Map",
        "source:date": "2016-08",
        "tourism": "museum"
      },
      "geometry": {
        "type": "Point",
        "coordinates": [
          150.3552702,
          -32.1401618
        ]
      },
      "id": "node/4353240916"
    },
    {
      "type": "Feature",
      "properties": {
        "@id": "node/4353240917",
        "addr:housenumber": "1",
        "addr:postcode": "2663",
        "addr:street": "Homestead Lane",
        "name": "Monte Cristo Homestead",
        "source": "NSW LPI Base Map",
        "source:date": "2016-08",
        "tourism": "museum"
      },
      "geometry": {
        "type": "Point",
        "coordinates": [
          147.5758032,
          -34.8682927
        ]
      },
      "id": "node/4353240917"
    },
    {
      "type": "Feature",
      "properties": {
        "@id": "node/4353240918",
        "name": "Moruya District Historical Society Museum",
        "opening_hours": "We, Fr, Sa 10:00-12:00",
        "source": "NSW LPI Base Map",
        "source:date": "2016-08",
        "tourism": "museum"
      },
      "geometry": {
        "type": "Point",
        "coordinates": [
          150.0796274,
          -35.9123049
        ]
      },
      "id": "node/4353240918"
    },
    {
      "type": "Feature",
      "properties": {
        "@id": "node/4353240919",
        "charge": "8 AUD",
        "email": "contact@mountvictoriamuseum.info",
        "fee": "yes",
        "museum": "local_history",
        "name": "Mount Victoria Historical Society Museum",
        "opening_hours": "Sa 12:00-15:00",
        "tourism": "museum",
        "website": "https://mtvicmuseum.com.au"
      },
      "geometry": {
        "type": "Point",
        "coordinates": [
          150.2567387,
          -33.5877791
        ]
      },
      "id": "node/4353240919"
    },
    {
      "type": "Feature",
      "properties": {
        "@id": "node/4353240922",
        "addr:housenumber": "6208",
        "addr:postcode": "2622",
        "addr:state": "NSW",
        "addr:street": "Nerriga Road",
        "addr:suburb": "Nerriga",
        "name": "Old Schoolhouse Museum / Nerriga Historical Museum",
        "source": "NSW LPI Base Map",
        "source:date": "2016-08",
        "tourism": "museum"
      },
      "geometry": {
        "type": "Point",
        "coordinates": [
          150.0831016,
          -35.1204755
        ]
      },
      "id": "node/4353240922"
    },
    {
      "type": "Feature",
      "properties": {
        "@id": "node/4353240923",
        "fee": "no",
        "name": "Nowra Museum",
        "opening_hours": "Sa,Su 13:00-16:00",
        "source": "NSW LPI Base Map",
        "source:date": "2016-08",
        "tourism": "museum"
      },
      "geometry": {
        "type": "Point",
        "coordinates": [
          150.6018896,
          -34.8787987
        ]
      },
      "id": "node/4353240923"
    },
    {
      "type": "Feature",
      "properties": {
        "@id": "node/4353240924",
        "name": "Oberon RSL Subbranch And Museum",
        "source": "NSW LPI Base Map",
        "source:date": "2016-08",
        "tourism": "museum"
      },
      "geometry": {
        "type": "Point",
        "coordinates": [
          149.8627268,
          -33.7045613
        ]
      },
      "id": "node/4353240924"
    },
    {
      "type": "Feature",
      "properties": {
        "@id": "node/4353240925",
        "name": "Oxley Museum",
        "source": "NSW LPI Base Map",
        "source:date": "2016-08",
        "tourism": "museum"
      },
      "geometry": {
        "type": "Point",
        "coordinates": [
          148.9429751,
          -32.5515856
        ]
      },
      "id": "node/4353240925"
    },
    {
      "type": "Feature",
      "properties": {
        "@id": "node/4353240926",
        "name": "Pioneer Park Machinery Museum",
        "source": "NSW LPI Base Map",
        "source:date": "2016-08",
        "tourism": "museum"
      },
      "geometry": {
        "type": "Point",
        "coordinates": [
          148.1767702,
          -33.1202664
        ]
      },
      "id": "node/4353240926"
    },
    {
      "type": "Feature",
      "properties": {
        "@id": "node/4353240927",
        "name": "Pioneer Park Museum",
        "source": "NSW LPI Base Map",
        "source:date": "2016-08",
        "tourism": "museum"
      },
      "geometry": {
        "type": "Point",
        "coordinates": [
          146.0551921,
          -34.2764909
        ]
      },
      "id": "node/4353240927"
    },
    {
      "type": "Feature",
      "properties": {
        "@id": "node/4353240929",
        "addr:street": "Burke Street",
        "name": "Silverton Gaol Museum",
        "opening_hours": "Mo-Su 09:30-16:00",
        "source": "NSW LPI Base Map",
        "source:date": "2016-08",
        "tourism": "museum"
      },
      "geometry": {
        "type": "Point",
        "coordinates": [
          141.225158,
          -31.8852543
        ]
      },
      "id": "node/4353240929"
    },
    {
      "type": "Feature",
      "properties": {
        "@id": "node/4353240930",
        "name": "St Johns Schoolhouse Museum",
        "source": "LPI Base Map Aug 2016",
        "tourism": "museum"
      },
      "geometry": {
        "type": "Point",
        "coordinates": [
          149.1398147,
          -35.2873973
        ]
      },
      "id": "node/4353240930"
    },
    {
      "type": "Feature",
      "properties": {
        "@id": "node/4353240932",
        "name": "Taralga Historical Museum",
        "source": "NSW LPI Base Map",
        "source:date": "2016-08",
        "tourism": "museum"
      },
      "geometry": {
        "type": "Point",
        "coordinates": [
          149.820386,
          -34.3984688
        ]
      },
      "id": "node/4353240932"
    },
    {
      "type": "Feature",
      "properties": {
        "@id": "node/4353240933",
        "addr:housenumber": "101",
        "addr:street": "Blaxland Road",
        "name": "Tarella Cottage",
        "source": "NSW LPI Base Map",
        "source:date": "2016-08",
        "tourism": "museum",
        "website": "https://bluemountainshistory.com/tarella-cottage-museum/"
      },
      "geometry": {
        "type": "Point",
        "coordinates": [
          150.3736483,
          -33.6980016
        ]
      },
      "id": "node/4353240933"
    },
    {
      "type": "Feature",
      "properties": {
        "@id": "node/4353240934",
        "name": "The Age Of Fishes Museum",
        "opening_hours": "Mo-Su 10:00-16:00",
        "source": "NSW LPI Base Map",
        "source:date": "2016-08",
        "tourism": "museum",
        "website": "https://www.ageoffishes.org.au/"
      },
      "geometry": {
        "type": "Point",
        "coordinates": [
          148.6601035,
          -33.562312
        ]
      },
      "id": "node/4353240934"
    },
    {
      "type": "Feature",
      "properties": {
        "@id": "node/4353240935",
        "fixme": "no signs. active?",
        "name": "The Hitchen House Military Museum",
        "source": "NSW LPI Base Map",
        "source:date": "2016-08",
        "tourism": "museum"
      },
      "geometry": {
        "type": "Point",
        "coordinates": [
          148.6701704,
          -31.7102673
        ]
      },
      "id": "node/4353240935"
    },
    {
      "type": "Feature",
      "properties": {
        "@id": "node/4353240936",
        "name": "The Old Post Office",
        "source": "NSW LPI Base Map",
        "source:date": "2016-08",
        "tourism": "museum"
      },
      "geometry": {
        "type": "Point",
        "coordinates": [
          150.0205683,
          -33.8210163
        ]
      },
      "id": "node/4353240936"
    },
    {
      "type": "Feature",
      "properties": {
        "@id": "node/4353240937",
        "name": "The Up-to-Date Store Museum",
        "source": "NSW LPI Base Map",
        "source:date": "2016-08",
        "tourism": "museum"
      },
      "geometry": {
        "type": "Point",
        "coordinates": [
          147.1998997,
          -34.8131301
        ]
      },
      "id": "node/4353240937"
    },
    {
      "type": "Feature",
      "properties": {
        "@id": "node/4353240938",
        "name": "Turkish Bath Museum",
        "source": "NSW LPI Base Map",
        "source:date": "2016-08",
        "tourism": "museum"
      },
      "geometry": {
        "type": "Point",
        "coordinates": [
          150.3795473,
          -33.5040624
        ]
      },
      "id": "node/4353240938"
    },
    {
      "type": "Feature",
      "properties": {
        "@id": "node/4353240939",
        "name": "Turon Technology Museum",
        "source": "NSW LPI Base Map",
        "source:date": "2016-08",
        "tourism": "museum"
      },
      "geometry": {
        "type": "Point",
        "coordinates": [
          149.6990006,
          -33.084805
        ]
      },
      "id": "node/4353240939"
    },
    {
      "type": "Feature",
      "properties": {
        "@id": "node/4353240940",
        "name": "Valley Heights Locomotive Depot Heritage Museum",
        "source": "NSW LPI Base Map",
        "source:date": "2016-08",
        "tourism": "museum",
        "wikipedia": "en:Valley Heights Locomotive Depot Heritage Museum"
      },
      "geometry": {
        "type": "Point",
        "coordinates": [
          150.5798789,
          -33.702728
        ]
      },
      "id": "node/4353240940"
    },
    {
      "type": "Feature",
      "properties": {
        "@id": "node/4353240942",
        "name": "Wollondilly Heritage Centre",
        "source": "NSW LPI Base Map",
        "source:date": "2016-08",
        "tourism": "museum"
      },
      "geometry": {
        "type": "Point",
        "coordinates": [
          150.5733133,
          -34.0823755
        ]
      },
      "id": "node/4353240942"
    },
    {
      "type": "Feature",
      "properties": {
        "@id": "node/4353240943",
        "name": "Woolpack Inn Museum",
        "source": "NSW LPI Base Map",
        "source:date": "2016-08",
        "tourism": "museum"
      },
      "geometry": {
        "type": "Point",
        "coordinates": [
          147.3115266,
          -35.726689
        ]
      },
      "id": "node/4353240943"
    },
    {
      "type": "Feature",
      "properties": {
        "@id": "node/4353240944",
        "name": "Yarrawonga Mulwala Pioneer Museum",
        "source": "NSW LPI Base Map",
        "source:date": "2016-08",
        "tourism": "museum"
      },
      "geometry": {
        "type": "Point",
        "coordinates": [
          146.0005439,
          -35.9942034
        ]
      },
      "id": "node/4353240944"
    },
    {
      "type": "Feature",
      "properties": {
        "@id": "node/4353240945",
        "name": "Yass And District Museum",
        "source": "NSW LPI Base Map",
        "source:date": "2016-08",
        "tourism": "museum"
      },
      "geometry": {
        "type": "Point",
        "coordinates": [
          148.91449,
          -34.8465871
        ]
      },
      "id": "node/4353240945"
    },
    {
      "type": "Feature",
      "properties": {
        "@id": "node/4353240946",
        "addr:housenumber": "26",
        "addr:postcode": "2868",
        "addr:state": "NSW",
        "addr:street": "Forbes Street",
        "addr:suburb": "Yeoval",
        "name": "Yeoval Historic Family Museum",
        "source": "NSW LPI Base Map",
        "source:date": "2016-08",
        "tourism": "museum"
      },
      "geometry": {
        "type": "Point",
        "coordinates": [
          148.6490366,
          -32.7515955
        ]
      },
      "id": "node/4353240946"
    },
    {
      "type": "Feature",
      "properties": {
        "@id": "node/4353240948",
        "addr:housenumber": "1",
        "addr:street": "Briscoe Street",
        "name": "Tibooburra Local Aboriginal Land Council",
        "source": "NSW LPI Base Map",
        "source:date": "2016-08",
        "tourism": "museum"
      },
      "geometry": {
        "type": "Point",
        "coordinates": [
          142.010081,
          -29.4352524
        ]
      },
      "id": "node/4353240948"
    },
    {
      "type": "Feature",
      "properties": {
        "@id": "node/4354728817",
        "name": "Addington Museum",
        "source": "NSW LPI Base Map",
        "source:date": "2016-08",
        "tourism": "museum",
        "website": "https://www.ryde.nsw.gov.au/Library/Local-and-Family-History/Historic-Ryde/Historic-Buildings/Addington"
      },
      "geometry": {
        "type": "Point",
        "coordinates": [
          151.0985005,
          -33.814547
        ]
      },
      "id": "node/4354728817"
    },
    {
      "type": "Feature",
      "properties": {
        "@id": "node/4354728820",
        "name": "Bicentennial Museum",
        "source": "NSW LPI Base Map",
        "source:date": "2016-08",
        "tourism": "museum"
      },
      "geometry": {
        "type": "Point",
        "coordinates": [
          152.5452205,
          -28.4755658
        ]
      },
      "id": "node/4354728820"
    },
    {
      "type": "Feature",
      "properties": {
        "@id": "node/4354728821",
        "name": "Black Diamond Heritage Centre",
        "source": "NSW LPI Base Map",
        "source:date": "2016-08",
        "tourism": "museum"
      },
      "geometry": {
        "type": "Point",
        "coordinates": [
          150.9148896,
          -34.3344915
        ]
      },
      "id": "node/4354728821"
    },
    {
      "type": "Feature",
      "properties": {
        "@id": "node/4354728822",
        "name": "Boatman's Cottage Maritime Museum",
        "source": "NSW LPI Base Map",
        "source:date": "2016-08",
        "tourism": "museum"
      },
      "geometry": {
        "type": "Point",
        "coordinates": [
          153.0388892,
          -30.8840703
        ]
      },
      "id": "node/4354728822"
    },
    {
      "type": "Feature",
      "properties": {
        "@id": "node/4354728823",
        "email": "info@brislington.net",
        "fee": "yes",
        "museum": "local",
        "name": "Brislington Medical and Nursing Museum",
        "opening_hours": "Tu, Th 10:30-14:00",
        "payment:cash": "yes",
        "phone": "+61 403 764 070",
        "tourism": "museum",
        "website": "https://www.brislington.net/",
        "wheelchair": "limited",
        "wikidata": "Q56279721"
      },
      "geometry": {
        "type": "Point",
        "coordinates": [
          151.0020915,
          -33.8129075
        ]
      },
      "id": "node/4354728823"
    },
    {
      "type": "Feature",
      "properties": {
        "@id": "node/4354728824",
        "name": "Burnside Heritage Centre",
        "source": "NSW LPI Base Map",
        "source:date": "2016-08",
        "toilets:wheelchair": "no",
        "tourism": "museum",
        "wheelchair": "limited"
      },
      "geometry": {
        "type": "Point",
        "coordinates": [
          151.0161916,
          -33.7953549
        ]
      },
      "id": "node/4354728824"
    },
    {
      "type": "Feature",
      "properties": {
        "@id": "node/4354728826",
        "name": "Butterfly Museum",
        "source": "NSW LPI Base Map",
        "source:date": "2016-08",
        "tourism": "museum"
      },
      "geometry": {
        "type": "Point",
        "coordinates": [
          150.836674,
          -33.569743
        ]
      },
      "id": "node/4354728826"
    },
    {
      "type": "Feature",
      "properties": {
        "@id": "node/4354728828",
        "name": "Campbelltown Steam Museum",
        "source": "NSW LPI Base Map",
        "source:date": "2016-08",
        "tourism": "museum"
      },
      "geometry": {
        "type": "Point",
        "coordinates": [
          150.7688075,
          -34.0921388
        ]
      },
      "id": "node/4354728828"
    },
    {
      "type": "Feature",
      "properties": {
        "@id": "node/4354728830",
        "addr:housenumber": "31",
        "addr:postcode": "2470",
        "addr:state": "NSW",
        "addr:street": "Walker Street",
        "addr:suburb": "Casino",
        "name": "Casino Historical Museum",
        "source": "NSW LPI Base Map",
        "source:date": "2016-08",
        "tourism": "museum"
      },
      "geometry": {
        "type": "Point",
        "coordinates": [
          153.0479619,
          -28.866374
        ]
      },
      "id": "node/4354728830"
    },
    {
      "type": "Feature",
      "properties": {
        "@id": "node/4354728831",
        "name": "Coffs Harbour Historical Museum",
        "source": "NSW LPI Base Map",
        "source:date": "2016-08",
        "tourism": "museum",
        "wheelchair": "yes"
      },
      "geometry": {
        "type": "Point",
        "coordinates": [
          153.1179541,
          -30.2985762
        ]
      },
      "id": "node/4354728831"
    },
    {
      "type": "Feature",
      "properties": {
        "@id": "node/4354728833",
        "name": "Court House Museum",
        "source": "NSW LPI Base Map",
        "source:date": "2016-08",
        "tourism": "museum"
      },
      "geometry": {
        "type": "Point",
        "coordinates": [
          152.2089132,
          -32.4147365
        ]
      },
      "id": "node/4354728833"
    },
    {
      "type": "Feature",
      "properties": {
        "@id": "node/4354728834",
        "name": "Fairfield City Museum And Gallery",
        "source": "NSW LPI Base Map",
        "source:date": "2016-08",
        "tourism": "museum"
      },
      "geometry": {
        "type": "Point",
        "coordinates": [
          150.9420268,
          -33.8542809
        ]
      },
      "id": "node/4354728834"
    },
    {
      "type": "Feature",
      "properties": {
        "@id": "node/4354728835",
        "name": "Fort Scratchley Museum",
        "source": "NSW LPI Base Map",
        "source:date": "2016-08",
        "tourism": "museum"
      },
      "geometry": {
        "type": "Point",
        "coordinates": [
          151.7911329,
          -32.9259597
        ]
      },
      "id": "node/4354728835"
    },
    {
      "type": "Feature",
      "properties": {
        "@id": "node/4354728836",
        "name": "Gerringong Heritage Museum",
        "source": "NSW LPI Base Map",
        "source:date": "2016-08",
        "tourism": "museum"
      },
      "geometry": {
        "type": "Point",
        "coordinates": [
          150.8235894,
          -34.7453525
        ]
      },
      "id": "node/4354728836"
    },
    {
      "type": "Feature",
      "properties": {
        "@id": "node/4354728840",
        "addr:housenumber": "48A",
        "addr:postcode": "2527",
        "addr:state": "NSW",
        "addr:street": "Tongarra Road",
        "addr:suburb": "Albion Park Rail",
        "contact:facebook": "https://www.facebook.com/IllawarraLightRailwayMuseum/",
        "museum": "transport",
        "name": "Illawarra Light Railway Museum",
        "source": "NSW LPI Base Map;website",
        "source:date": "2016-08",
        "tourism": "museum",
        "website": "https://ilrms.com.au/",
        "wikidata": "Q14934840",
        "wikipedia": "en:Illawarra_Light_Railway_Museum"
      },
      "geometry": {
        "type": "Point",
        "coordinates": [
          150.79169,
          -34.5689981
        ]
      },
      "id": "node/4354728840"
    },
    {
      "type": "Feature",
      "properties": {
        "@id": "node/4354728841",
        "name": "Inverell Mining Museum",
        "source": "NSW LPI Base Map",
        "source:date": "2016-08",
        "tourism": "museum"
      },
      "geometry": {
        "type": "Point",
        "coordinates": [
          151.1099963,
          -29.7752284
        ]
      },
      "id": "node/4354728841"
    },
    {
      "type": "Feature",
      "properties": {
        "@id": "node/4354728842",
        "name": "Jarretts Museum",
        "source": "NSW LPI Base Map",
        "source:date": "2016-08",
        "tourism": "museum"
      },
      "geometry": {
        "type": "Point",
        "coordinates": [
          153.0759459,
          -30.2888047
        ]
      },
      "id": "node/4354728842"
    },
    {
      "type": "Feature",
      "properties": {
        "@id": "node/4354728844",
        "name": "Linnwood Museum",
        "source": "NSW LPI Base Map",
        "source:date": "2016-08",
        "tourism": "museum",
        "wikidata": "Q6554647"
      },
      "geometry": {
        "type": "Point",
        "coordinates": [
          150.9762569,
          -33.8547004
        ]
      },
      "id": "node/4354728844"
    },
    {
      "type": "Feature",
      "properties": {
        "@id": "node/4354728845",
        "alt_name": "Luskintyre Aviation Flying Museum",
        "contact:facebook": "https://www.facebook.com/pages/Luskintyre-Airfield/326583924103032",
        "name": "Luskintyre Aviation Museum",
        "source": "NSW LPI Base Map",
        "source:date": "2016-08",
        "tourism": "museum"
      },
      "geometry": {
        "type": "Point",
        "coordinates": [
          151.4157926,
          -32.6662129
        ]
      },
      "id": "node/4354728845"
    },
    {
      "type": "Feature",
      "properties": {
        "@id": "node/4354728846",
        "addr:housenumber": "62",
        "addr:street": "Lachlan Street",
        "name": "Macleay River Historical Society Museum",
        "source": "NSW LPI Base Map",
        "source:date": "2016-08",
        "tourism": "museum"
      },
      "geometry": {
        "type": "Point",
        "coordinates": [
          152.8350562,
          -31.0966595
        ]
      },
      "id": "node/4354728846"
    },
    {
      "type": "Feature",
      "properties": {
        "@id": "node/4354728848",
        "email": "mph@nationaltrust.com.au",
        "fee": "no",
        "name": "Miss Porter's House",
        "opening_hours": "Su[2] 13:00-16:00",
        "phone": "+61 2 4927 0202",
        "source": "NSW LPI Base Map",
        "source:date": "2016-08",
        "tourism": "museum"
      },
      "geometry": {
        "type": "Point",
        "coordinates": [
          151.7647799,
          -32.9277873
        ]
      },
      "id": "node/4354728848"
    },
    {
      "type": "Feature",
      "properties": {
        "@id": "node/4354728849",
        "name": "Monarch Historical Museum",
        "source": "NSW LPI Base Map",
        "source:date": "2016-08",
        "tourism": "museum"
      },
      "geometry": {
        "type": "Point",
        "coordinates": [
          151.8454273,
          -32.8081926
        ]
      },
      "id": "node/4354728849"
    },
    {
      "type": "Feature",
      "properties": {
        "@id": "node/4354728850",
        "name": "Morpeth Museum",
        "source": "NSW LPI Base Map",
        "source:date": "2016-08",
        "tourism": "museum"
      },
      "geometry": {
        "type": "Point",
        "coordinates": [
          151.6269571,
          -32.7250957
        ]
      },
      "id": "node/4354728850"
    },
    {
      "type": "Feature",
      "properties": {
        "@id": "node/4354728853",
        "museum": "motorcycle",
        "name": "National Motorbike Museum",
        "source": "NSW LPI Base Map",
        "source:date": "2016-08",
        "tourism": "museum"
      },
      "geometry": {
        "type": "Point",
        "coordinates": [
          152.383607,
          -32.0946305
        ]
      },
      "id": "node/4354728853"
    },
    {
      "type": "Feature",
      "properties": {
        "@id": "node/4354728854",
        "name": "National Transport Museum",
        "source": "NSW LPI Base Map",
        "source:date": "2016-08",
        "tourism": "museum"
      },
      "geometry": {
        "type": "Point",
        "coordinates": [
          151.1258788,
          -29.7915188
        ]
      },
      "id": "node/4354728854"
    },
    {
      "type": "Feature",
      "properties": {
        "@id": "node/4354728855",
        "name": "Nativity House Museum And Gallery",
        "source": "NSW LPI Base Map",
        "source:date": "2016-08",
        "tourism": "museum"
      },
      "geometry": {
        "type": "Point",
        "coordinates": [
          150.8214125,
          -33.8523256
        ]
      },
      "id": "node/4354728855"
    },
    {
      "type": "Feature",
      "properties": {
        "@id": "node/4354728856",
        "name": "Netherby House",
        "source": "NSW LPI Base Map",
        "source:date": "2016-08",
        "tourism": "museum"
      },
      "geometry": {
        "type": "Point",
        "coordinates": [
          151.0444983,
          -33.6443424
        ]
      },
      "id": "node/4354728856"
    },
    {
      "type": "Feature",
      "properties": {
        "@id": "node/4354728857",
        "name": "Newcastle Police Station Museum",
        "source": "NSW LPI Base Map",
        "source:date": "2016-08",
        "tourism": "museum"
      },
      "geometry": {
        "type": "Point",
        "coordinates": [
          151.7839074,
          -32.9274532
        ]
      },
      "id": "node/4354728857"
    },
    {
      "type": "Feature",
      "properties": {
        "@id": "node/4354728860",
        "fee": "yes",
        "museum": "local",
        "name": "Old Government House",
        "opening_hours": "Th-Fr 10:00-16:00; Sa-Su 11:00-16:00",
        "tourism": "museum",
        "website": "https://www.nationaltrust.org.au/places/old-government-house/",
        "wheelchair": "limited"
      },
      "geometry": {
        "type": "Point",
        "coordinates": [
          150.9973605,
          -33.8121098
        ]
      },
      "id": "node/4354728860"
    },
    {
      "type": "Feature",
      "properties": {
        "@id": "node/4354728861",
        "name": "Poppethead",
        "source": "NSW LPI Base Map",
        "source:date": "2016-08",
        "tourism": "museum"
      },
      "geometry": {
        "type": "Point",
        "coordinates": [
          151.3653467,
          -32.8793309
        ]
      },
      "id": "node/4354728861"
    },
    {
      "type": "Feature",
      "properties": {
        "@id": "node/4354728863",
        "name": "RSL Museum",
        "source": "NSW LPI Base Map",
        "source:date": "2016-08",
        "tourism": "museum"
      },
      "geometry": {
        "type": "Point",
        "coordinates": [
          151.4904525,
          -33.3519624
        ]
      },
      "id": "node/4354728863"
    },
    {
      "type": "Feature",
      "properties": {
        "@id": "node/4354728864",
        "name": "Richmond Villa Heritage Centre",
        "source": "NSW LPI Base Map",
        "source:date": "2016-08",
        "tourism": "museum"
      },
      "geometry": {
        "type": "Point",
        "coordinates": [
          150.8151116,
          -34.0682424
        ]
      },
      "id": "node/4354728864"
    },
    {
      "type": "Feature",
      "properties": {
        "@id": "node/4354728865",
        "name": "Rouse Hill Estate",
        "source": "NSW LPI Base Map",
        "source:date": "2016-08",
        "tourism": "museum",
        "website": "https://sydneylivingmuseums.com.au/rouse-hill-house-farm"
      },
      "geometry": {
        "type": "Point",
        "coordinates": [
          150.9083578,
          -33.6758354
        ]
      },
      "id": "node/4354728865"
    },
    {
      "type": "Feature",
      "properties": {
        "@id": "node/4354728866",
        "fee": "yes",
        "name": "Science Space",
        "source": "NSW LPI Base Map",
        "source:date": "2016-08",
        "tourism": "museum"
      },
      "geometry": {
        "type": "Point",
        "coordinates": [
          150.8999066,
          -34.4010128
        ]
      },
      "id": "node/4354728866"
    },
    {
      "type": "Feature",
      "properties": {
        "@id": "node/4354728867",
        "name": "Scone Historical Museum",
        "source": "NSW LPI Base Map",
        "source:date": "2016-08",
        "tourism": "museum"
      },
      "geometry": {
        "type": "Point",
        "coordinates": [
          150.8605842,
          -32.0523553
        ]
      },
      "id": "node/4354728867"
    },
    {
      "type": "Feature",
      "properties": {
        "@id": "node/4354728868",
        "name": "Shoalhaven Family History Society",
        "source": "NSW LPI Base Map",
        "source:date": "2016-08",
        "tourism": "museum"
      },
      "geometry": {
        "type": "Point",
        "coordinates": [
          150.6868994,
          -34.9088745
        ]
      },
      "id": "node/4354728868"
    },
    {
      "type": "Feature",
      "properties": {
        "@id": "node/4354728869",
        "name": "Sketchley Pioneer Cottage",
        "source": "NSW LPI Base Map",
        "source:date": "2016-08",
        "tourism": "museum"
      },
      "geometry": {
        "type": "Point",
        "coordinates": [
          151.7409754,
          -32.7684265
        ]
      },
      "id": "node/4354728869"
    },
    {
      "type": "Feature",
      "properties": {
        "@id": "node/4354728870",
        "name": "St Joseph's Boys Home Museum",
        "source": "NSW LPI Base Map",
        "source:date": "2016-08",
        "tourism": "museum"
      },
      "geometry": {
        "type": "Point",
        "coordinates": [
          151.3754331,
          -33.4885976
        ]
      },
      "id": "node/4354728870"
    },
    {
      "type": "Feature",
      "properties": {
        "@id": "node/4354728872",
        "check_date": "2023-10-19",
        "fee": "yes",
        "museum": "history",
        "name": "Sydney Jewish Museum",
        "opening_hours": "Su-Th 10:00-16:00; Fr 10:00-15:00",
        "source": "NSW LPI Base Map",
        "source:date": "2016-08",
        "toilets": "yes",
        "toilets:wheelchair": "yes",
        "tourism": "museum",
        "website": "https://www.sydneyjewishmuseum.com.au/",
        "wheelchair": "yes",
        "wikidata": "Q1722305",
        "wikipedia": "en:Sydney Jewish Museum"
      },
      "geometry": {
        "type": "Point",
        "coordinates": [
          151.2202516,
          -33.8790054
        ]
      },
      "id": "node/4354728872"
    },
    {
      "type": "Feature",
      "properties": {
        "@id": "node/4354728873",
        "name": "The Old Court House",
        "source": "NSW LPI Base Map",
        "source:date": "2016-08",
        "tourism": "museum"
      },
      "geometry": {
        "type": "Point",
        "coordinates": [
          150.9046215,
          -34.4222517
        ]
      },
      "id": "node/4354728873"
    },
    {
      "type": "Feature",
      "properties": {
        "@id": "node/4354728874",
        "name": "Tomago House",
        "source": "NSW LPI Base Map",
        "source:date": "2016-08",
        "tourism": "museum"
      },
      "geometry": {
        "type": "Point",
        "coordinates": [
          151.7351344,
          -32.8290012
        ]
      },
      "id": "node/4354728874"
    },
    {
      "type": "Feature",
      "properties": {
        "@id": "node/4354728877",
        "museum": "railway",
        "name": "Former North Casino Railway Station Museum",
        "operator": "Casino Minature Railway",
        "operator:type": "private_non_profit",
        "source": "NSW LPI Base Map",
        "source:date": "2016-08",
        "tourism": "museum"
      },
      "geometry": {
        "type": "Point",
        "coordinates": [
          153.0501826,
          -28.8552141
        ]
      },
      "id": "node/4354728877"
    },
    {
      "type": "Feature",
      "properties": {
        "@id": "node/4354728878",
        "source": "NSW LPI Base Map",
        "source:date": "2016-08",
        "tourism": "museum"
      },
      "geometry": {
        "type": "Point",
        "coordinates": [
          151.175182,
          -32.5633734
        ]
      },
      "id": "node/4354728878"
    },
    {
      "type": "Feature",
      "properties": {
        "@id": "node/4356677651",
        "fee": "no",
        "name": "Albert Kersten Mining And Minerals Museum",
        "opening_hours": "Tu-Sa 10:00-16:00",
        "phone": "+61 8 8080 3501",
        "source": "NSW LPI Base Map",
        "source:date": "2016-08",
        "tourism": "museum"
      },
      "geometry": {
        "type": "Point",
        "coordinates": [
          141.462662,
          -31.9613396
        ]
      },
      "id": "node/4356677651"
    },
    {
      "type": "Feature",
      "properties": {
        "@id": "node/4356677652",
        "name": "Alumny Creek Public School Museum",
        "source": "NSW LPI Base Map",
        "source:date": "2016-08",
        "tourism": "museum"
      },
      "geometry": {
        "type": "Point",
        "coordinates": [
          152.9509665,
          -29.6408959
        ]
      },
      "id": "node/4356677652"
    },
    {
      "type": "Feature",
      "properties": {
        "@id": "node/4356677653",
        "name": "Ballina Naval And Maritime Museum",
        "source": "NSW LPI Base Map",
        "source:date": "2016-08",
        "tourism": "museum"
      },
      "geometry": {
        "type": "Point",
        "coordinates": [
          153.5646036,
          -28.873265
        ]
      },
      "id": "node/4356677653"
    },
    {
      "type": "Feature",
      "properties": {
        "@id": "node/4356677654",
        "name": "Bangalow Historical Society",
        "source": "NSW LPI Base Map",
        "source:date": "2016-08",
        "tourism": "museum"
      },
      "geometry": {
        "type": "Point",
        "coordinates": [
          153.5279671,
          -28.6866675
        ]
      },
      "id": "node/4356677654"
    },
    {
      "type": "Feature",
      "properties": {
        "@id": "node/4356677655",
        "addr:housenumber": "16",
        "addr:postcode": "2404",
        "addr:state": "NSW",
        "addr:street": "Maitland Street",
        "addr:suburb": "Bingara",
        "museum": "history",
        "name": "Bingara Diatrict Historical Society Museum",
        "source": "NSW LPI Base Map",
        "source:date": "2016-08",
        "tourism": "museum"
      },
      "geometry": {
        "type": "Point",
        "coordinates": [
          150.5705295,
          -29.865915
        ]
      },
      "id": "node/4356677655"
    },
    {
      "type": "Feature",
      "properties": {
        "@id": "node/4356677656",
        "addr:housenumber": "35",
        "addr:postcode": "2343",
        "addr:state": "NSW",
        "addr:street": "Ray Carter Drive",
        "addr:suburb": "Quirindi",
        "contact:facebook": "https://www.facebook.com/profile.php?id=100057270168400",
        "name": "Bobs Shed",
        "phone": "+61 2 6746 2009",
        "source": "NSW LPI Base Map",
        "source:date": "2016-08",
        "tourism": "museum"
      },
      "geometry": {
        "type": "Point",
        "coordinates": [
          150.6655618,
          -31.5169805
        ]
      },
      "id": "node/4356677656"
    },
    {
      "type": "Feature",
      "properties": {
        "@id": "node/4356677657",
        "check_date:opening_hours": "2021-04-26",
        "fee": "yes",
        "name": "Bowraville Folk Museum",
        "opening_hours": "Mo-Fr 10:00-15:00; Sa,Su 10:00-13:00",
        "source": "NSW LPI Base Map",
        "source:date": "2016-08",
        "tourism": "museum"
      },
      "geometry": {
        "type": "Point",
        "coordinates": [
          152.8524374,
          -30.647434
        ]
      },
      "id": "node/4356677657"
    },
    {
      "type": "Feature",
      "properties": {
        "@id": "node/4356677658",
        "name": "Bradman Birthplace Museum",
        "source": "NSW LPI Base Map",
        "source:date": "2016-08",
        "tourism": "museum"
      },
      "geometry": {
        "type": "Point",
        "coordinates": [
          148.0213969,
          -34.6310245
        ]
      },
      "id": "node/4356677658"
    },
    {
      "type": "Feature",
      "properties": {
        "@id": "node/4356677659",
        "name": "Brunswick Valley Historical Society",
        "source": "NSW LPI Base Map",
        "source:date": "2016-08",
        "tourism": "museum"
      },
      "geometry": {
        "type": "Point",
        "coordinates": [
          153.4995276,
          -28.5579687
        ]
      },
      "id": "node/4356677659"
    },
    {
      "type": "Feature",
      "properties": {
        "@id": "node/4356677660",
        "name": "Carcoar Hospital Museum",
        "source": "NSW LPI Base Map",
        "source:date": "2016-08",
        "tourism": "museum"
      },
      "geometry": {
        "type": "Point",
        "coordinates": [
          149.1424388,
          -33.6166183
        ]
      },
      "id": "node/4356677660"
    },
    {
      "type": "Feature",
      "properties": {
        "@id": "node/4356677661",
        "name": "Carisbrook House",
        "opening_hours": "Sa[3],Su[3] 10:00-16:00; Dec off",
        "source": "NSW LPI Base Map",
        "source:date": "2016-08",
        "tourism": "museum",
        "website": "https://www.carisbrookhouse.com/"
      },
      "geometry": {
        "type": "Point",
        "coordinates": [
          151.1500703,
          -33.8231073
        ]
      },
      "id": "node/4356677661"
    },
    {
      "type": "Feature",
      "properties": {
        "@id": "node/4356677662",
        "name": "Carmanhurst Military Museum",
        "source": "NSW LPI Base Map",
        "source:date": "2016-08",
        "tourism": "museum"
      },
      "geometry": {
        "type": "Point",
        "coordinates": [
          149.1405129,
          -33.6116755
        ]
      },
      "id": "node/4356677662"
    },
    {
      "type": "Feature",
      "properties": {
        "@id": "node/4356677663",
        "addr:housenumber": "126",
        "addr:street": "Market Street",
        "name": "Mudgee Museum & Historical Society",
        "source": "NSW LPI Base Map",
        "source:date": "2016-08",
        "tourism": "museum",
        "website": "https://mudgeemuseum.com"
      },
      "geometry": {
        "type": "Point",
        "coordinates": [
          149.5777867,
          -32.5891159
        ]
      },
      "id": "node/4356677663"
    },
    {
      "type": "Feature",
      "properties": {
        "@id": "node/4356677664",
        "name": "Condobolin Railway Museum",
        "source": "NSW LPI Base Map",
        "source:date": "2016-08",
        "tourism": "museum"
      },
      "geometry": {
        "type": "Point",
        "coordinates": [
          147.1538321,
          -33.0833023
        ]
      },
      "id": "node/4356677664"
    },
    {
      "type": "Feature",
      "properties": {
        "@id": "node/4356677665",
        "name": "Coolamon RSL Hall",
        "source": "NSW LPI Base Map",
        "source:date": "2016-08",
        "tourism": "museum"
      },
      "geometry": {
        "type": "Point",
        "coordinates": [
          147.2003363,
          -34.8130797
        ]
      },
      "id": "node/4356677665"
    },
    {
      "type": "Feature",
      "properties": {
        "@id": "node/4356677667",
        "name": "Crawford House Museum",
        "phone": "+61 2 6628 1829",
        "source": "NSW LPI Base Map",
        "source:date": "2016-08",
        "tourism": "museum",
        "wheelchair": "no"
      },
      "geometry": {
        "type": "Point",
        "coordinates": [
          153.4394755,
          -28.8429152
        ]
      },
      "id": "node/4356677667"
    },
    {
      "type": "Feature",
      "properties": {
        "@id": "node/4356677668",
        "name": "Cundletown And Lower Manning Historical Society Mu",
        "source": "NSW LPI Base Map",
        "source:date": "2016-08",
        "tourism": "museum"
      },
      "geometry": {
        "type": "Point",
        "coordinates": [
          152.5190006,
          -31.8993462
        ]
      },
      "id": "node/4356677668"
    },
    {
      "type": "Feature",
      "properties": {
        "@id": "node/4356677669",
        "name": "Deniliquin And District Historical Society Museum",
        "source": "NSW LPI Base Map",
        "source:date": "2016-08",
        "tourism": "museum"
      },
      "geometry": {
        "type": "Point",
        "coordinates": [
          144.9630427,
          -35.5229776
        ]
      },
      "id": "node/4356677669"
    },
    {
      "type": "Feature",
      "properties": {
        "@id": "node/4356677670",
        "addr:housenumber": "6",
        "addr:street": "Napier Street",
        "check_date": "2026-05-01",
        "fee": "no",
        "museum": "local_history",
        "name": "Don Bank Museum",
        "opening_hours": "Feb 01-Dec 15: We 12:00-15:00; PH off",
        "tourism": "museum",
        "website": "https://www.northsydney.nsw.gov.au/heritage-sites/don-bank-museum"
      },
      "geometry": {
        "type": "Point",
        "coordinates": [
          151.2051577,
          -33.837712
        ]
      },
      "id": "node/4356677670"
    },
    {
      "type": "Feature",
      "properties": {
        "@id": "node/4356677671",
        "museum": "history",
        "name": "Dungog Museum",
        "source": "NSW LPI Base Map",
        "source:date": "2016-08",
        "tourism": "museum"
      },
      "geometry": {
        "type": "Point",
        "coordinates": [
          151.7573072,
          -32.4042933
        ]
      },
      "id": "node/4356677671"
    },
    {
      "type": "Feature",
      "properties": {
        "@id": "node/4356677672",
        "name": "Eugowra Historical Museum",
        "source": "NSW LPI Base Map",
        "source:date": "2016-08",
        "tourism": "museum"
      },
      "geometry": {
        "type": "Point",
        "coordinates": [
          148.3725684,
          -33.4273298
        ]
      },
      "id": "node/4356677672"
    },
    {
      "type": "Feature",
      "properties": {
        "@id": "node/4356677673",
        "name": "McFeeters Motor Museum",
        "source": "NSW LPI Base Map",
        "source:date": "2016-08",
        "tourism": "museum"
      },
      "geometry": {
        "type": "Point",
        "coordinates": [
          148.0050359,
          -33.3925917
        ]
      },
      "id": "node/4356677673"
    },
    {
      "type": "Feature",
      "properties": {
        "@id": "node/4356677674",
        "name": "Frank Partridge Millitary Museum",
        "opening_hours": "Mo-Fr 10:00-15:00; Sa,Su 10:00-13:00",
        "source": "NSW LPI Base Map",
        "source:date": "2016-08",
        "tourism": "museum"
      },
      "geometry": {
        "type": "Point",
        "coordinates": [
          152.8531973,
          -30.6459646
        ]
      },
      "id": "node/4356677674"
    },
    {
      "type": "Feature",
      "properties": {
        "@id": "node/4356677675",
        "name": "Glenreagh Memorial Museum",
        "source": "NSW LPI Base Map",
        "source:date": "2016-08",
        "tourism": "museum"
      },
      "geometry": {
        "type": "Point",
        "coordinates": [
          152.9804015,
          -30.0499756
        ]
      },
      "id": "node/4356677675"
    },
    {
      "type": "Feature",
      "properties": {
        "@id": "node/4356677676",
        "name": "Golden Memories Millthorpe Museum",
        "source": "NSW LPI Base Map",
        "source:date": "2016-08",
        "tourism": "museum"
      },
      "geometry": {
        "type": "Point",
        "coordinates": [
          149.1844917,
          -33.4445795
        ]
      },
      "id": "node/4356677676"
    },
    {
      "type": "Feature",
      "properties": {
        "@id": "node/4356677678",
        "name": "Great Cobar Heritage Centre",
        "source": "NSW LPI Base Map",
        "source:date": "2016-08",
        "tourism": "museum"
      },
      "geometry": {
        "type": "Point",
        "coordinates": [
          145.8425707,
          -31.4981502
        ]
      },
      "id": "node/4356677678"
    },
    {
      "type": "Feature",
      "properties": {
        "@id": "node/4356677679",
        "fee": "yes",
        "name": "Great Lakes Historical Society Museum",
        "source": "NSW LPI Base Map",
        "source:date": "2016-08",
        "tourism": "museum"
      },
      "geometry": {
        "type": "Point",
        "coordinates": [
          152.4943552,
          -32.1739714
        ]
      },
      "id": "node/4356677679"
    },
    {
      "type": "Feature",
      "properties": {
        "@id": "node/4356677680",
        "check_date": "2023-10-29",
        "name": "Hall School Museum",
        "source": "LPI Base Map Aug 2016",
        "tourism": "museum"
      },
      "geometry": {
        "type": "Point",
        "coordinates": [
          149.0694731,
          -35.1678821
        ]
      },
      "id": "node/4356677680"
    },
    {
      "type": "Feature",
      "properties": {
        "@id": "node/4356677682",
        "name": "Historical Cottage & Museum",
        "source": "NSW LPI Base Map",
        "source:date": "2016-08",
        "tourism": "museum"
      },
      "geometry": {
        "type": "Point",
        "coordinates": [
          150.6801824,
          -31.5049048
        ]
      },
      "id": "node/4356677682"
    },
    {
      "type": "Feature",
      "properties": {
        "@id": "node/4356677683",
        "name": "Historical Society Museum Complex",
        "source": "NSW LPI Base Map",
        "source:date": "2016-08",
        "tourism": "museum"
      },
      "geometry": {
        "type": "Point",
        "coordinates": [
          147.0396619,
          -34.7947679
        ]
      },
      "id": "node/4356677683"
    },
    {
      "type": "Feature",
      "properties": {
        "@id": "node/4356677684",
        "name": "The Lachlander Museum",
        "source": "NSW LPI Base Map",
        "source:date": "2016-08",
        "tourism": "museum"
      },
      "geometry": {
        "type": "Point",
        "coordinates": [
          147.1508832,
          -33.0891325
        ]
      },
      "id": "node/4356677684"
    },
    {
      "type": "Feature",
      "properties": {
        "@id": "node/4356677685",
        "name": "Lanbruk's Gunyah",
        "source": "NSW LPI Base Map",
        "source:date": "2016-08",
        "tourism": "museum"
      },
      "geometry": {
        "type": "Point",
        "coordinates": [
          152.906762,
          -29.6595032
        ]
      },
      "id": "node/4356677685"
    },
    {
      "type": "Feature",
      "properties": {
        "@id": "node/4356677686",
        "check_date:opening_hours": "2026-09-04",
        "fee": "no",
        "name": "Lawrence Museum",
        "opening_hours": "Tu 09:00-13:00; Sa,Su 13:00-16:00; Mo,We-Fr off",
        "source": "NSW LPI Base Map",
        "source:date": "2016-08",
        "tourism": "museum"
      },
      "geometry": {
        "type": "Point",
        "coordinates": [
          153.1134962,
          -29.4916217
        ]
      },
      "id": "node/4356677686"
    },
    {
      "type": "Feature",
      "properties": {
        "@id": "node/4356677687",
        "name": "Legends Of Surf Museum",
        "source": "NSW LPI Base Map",
        "source:date": "2016-08",
        "tourism": "museum"
      },
      "geometry": {
        "type": "Point",
        "coordinates": [
          153.145043,
          -30.2258692
        ]
      },
      "id": "node/4356677687"
    },
    {
      "type": "Feature",
      "properties": {
        "@id": "node/4356677688",
        "name": "Maclean Stone Cottage & Bicentennial Museum",
        "source": "NSW LPI Base Map",
        "source:date": "2016-08",
        "tourism": "museum"
      },
      "geometry": {
        "type": "Point",
        "coordinates": [
          153.2022055,
          -29.4605163
        ]
      },
      "id": "node/4356677688"
    },
    {
      "type": "Feature",
      "properties": {
        "@id": "node/4356677690",
        "name": "Merriwagga Museum",
        "source": "NSW LPI Base Map",
        "source:date": "2016-08",
        "tourism": "museum"
      },
      "geometry": {
        "type": "Point",
        "coordinates": [
          145.6265907,
          -33.8140097
        ]
      },
      "id": "node/4356677690"
    },
    {
      "type": "Feature",
      "properties": {
        "@id": "node/4356677691",
        "name": "Minjungbal Resource Museum",
        "source": "NSW LPI Base Map",
        "source:date": "2016-08",
        "tourism": "museum"
      },
      "geometry": {
        "type": "Point",
        "coordinates": [
          153.548597,
          -28.1985065
        ]
      },
      "id": "node/4356677691"
    },
    {
      "type": "Feature",
      "properties": {
        "@id": "node/4356677692",
        "name": "Minto Carriage Museum",
        "source": "NSW LPI Base Map",
        "source:date": "2016-08",
        "tourism": "museum"
      },
      "geometry": {
        "type": "Point",
        "coordinates": [
          150.8469159,
          -34.0294178
        ]
      },
      "id": "node/4356677692"
    },
    {
      "type": "Feature",
      "properties": {
        "@id": "node/4356677693",
        "name": "Monaro Country Historical Museum",
        "source": "NSW LPI Base Map",
        "source:date": "2016-08",
        "tourism": "museum"
      },
      "geometry": {
        "type": "Point",
        "coordinates": [
          149.2410753,
          -36.9061907
        ]
      },
      "id": "node/4356677693"
    },
    {
      "type": "Feature",
      "properties": {
        "@id": "node/4356677694",
        "name": "Murrurundi Museum",
        "source": "NSW LPI Base Map",
        "source:date": "2016-08",
        "tourism": "museum"
      },
      "geometry": {
        "type": "Point",
        "coordinates": [
          150.8336117,
          -31.7632472
        ]
      },
      "id": "node/4356677694"
    },
    {
      "type": "Feature",
      "properties": {
        "@id": "node/4356677696",
        "name": "Nandewar Historical Society Museum",
        "operator": "Barraba Historical Society",
        "source": "NSW LPI Base Map",
        "source:date": "2016-08",
        "tourism": "museum"
      },
      "geometry": {
        "type": "Point",
        "coordinates": [
          150.6098968,
          -30.3807315
        ]
      },
      "id": "node/4356677696"
    },
    {
      "type": "Feature",
      "properties": {
        "@id": "node/4356677697",
        "name": "Old School Museum",
        "source": "NSW LPI Base Map",
        "source:date": "2016-08",
        "tourism": "museum"
      },
      "geometry": {
        "type": "Point",
        "coordinates": [
          149.9119803,
          -36.8862367
        ]
      },
      "id": "node/4356677697"
    },
    {
      "type": "Feature",
      "properties": {
        "@id": "node/4356677698",
        "name": "Paterson Rail Motor Society",
        "source": "NSW LPI Base Map",
        "source:date": "2016-08",
        "tourism": "museum"
      },
      "geometry": {
        "type": "Point",
        "coordinates": [
          151.6145953,
          -32.6020755
        ]
      },
      "id": "node/4356677698"
    },
    {
      "type": "Feature",
      "properties": {
        "@id": "node/4356677699",
        "fee": "yes",
        "name": "Peppin Heritage Centre",
        "source": "NSW LPI Base Map",
        "source:date": "2016-08",
        "tourism": "museum"
      },
      "geometry": {
        "type": "Point",
        "coordinates": [
          144.9644315,
          -35.5282169
        ]
      },
      "id": "node/4356677699"
    },
    {
      "type": "Feature",
      "properties": {
        "@id": "node/4356677700",
        "name": "Quirindi Rural Heritage Village",
        "source": "NSW LPI Base Map",
        "source:date": "2016-08",
        "tourism": "museum"
      },
      "geometry": {
        "type": "Point",
        "coordinates": [
          150.6544566,
          -31.5143468
        ]
      },
      "id": "node/4356677700"
    },
    {
      "type": "Feature",
      "properties": {
        "@id": "node/4356677701",
        "name": "Richmond River Historical Society",
        "source": "NSW LPI Base Map",
        "source:date": "2016-08",
        "tourism": "museum"
      },
      "geometry": {
        "type": "Point",
        "coordinates": [
          153.27452,
          -28.8101967
        ]
      },
      "id": "node/4356677701"
    },
    {
      "type": "Feature",
      "properties": {
        "@id": "node/4356677703",
        "name": "Schaeffer House Museum",
        "source": "NSW LPI Base Map",
        "source:date": "2016-08",
        "tourism": "museum"
      },
      "geometry": {
        "type": "Point",
        "coordinates": [
          152.928236,
          -29.6876746
        ]
      },
      "id": "node/4356677703"
    },
    {
      "type": "Feature",
      "properties": {
        "@id": "node/4356677704",
        "name": "Squatters Rest Private Museum Image Squatters Rest",
        "source": "NSW LPI Base Map",
        "source:date": "2016-08",
        "tourism": "museum"
      },
      "geometry": {
        "type": "Point",
        "coordinates": [
          153.1159271,
          -29.662044
        ]
      },
      "id": "node/4356677704"
    },
    {
      "type": "Feature",
      "properties": {
        "@id": "node/4356677706",
        "fee": "yes",
        "name": "The Headland Historical Museum",
        "opening_hours": "We,Sa,Su 14:00-16:00",
        "source": "NSW LPI Base Map",
        "source:date": "2016-08",
        "tourism": "museum"
      },
      "geometry": {
        "type": "Point",
        "coordinates": [
          153.0139124,
          -30.6386312
        ]
      },
      "id": "node/4356677706"
    },
    {
      "type": "Feature",
      "properties": {
        "@id": "node/4356677708",
        "name": "The Shed Gallery",
        "source": "NSW LPI Base Map",
        "source:date": "2016-08",
        "tourism": "museum"
      },
      "geometry": {
        "type": "Point",
        "coordinates": [
          153.2771384,
          -29.3778699
        ]
      },
      "id": "node/4356677708"
    },
    {
      "type": "Feature",
      "properties": {
        "@id": "node/4356677709",
        "name": "The Viv Kable Museum",
        "source": "NSW LPI Base Map",
        "source:date": "2016-08",
        "tourism": "museum"
      },
      "geometry": {
        "type": "Point",
        "coordinates": [
          149.2552845,
          -33.5338481
        ]
      },
      "id": "node/4356677709"
    },
    {
      "type": "Feature",
      "properties": {
        "@id": "node/4356677710",
        "name": "Tuggeranong Schoolhouse Museum",
        "source": "LPI Base Map Aug 2016",
        "tourism": "museum"
      },
      "geometry": {
        "type": "Point",
        "coordinates": [
          149.1309005,
          -35.4216645
        ]
      },
      "id": "node/4356677710"
    },
    {
      "type": "Feature",
      "properties": {
        "@id": "node/4356677711",
        "name": "Tweed River Historical Museum",
        "source": "NSW LPI Base Map",
        "source:date": "2016-08",
        "tourism": "museum"
      },
      "geometry": {
        "type": "Point",
        "coordinates": [
          153.3954795,
          -28.3256215
        ]
      },
      "id": "node/4356677711"
    },
    {
      "type": "Feature",
      "properties": {
        "@id": "node/4356677712",
        "name": "Walcha Pioneer Cottage And Museum Complex",
        "source": "NSW LPI Base Map",
        "source:date": "2016-08",
        "tourism": "museum"
      },
      "geometry": {
        "type": "Point",
        "coordinates": [
          151.5941603,
          -30.9797102
        ]
      },
      "id": "node/4356677712"
    },
    {
      "type": "Feature",
      "properties": {
        "@id": "node/4356677713",
        "name": "White's Mineral Art And Living Museum",
        "source": "NSW LPI Base Map",
        "source:date": "2016-08",
        "tourism": "museum"
      },
      "geometry": {
        "type": "Point",
        "coordinates": [
          141.4331936,
          -31.9568709
        ]
      },
      "id": "node/4356677713"
    },
    {
      "type": "Feature",
      "properties": {
        "@id": "node/4356677715",
        "fee": "yes",
        "name": "Yanco Powerhouse Museum",
        "source": "NSW LPI Base Map",
        "source:date": "2016-08",
        "tourism": "museum",
        "website": "https://yphm.org.au/"
      },
      "geometry": {
        "type": "Point",
        "coordinates": [
          146.4070304,
          -34.6025204
        ]
      },
      "id": "node/4356677715"
    },
    {
      "type": "Feature",
      "properties": {
        "@id": "node/4356677717",
        "source": "NSW LPI Base Map",
        "source:date": "2016-08",
        "tourism": "museum"
      },
      "geometry": {
        "type": "Point",
        "coordinates": [
          148.9976997,
          -28.9794428
        ]
      },
      "id": "node/4356677717"
    },
    {
      "type": "Feature",
      "properties": {
        "@id": "node/4356677724",
        "addr:housenumber": "35",
        "addr:state": "NSW",
        "addr:street": "Marsden Street",
        "addr:suburb": "Boorowa",
        "name": "Boorowa Historical Museum",
        "source": "NSW LPI Base Map",
        "source:date": "2016-08",
        "tourism": "museum",
        "website": "https://boorowamuseum.wordpress.com/our-museum-building/",
        "wikidata": "Q124628149"
      },
      "geometry": {
        "type": "Point",
        "coordinates": [
          148.7166017,
          -34.4382019
        ]
      },
      "id": "node/4356677724"
    },
    {
      "type": "Feature",
      "properties": {
        "@id": "node/4374907055",
        "museum": "history",
        "name": "Calthorpes House",
        "opening_hours": "Sa 13:00-16:00",
        "source": "LPI Base Map Aug 2016",
        "tourism": "museum",
        "website": "https://www.nationaltrust.org.au/places/calthorpes-house/"
      },
      "geometry": {
        "type": "Point",
        "coordinates": [
          149.121268,
          -35.3264995
        ]
      },
      "id": "node/4374907055"
    },
    {
      "type": "Feature",
      "properties": {
        "@id": "node/4374907068",
        "addr:housenumber": "235",
        "addr:postcode": "2444",
        "addr:state": "NSW",
        "addr:street": "Oxley Highway",
        "addr:suburb": "Port Macquarie",
        "name": "Douglas Vale Historic Homestead & Vineyard",
        "source": "NSW LPI Base Map",
        "source:date": "2016-08",
        "tourism": "museum",
        "website": "https://douglasvale.com.au/"
      },
      "geometry": {
        "type": "Point",
        "coordinates": [
          152.8928598,
          -31.4368564
        ]
      },
      "id": "node/4374907068"
    },
    {
      "type": "Feature",
      "properties": {
        "@id": "node/4374907071",
        "name": "Eskbank House",
        "opening_hours": "We-Su 10:00-16:00",
        "source": "NSW LPI Base Map",
        "source:date": "2016-08",
        "tourism": "museum",
        "website": "https://eskbank.lithgow.com"
      },
      "geometry": {
        "type": "Point",
        "coordinates": [
          150.165632,
          -33.4771942
        ]
      },
      "id": "node/4374907071"
    },
    {
      "type": "Feature",
      "properties": {
        "@id": "node/4397054503",
        "tourism": "museum"
      },
      "geometry": {
        "type": "Point",
        "coordinates": [
          145.4421828,
          -36.0924291
        ]
      },
      "id": "node/4397054503"
    },
    {
      "type": "Feature",
      "properties": {
        "@id": "node/4412155491",
        "addr:housenumber": "107",
        "addr:postcode": "7120",
        "addr:state": "TAS",
        "addr:street": "High Street",
        "addr:suburb": "Oatlands",
        "email": "bowsden@Hotmail.com",
        "name": "Oatlands History Room",
        "name:en": "Oatlands History Room",
        "opening_hours": "Mo-Su 10:30-16:00",
        "phone": "+61 3 6254 0021",
        "tourism": "museum"
      },
      "geometry": {
        "type": "Point",
        "coordinates": [
          147.3777259,
          -42.2980374
        ]
      },
      "id": "node/4412155491"
    },
    {
      "type": "Feature",
      "properties": {
        "@id": "node/4457115693",
        "name": "Tandanya National Aboriginal Cultural Institute",
        "name:en": "Tandanya Aboriginal Cultural Centre",
        "tourism": "museum",
        "wikidata": "Q7682408",
        "wikipedia": "en:Tandanya National Aboriginal Cultural Institute"
      },
      "geometry": {
        "type": "Point",
        "coordinates": [
          138.6104338,
          -34.9239878
        ]
      },
      "id": "node/4457115693"
    },
    {
      "type": "Feature",
      "properties": {
        "@id": "node/4469617901",
        "fee": "yes",
        "name": "The Australian Sports Museum",
        "old_name": "The National Sport Museum",
        "opening_hours": "Mo-Su 10:00-17:00",
        "tourism": "museum",
        "website": "https://www.australiansportsmuseum.org.au/",
        "wikidata": "Q4315039"
      },
      "geometry": {
        "type": "Point",
        "coordinates": [
          144.9843496,
          -37.8188712
        ]
      },
      "id": "node/4469617901"
    },
    {
      "type": "Feature",
      "properties": {
        "@id": "node/4505793924",
        "fee": "donation",
        "museum": "history",
        "name": "Old Post Office Museum",
        "opening_hours": "Su,PH 13:30-16:30",
        "operator": "Mornington & District Historical Society",
        "operator:type": "community",
        "tourism": "museum",
        "website": "https://morningtondistricthistory.org.au/"
      },
      "geometry": {
        "type": "Point",
        "coordinates": [
          145.0361578,
          -38.2162407
        ]
      },
      "id": "node/4505793924"
    },
    {
      "type": "Feature",
      "properties": {
        "@id": "node/4518276721",
        "addr:housenumber": "13",
        "addr:postcode": "2170",
        "addr:state": "NSW",
        "addr:street": "Birkdale Crescent",
        "addr:suburb": "Liverpool",
        "museum": "history",
        "name": "Collingwood House",
        "operator": "Liverpool City Council",
        "operator:type": "government",
        "tourism": "museum",
        "website": "https://www.liverpool.nsw.gov.au/venues/places-to-visit/collingwood-house"
      },
      "geometry": {
        "type": "Point",
        "coordinates": [
          150.9186534,
          -33.9343414
        ]
      },
      "id": "node/4518276721"
    },
    {
      "type": "Feature",
      "properties": {
        "@id": "node/4613245189",
        "description": "Also open on public & school holidays",
        "name": "Foster Historical Museum",
        "name:en": "Foster Historical Museum",
        "opening_hours": "Sa, Su 11:00-15:00",
        "tourism": "museum"
      },
      "geometry": {
        "type": "Point",
        "coordinates": [
          146.1998642,
          -38.6511607
        ]
      },
      "id": "node/4613245189"
    },
    {
      "type": "Feature",
      "properties": {
        "@id": "node/4706228990",
        "name": "Replica of the original police station",
        "name:en": "Replica of the original police station",
        "opening_hours": "We-Th, Sa-Su 12:00-15:00",
        "phone": "+61 438 594 633",
        "tourism": "museum"
      },
      "geometry": {
        "type": "Point",
        "coordinates": [
          145.7483564,
          -37.5105791
        ]
      },
      "id": "node/4706228990"
    },
    {
      "type": "Feature",
      "properties": {
        "@id": "node/4729114813",
        "addr:postcode": "4650",
        "addr:street": "Wharf Street",
        "addr:suburb": "Maryborough",
        "name": "Maryborough Bond Store Museum",
        "tourism": "museum"
      },
      "geometry": {
        "type": "Point",
        "coordinates": [
          152.7058021,
          -25.5386886
        ]
      },
      "id": "node/4729114813"
    },
    {
      "type": "Feature",
      "properties": {
        "@id": "node/4733321526",
        "addr:housenumber": "29",
        "addr:postcode": "2118",
        "addr:street": "Woodstock Road",
        "name": "Waterfall Art Gallery",
        "tourism": "museum"
      },
      "geometry": {
        "type": "Point",
        "coordinates": [
          151.046512,
          -33.770789
        ]
      },
      "id": "node/4733321526"
    },
    {
      "type": "Feature",
      "properties": {
        "@id": "node/4738408961",
        "name": "History and Craft Centre",
        "tourism": "museum"
      },
      "geometry": {
        "type": "Point",
        "coordinates": [
          146.8395477,
          -19.1769699
        ]
      },
      "id": "node/4738408961"
    },
    {
      "type": "Feature",
      "properties": {
        "@id": "node/4739385421",
        "addr:housenumber": "42",
        "addr:postcode": "5680",
        "addr:street": "Montgomerie Terrace",
        "description": "The 1901 school building displays various collections including the 'Both Iron Lung', and memorabilia.",
        "name": "Streaky Bay National Trust Museum",
        "opening_hours": "Tu,Fr 13:30-16:00; Sa 09:00-12:00",
        "operator": "National Trust of South Australia",
        "phone": "+61 427 277 025",
        "tourism": "museum",
        "website": "https://www.nationaltrust.org.au/places/streaky-bay-museum/",
        "wheelchair": "yes"
      },
      "geometry": {
        "type": "Point",
        "coordinates": [
          134.2130279,
          -32.7980204
        ]
      },
      "id": "node/4739385421"
    },
    {
      "type": "Feature",
      "properties": {
        "@id": "node/4739385422",
        "addr:housenumber": "5",
        "addr:postcode": "5605",
        "addr:street": "West Terrace",
        "description": "The Tumby Bay Branch Museum is housed in a circa 1950's pre-fabricated school building.",
        "name": "Tumby Bay National Trust Museum",
        "note": "Adult $5.00, Children $1.00",
        "opening_hours": "Tu-Th 10:00-17:00; Mo,Fr,Su 14:00-16:00; Sa 10:00-12:00 || \"when open sign is displayed or by request\"",
        "operator": "National Trust",
        "phone": "+61 428 350 670",
        "tourism": "museum",
        "website": "https://www.nationaltrust.org.au/places/tumby-bay-branch-museum/"
      },
      "geometry": {
        "type": "Point",
        "coordinates": [
          136.100795,
          -34.371937
        ]
      },
      "id": "node/4739385422"
    },
    {
      "type": "Feature",
      "properties": {
        "@id": "node/4739385521",
        "addr:housenumber": "36",
        "addr:street": "Macdonnell Street",
        "description": "Three-storied flour mill 1866 built by Smith and Agar for David Simpson.",
        "name": "The Sheeps Back National Trust Museum",
        "note": "Adults $7.00, Concession $6.00,Children $3.00, Family $17.00, Groups $6.00 per person",
        "opening_hours": "Mo-Fr 09:00-17:00; Sa-Su,PH 10:00-16:00; Jun-Aug Mo-Su,PH 10:00-16:00; Dec 25 off; easter -2 days off",
        "operator": "National Trust of South Australia",
        "phone": "+61 8 8762 1399",
        "tourism": "museum",
        "website": "https://www.nationaltrust.org.au/places/the-sheeps-back-museum/",
        "wheelchair": "yes"
      },
      "geometry": {
        "type": "Point",
        "coordinates": [
          140.735379,
          -36.9553805
        ]
      },
      "id": "node/4739385521"
    },
    {
      "type": "Feature",
      "properties": {
        "@id": "node/4740878012",
        "addr:housenumber": "61",
        "addr:postcode": "5172",
        "addr:street": "High Street",
        "addr:suburb": "Willunga",
        "description": "Built from 1855 to 1872 , initially used as a female immigration depot in 1855. The Heritage-listed Courthouse complex (with cells, stable and police residence) was built from 1855 to 1872 and stands in a picturesque setting by a creek.",
        "email": "willunganationaltrust@gmail.com",
        "name": "Willunga Courthouse National Trust Museum",
        "note": "Adults $5.00, Concession $4.00 Children (accompanied by adult) free Children (unaccompanied) $1.00 National Trust members free (Admission includes Slate Museum). opening_hours based on https://willungantsa.au/museums/",
        "opening_hours": "Sa[1],Su[3] 13:00-16:00; Jun-Aug off",
        "operator": "National Trust",
        "phone": "+61 8 8556 2195",
        "tourism": "museum",
        "website": "https://www.nationaltrust.org.au/places/willunga-courthouse-museum/"
      },
      "geometry": {
        "type": "Point",
        "coordinates": [
          138.5606253,
          -35.2749888
        ]
      },
      "id": "node/4740878012"
    },
    {
      "type": "Feature",
      "properties": {
        "@id": "node/4740887585",
        "addr:housenumber": "61",
        "addr:postcode": "5172",
        "addr:street": "High Street",
        "addr:suburb": "Willunga",
        "description": "The Willunga Slate Museum is part of the old Willunga Courthouse and Police Station complex. The Willunga Slate Museum is housed in the police stables of the old Willunga Courthouse and Police Station complex, which also houses the Willunga Courthouse.",
        "name": "Willunga Slate National Trust Museum",
        "note": "Adults $5.00, Concession $4.00 Children (accompanied by adult) free Child (unaccompanied) $1.00 National Trust members free (Admission includes Courthouse Museum)",
        "operator": "National Trust",
        "tourism": "museum",
        "website": "https://www.nationaltrust.org.au/places/willunga-slate-museum/"
      },
      "geometry": {
        "type": "Point",
        "coordinates": [
          138.5610437,
          -35.2751382
        ]
      },
      "id": "node/4740887585"
    },
    {
      "type": "Feature",
      "properties": {
        "@id": "node/4740906393",
        "addr:postcode": "5212",
        "addr:street": "Henry Street",
        "addr:suburb": "Port Elliot",
        "description": "The 1853 railway station is an exposed timber frame building featuring steeply pitched, corrugated-iron roof. The original tramway extended directly onto the jetty at Horseshoe Bay and in 1865 a new stone passenger station was constructed.",
        "name": "Port Elliot Railway Station - National Trust",
        "opening_hours": "We,Su 10:00-16:00; SH 10:00-16:00",
        "operator": "National Trust",
        "phone": "+61 8 8554 2024",
        "tourism": "museum"
      },
      "geometry": {
        "type": "Point",
        "coordinates": [
          138.6804949,
          -35.5327304
        ]
      },
      "id": "node/4740906393"
    },
    {
      "type": "Feature",
      "properties": {
        "@id": "node/4740935521",
        "addr:postcode": "5051",
        "addr:street": "Winns Road",
        "addr:suburb": "Coromandel Valley",
        "description": "Winn's Bakehouse is a comprehensive museum depicting valley life from 1837.",
        "name": "Winns Bakehouse - National Trust",
        "note": "Adults $2.00, Children $1.00, Family $4.00.Groups Special rates on application. Tours: Guided and school tours are available by prior appointment",
        "opening_hours": "Su[3] 14:00-16:00; Dec-Jan off",
        "operator": "National Trust",
        "tourism": "museum",
        "website": "https://www.nationaltrust.org.au/places/winns-bakehouse/"
      },
      "geometry": {
        "type": "Point",
        "coordinates": [
          138.6233596,
          -35.0363256
        ]
      },
      "id": "node/4740935521"
    },
    {
      "type": "Feature",
      "properties": {
        "@id": "node/4740943848",
        "addr:housenumber": "3",
        "addr:street": "Edgeware Road",
        "description": "Built by Adelaide architect Eric McMichael from plans drawn up in London in 1937-39.",
        "fee": "yes",
        "name": "Stangate House and Garden - National Trust",
        "opening_hours:url": "https://www.nationaltrust.org.au/event/open-day-at-stangate-house-garden/",
        "operator": "National Trust",
        "phone": "+61 408 081 124",
        "tourism": "museum",
        "website": "https://www.nationaltrust.org.au/places/stangate-house-and-garden/",
        "wikidata": "Q7598828"
      },
      "geometry": {
        "type": "Point",
        "coordinates": [
          138.7323633,
          -35.015701
        ]
      },
      "id": "node/4740943848"
    },
    {
      "type": "Feature",
      "properties": {
        "@id": "node/4740951745",
        "addr:housenumber": "1",
        "addr:postcode": "5255",
        "addr:street": "Rankine Street",
        "addr:suburb": "Strathalbyn",
        "description": "Strathalbyn's old police station built in 1858 and features attached courthouse built in 1867",
        "name": "Strathalbyn Police Station and Courthouse Museum - National Trust",
        "note": "Adult $6.00 Concession $4.00 Children 6-15 $2.00 Children under 5 Free",
        "opening_hours": "Sa-Su 13:30-16:00",
        "operator": "National Trust",
        "phone": "+61 8 8536 2656",
        "tourism": "museum",
        "website": "https://www.nationaltrust.org.au/places/strathalbyn-police-station-and-courthouse-museum/",
        "wheelchair": "yes"
      },
      "geometry": {
        "type": "Point",
        "coordinates": [
          138.8930834,
          -35.2599591
        ]
      },
      "id": "node/4740951745"
    },
    {
      "type": "Feature",
      "properties": {
        "@id": "node/4740953382",
        "addr:postcode": "5277",
        "addr:street": "Petticoat Lane",
        "addr:suburb": "Penola",
        "description": "Built early in 1850 of blackwood slabs and a bark roof out of timber from the banks of a nearby swamp.",
        "name": "Sharam Cottages - National Trust",
        "opening_hours": "Mo-Su",
        "operator": "National Trust",
        "phone": "+61 8 8737 2152",
        "tourism": "museum",
        "website": "https://www.nationaltrust.org.au/places/sharam-cottages/"
      },
      "geometry": {
        "type": "Point",
        "coordinates": [
          140.8411869,
          -37.3790628
        ]
      },
      "id": "node/4740953382"
    },
    {
      "type": "Feature",
      "properties": {
        "@id": "node/4742528759",
        "addr:postcode": "5267",
        "addr:street": "Heritage Street",
        "addr:suburb": "Keith",
        "check_date": "2025-10-08",
        "description": "The 1910 Church, formerly the Congregational Church was built from local limestone by the Church parishioners.",
        "name": "Keith 1910 Congregational Church",
        "note": "Admission by gold coin donation",
        "opening_hours": "\"by appointment\"",
        "operator": "National Trust",
        "phone": "+61 8 8755 1446",
        "tourism": "museum",
        "website": "https://www.nationaltrust.org.au/places/keith-1910-congregational-church/"
      },
      "geometry": {
        "type": "Point",
        "coordinates": [
          140.3542818,
          -36.0980781
        ]
      },
      "id": "node/4742528759"
    },
    {
      "type": "Feature",
      "properties": {
        "@id": "node/4742537766",
        "addr:postcode": "5491",
        "addr:street": "RM Williams Way",
        "addr:suburb": "Jamestown",
        "description": "Built in 1885 the Museum collection reflects the way of life of farming and town families.",
        "name": "Jamestown Railway Station Museum-National Trust",
        "note": "Adults $8.00 Children $2.00",
        "opening_hours": "Mo-Sa 09:30-14:30 \"open most days\"; Su off; easter -2 days off; Dec 25 off; Apr 25 off",
        "operator": "National Trust",
        "phone": "+61 402 304 965",
        "tourism": "museum",
        "website": "https://www.nationaltrust.org.au/places/jamestown-railway-station-museum/"
      },
      "geometry": {
        "type": "Point",
        "coordinates": [
          138.6057225,
          -33.2009228
        ]
      },
      "id": "node/4742537766"
    },
    {
      "type": "Feature",
      "properties": {
        "@id": "node/4744496761",
        "addr:housenumber": "7",
        "addr:postcode": "5554",
        "addr:street": "Matta Road",
        "description": "Matta House built in 1863 as the residence of the Manager of Matta Matta Mine.",
        "name": "Matta House-National Trust",
        "note": "Admission fee includes the Farm Shed Museum",
        "opening_hours": "Mo-Fr 09:00-17:00; Sa,Su,PH 10:00-15:30",
        "operator": "National Trust",
        "phone": "+61 439 394 735",
        "tourism": "museum",
        "website": "https://www.nationaltrust.org.au/places/matta-house/"
      },
      "geometry": {
        "type": "Point",
        "coordinates": [
          137.7059043,
          -33.9736411
        ]
      },
      "id": "node/4744496761"
    },
    {
      "type": "Feature",
      "properties": {
        "@id": "node/4756293121",
        "addr:housenumber": "19",
        "addr:street": "Eastern Road",
        "name": "Macquarie University Art Gallery",
        "name:zh": "麥考瑞大學藝術館",
        "opening_hours": "Mo-Fr 10:00-17:00",
        "tourism": "museum",
        "website": "https://www.mq.edu.au/about/facilities/museums-collections/macquarie-university-art-gallery"
      },
      "geometry": {
        "type": "Point",
        "coordinates": [
          151.1151231,
          -33.7725373
        ]
      },
      "id": "node/4756293121"
    },
    {
      "type": "Feature",
      "properties": {
        "@id": "node/4799669412",
        "check_date": "2025-11-06",
        "fee": "yes",
        "name": "Madame Tussauds Sydney",
        "name:en": "Madame Tussauds Sydney",
        "name:zh": "杜莎夫人蠟像館",
        "tourism": "museum",
        "wheelchair": "yes",
        "wikidata": "Q22271907"
      },
      "geometry": {
        "type": "Point",
        "coordinates": [
          151.2016549,
          -33.8697254
        ]
      },
      "id": "node/4799669412"
    },
    {
      "type": "Feature",
      "properties": {
        "@id": "node/4800460090",
        "abandoned:tourism": "theme_park",
        "addr:state": "NSW",
        "museum": "history",
        "name": "Old Sydney Town",
        "tourism": "museum"
      },
      "geometry": {
        "type": "Point",
        "coordinates": [
          151.2772734,
          -33.421531
        ]
      },
      "id": "node/4800460090"
    },
    {
      "type": "Feature",
      "properties": {
        "@id": "node/4809514722",
        "name": "Axel Stenross Maritime Museum",
        "tourism": "museum"
      },
      "geometry": {
        "type": "Point",
        "coordinates": [
          135.8544656,
          -34.7045438
        ]
      },
      "id": "node/4809514722"
    },
    {
      "type": "Feature",
      "properties": {
        "@id": "node/4842838841",
        "fee": "yes",
        "name": "The Pumping Station",
        "tourism": "museum"
      },
      "geometry": {
        "type": "Point",
        "coordinates": [
          144.8947042,
          -37.8316794
        ]
      },
      "id": "node/4842838841"
    },
    {
      "type": "Feature",
      "properties": {
        "@id": "node/4923247862",
        "name": "Burra Railway Station",
        "tourism": "museum"
      },
      "geometry": {
        "type": "Point",
        "coordinates": [
          138.9195679,
          -33.6741669
        ]
      },
      "id": "node/4923247862"
    },
    {
      "type": "Feature",
      "properties": {
        "@id": "node/4958011278",
        "description": "home to Motor Vehicle Enthusiasts Club.",
        "fee": "no",
        "name": "1934 Qantas Hangar",
        "opening_hours": "Mo-Fr 09:00-16:00; Sa 09:00-12:00; Su off",
        "tourism": "museum"
      },
      "geometry": {
        "type": "Point",
        "coordinates": [
          130.8419755,
          -12.4299188
        ]
      },
      "id": "node/4958011278"
    },
    {
      "type": "Feature",
      "properties": {
        "@id": "node/4978486454",
        "addr:housenumber": "419",
        "addr:street": "Newman Road",
        "name": "Indian Motocycles Museum",
        "tourism": "museum"
      },
      "geometry": {
        "type": "Point",
        "coordinates": [
          153.0487205,
          -27.3658074
        ]
      },
      "id": "node/4978486454"
    },
    {
      "type": "Feature",
      "properties": {
        "@id": "node/5085103408",
        "fee": "no",
        "name": "Mount Gambier RSL War Museum",
        "tourism": "museum"
      },
      "geometry": {
        "type": "Point",
        "coordinates": [
          140.7812211,
          -37.8313086
        ]
      },
      "id": "node/5085103408"
    },
    {
      "type": "Feature",
      "properties": {
        "@id": "node/5149456590",
        "name": "Cape Borda Museum",
        "operator": "National Parks",
        "tourism": "museum"
      },
      "geometry": {
        "type": "Point",
        "coordinates": [
          136.5936774,
          -35.7525012
        ]
      },
      "id": "node/5149456590"
    },
    {
      "type": "Feature",
      "properties": {
        "@id": "node/5201866224",
        "fee": "no",
        "name": "Sciencentre",
        "opening_hours": "Mo-Su 09:30-17:00",
        "operator": "Queensland Museum",
        "tourism": "museum",
        "wheelchair": "yes"
      },
      "geometry": {
        "type": "Point",
        "coordinates": [
          153.0184223,
          -27.473298
        ]
      },
      "id": "node/5201866224"
    },
    {
      "type": "Feature",
      "properties": {
        "@id": "node/5248632109",
        "fee": "no",
        "name": "Monash Federation Centre",
        "phone": "+61 3 9563 2823",
        "tourism": "museum"
      },
      "geometry": {
        "type": "Point",
        "coordinates": [
          145.0885183,
          -37.8983274
        ]
      },
      "id": "node/5248632109"
    },
    {
      "type": "Feature",
      "properties": {
        "@id": "node/5249400556",
        "museum": "sport",
        "name": "Surf World",
        "phone": "+61 7 5525 6380",
        "tourism": "museum",
        "website": "https://www.surfworldgoldcoast.com.au/"
      },
      "geometry": {
        "type": "Point",
        "coordinates": [
          153.4876537,
          -28.1354686
        ]
      },
      "id": "node/5249400556"
    },
    {
      "type": "Feature",
      "properties": {
        "@id": "node/5264835362",
        "name": "Railway Museum",
        "opening_hours": "09:00-12:00",
        "tourism": "museum"
      },
      "geometry": {
        "type": "Point",
        "coordinates": [
          147.5285191,
          -34.4462095
        ]
      },
      "id": "node/5264835362"
    },
    {
      "type": "Feature",
      "properties": {
        "@id": "node/5334046021",
        "fee": "no",
        "name": "Reserve Bank of Australia Museum",
        "opening_hours": "Mo-Fr 10:00-16:00",
        "tourism": "museum",
        "website": "https://museum.rba.gov.au/"
      },
      "geometry": {
        "type": "Point",
        "coordinates": [
          151.21196,
          -33.8680966
        ]
      },
      "id": "node/5334046021"
    },
    {
      "type": "Feature",
      "properties": {
        "@id": "node/5388308591",
        "name": "Mordialloc Historical Museum",
        "tourism": "museum"
      },
      "geometry": {
        "type": "Point",
        "coordinates": [
          145.0641834,
          -37.9831013
        ]
      },
      "id": "node/5388308591"
    },
    {
      "type": "Feature",
      "properties": {
        "@id": "node/5401067976",
        "addr:housenumber": "630",
        "addr:postcode": "3004",
        "addr:state": "VIC",
        "addr:street": "St Kilda Road",
        "addr:suburb": "Melbourne",
        "name": "Geoffrey Kaye Museum of Anaesthetic History",
        "opening_hours": "Mo-Fr 10:00-16:00",
        "phone": "+61 3 8517 5309",
        "tourism": "museum",
        "url": "www.geoffreykayemuseum.org.au/",
        "website": "https://www.geoffreykayemuseum.org.au/"
      },
      "geometry": {
        "type": "Point",
        "coordinates": [
          144.9813849,
          -37.8538964
        ]
      },
      "id": "node/5401067976"
    },
    {
      "type": "Feature",
      "properties": {
        "@id": "node/5549093921",
        "check_date:opening_hours": "2022-06-25",
        "fee": "no",
        "museum_type": "municipal",
        "name": "Wonthaggi & District Historical Museum",
        "name:en": "Wonthaggi & District Historical Museum",
        "opening_hours": "Sa 11:00-13:00",
        "tourism": "museum"
      },
      "geometry": {
        "type": "Point",
        "coordinates": [
          145.5909382,
          -38.6041062
        ]
      },
      "id": "node/5549093921"
    },
    {
      "type": "Feature",
      "properties": {
        "@id": "node/5636754527",
        "description": "Only open on special occasions.",
        "name": "ARHS Museum",
        "note": "https://www.dowerin.wa.gov.au/history-of-the-project.aspx\nWas more than 10 years ago.",
        "tourism": "museum"
      },
      "geometry": {
        "type": "Point",
        "coordinates": [
          117.1827545,
          -31.137135
        ]
      },
      "id": "node/5636754527"
    },
    {
      "type": "Feature",
      "properties": {
        "@id": "node/5645767787",
        "name": "Dargo Museum",
        "tourism": "museum"
      },
      "geometry": {
        "type": "Point",
        "coordinates": [
          147.254964,
          -37.4616891
        ]
      },
      "id": "node/5645767787"
    },
    {
      "type": "Feature",
      "properties": {
        "@id": "node/5679352551",
        "name": "Waratah Museum",
        "tourism": "museum"
      },
      "geometry": {
        "type": "Point",
        "coordinates": [
          145.5310006,
          -41.4440726
        ]
      },
      "id": "node/5679352551"
    },
    {
      "type": "Feature",
      "properties": {
        "@id": "node/5692109927",
        "fee": "no",
        "museum": "local_history",
        "name": "Bay Discovery Centre",
        "opening_hours": "Mo-Su 10:00-16:00",
        "tourism": "museum",
        "website": "https://www.holdfast.sa.gov.au/BDC"
      },
      "geometry": {
        "type": "Point",
        "coordinates": [
          138.5113256,
          -34.9801371
        ]
      },
      "id": "node/5692109927"
    },
    {
      "type": "Feature",
      "properties": {
        "@id": "node/5721524955",
        "name": "Camden Museum",
        "tourism": "museum"
      },
      "geometry": {
        "type": "Point",
        "coordinates": [
          150.6954766,
          -34.0535712
        ]
      },
      "id": "node/5721524955"
    },
    {
      "type": "Feature",
      "properties": {
        "@id": "node/5724989221",
        "fee": "no",
        "level": "1;2;3",
        "name": "Koorie Heritage Trust",
        "opening_hours": "Mo-Su 10:00-17:00; PH closed",
        "phone": "+61 3 8662 6300",
        "tourism": "museum",
        "website": "https://kht.org.au/",
        "wikidata": "Q53700558"
      },
      "geometry": {
        "type": "Point",
        "coordinates": [
          144.969102,
          -37.8181571
        ]
      },
      "id": "node/5724989221"
    },
    {
      "type": "Feature",
      "properties": {
        "@id": "node/5737879621",
        "name": "Art Gallery",
        "tourism": "museum"
      },
      "geometry": {
        "type": "Point",
        "coordinates": [
          146.152484,
          -18.6523618
        ]
      },
      "id": "node/5737879621"
    },
    {
      "type": "Feature",
      "properties": {
        "@id": "node/5947768776",
        "description": "Town history 1855-1955",
        "name": "Balingup Heritage Exhibition",
        "tourism": "museum"
      },
      "geometry": {
        "type": "Point",
        "coordinates": [
          115.9839274,
          -33.7859552
        ]
      },
      "id": "node/5947768776"
    },
    {
      "type": "Feature",
      "properties": {
        "@id": "node/5990379551",
        "addr:housenumber": "6",
        "addr:postcode": "2300",
        "addr:state": "NSW",
        "addr:street": "Workshop Way",
        "addr:suburb": "Newcastle",
        "name": "Newcastle Museum",
        "name:ja": "ニューカッスル・ミュージアム",
        "opening_hours": "Tu-Su 10:00-17:00; SH Mo-Su 10:00-17:00",
        "operator": "City of Newcastle",
        "tourism": "museum",
        "website": "https://www.newcastlemuseum.com.au",
        "wheelchair": "yes"
      },
      "geometry": {
        "type": "Point",
        "coordinates": [
          151.7721985,
          -32.9261652
        ]
      },
      "id": "node/5990379551"
    },
    {
      "type": "Feature",
      "properties": {
        "@id": "node/6061448592",
        "name": "Cooper's Cottage",
        "tourism": "museum"
      },
      "geometry": {
        "type": "Point",
        "coordinates": [
          147.976743,
          -29.4289722
        ]
      },
      "id": "node/6061448592"
    },
    {
      "type": "Feature",
      "properties": {
        "@id": "node/6066198485",
        "tourism": "museum"
      },
      "geometry": {
        "type": "Point",
        "coordinates": [
          118.4883329,
          -33.9664149
        ]
      },
      "id": "node/6066198485"
    },
    {
      "type": "Feature",
      "properties": {
        "@id": "node/6118614358",
        "name": "Hermannsburg Historic Precinct",
        "tourism": "museum"
      },
      "geometry": {
        "type": "Point",
        "coordinates": [
          132.7758649,
          -23.9448147
        ]
      },
      "id": "node/6118614358"
    },
    {
      "type": "Feature",
      "properties": {
        "@id": "node/6136103685",
        "addr:postcode": "5576",
        "addr:street": "Bublacowie Road",
        "email": "bublacowie@aussiebb.com.au",
        "name": "Bublacowie Military Museum",
        "operator": "Chris Soar",
        "phone": "+61 419 853 294",
        "tourism": "museum"
      },
      "geometry": {
        "type": "Point",
        "coordinates": [
          137.610094,
          -34.9218215
        ]
      },
      "id": "node/6136103685"
    },
    {
      "type": "Feature",
      "properties": {
        "@id": "node/6202750623",
        "name": "Krowathunkoolong Keeping Place",
        "tourism": "museum"
      },
      "geometry": {
        "type": "Point",
        "coordinates": [
          147.6280975,
          -37.8298378
        ]
      },
      "id": "node/6202750623"
    },
    {
      "type": "Feature",
      "properties": {
        "@id": "node/6213165955",
        "addr:city": "Brisbane",
        "addr:housenumber": "150",
        "addr:postcode": "4017",
        "addr:street": "Rainbow Street",
        "addr:suburb": "Sandgate",
        "air_conditioning": "yes",
        "fee": "no",
        "museum": "local_history",
        "name": "Sandgate Museam",
        "opening_hours": "We,Su 10:00-15:00",
        "operator": "Sandgate Historical Society",
        "source": "Brisbane City Council",
        "source:date": "2018-12-14",
        "tourism": "museum",
        "wheelchair": "yes"
      },
      "geometry": {
        "type": "Point",
        "coordinates": [
          153.0721658,
          -27.3217041
        ]
      },
      "id": "node/6213165955"
    },
    {
      "type": "Feature",
      "properties": {
        "@id": "node/6244141006",
        "addr:housenumber": "105",
        "addr:postcode": "4870",
        "addr:street": "Lake Street",
        "fee": "yes",
        "name": "Cairns Museum",
        "opening_hours": "Mo-Sa 10:00-16:00",
        "tourism": "museum",
        "website": "https://cairnsmuseum.org.au/"
      },
      "geometry": {
        "type": "Point",
        "coordinates": [
          145.7753043,
          -16.9221921
        ]
      },
      "id": "node/6244141006"
    },
    {
      "type": "Feature",
      "properties": {
        "@id": "node/6287754218",
        "name": "Deloraine Museum",
        "tourism": "museum"
      },
      "geometry": {
        "type": "Point",
        "coordinates": [
          146.6512747,
          -41.5236558
        ]
      },
      "id": "node/6287754218"
    },
    {
      "type": "Feature",
      "properties": {
        "@id": "node/6294895809",
        "name": "Carnaby's Collection",
        "opening_hours": "Mo-Fr 10:00-16:00",
        "tourism": "museum"
      },
      "geometry": {
        "type": "Point",
        "coordinates": [
          116.3885721,
          -33.8332105
        ]
      },
      "id": "node/6294895809"
    },
    {
      "type": "Feature",
      "properties": {
        "@id": "node/6303017585",
        "fee": "yes",
        "name": "Albany‘s Historical Whaling Museum",
        "opening_hours": "Mo-Su,PH 09:00-17:00",
        "tourism": "museum"
      },
      "geometry": {
        "type": "Point",
        "coordinates": [
          117.9598472,
          -35.0947449
        ]
      },
      "id": "node/6303017585"
    },
    {
      "type": "Feature",
      "properties": {
        "@id": "node/6326631386",
        "addr:postcode": "2033",
        "fee": "no",
        "name": "The Museum of Human Disease",
        "opening_hours": "\"by appointment\"",
        "tourism": "museum"
      },
      "geometry": {
        "type": "Point",
        "coordinates": [
          151.2346277,
          -33.9177179
        ]
      },
      "id": "node/6326631386"
    },
    {
      "type": "Feature",
      "properties": {
        "@id": "node/6390656091",
        "check_date:opening_hours": "2023-10-22",
        "fee": "no",
        "name": "Gatekeeper Cottage",
        "opening_hours:signed": "no",
        "tourism": "museum"
      },
      "geometry": {
        "type": "Point",
        "coordinates": [
          147.3300217,
          -42.8655735
        ]
      },
      "id": "node/6390656091"
    },
    {
      "type": "Feature",
      "properties": {
        "@id": "node/6457257746",
        "name": "Museum of Innocence Mildura",
        "tourism": "museum"
      },
      "geometry": {
        "type": "Point",
        "coordinates": [
          142.1630714,
          -34.1843284
        ]
      },
      "id": "node/6457257746"
    },
    {
      "type": "Feature",
      "properties": {
        "@id": "node/6474255727",
        "museum": "history",
        "name": "Australian Heritage Services",
        "tourism": "museum"
      },
      "geometry": {
        "type": "Point",
        "coordinates": [
          138.6075441,
          -34.9337707
        ]
      },
      "id": "node/6474255727"
    },
    {
      "type": "Feature",
      "properties": {
        "@id": "node/6512866785",
        "name": "Wheatbin Museum Machinery Precinct",
        "tourism": "museum"
      },
      "geometry": {
        "type": "Point",
        "coordinates": [
          116.6307029,
          -30.1065272
        ]
      },
      "id": "node/6512866785"
    },
    {
      "type": "Feature",
      "properties": {
        "@id": "node/6515021014",
        "addr:housenumber": "199",
        "addr:street": "Faraday Street",
        "description": "cultural museum",
        "fee": "no",
        "name": "Museo Italiano",
        "opening_hours": "Tu-Fr 09:00-17:00; Sa 12:00-17:00",
        "tourism": "museum",
        "website": "https://www.coasit.com.au/museoitaliano"
      },
      "geometry": {
        "type": "Point",
        "coordinates": [
          144.968043,
          -37.7989059
        ]
      },
      "id": "node/6515021014"
    },
    {
      "type": "Feature",
      "properties": {
        "@id": "node/6562607774",
        "addr:housenumber": "77",
        "addr:street": "Forrest Avenue",
        "name": "King Cottage",
        "opening_hours": "Mo-Su 14:00-16:00",
        "tourism": "museum"
      },
      "geometry": {
        "type": "Point",
        "coordinates": [
          115.6490019,
          -33.3411994
        ]
      },
      "id": "node/6562607774"
    },
    {
      "type": "Feature",
      "properties": {
        "@id": "node/6578445367",
        "contact:facebook": "uniofqld",
        "contact:instagram": "uniofqld",
        "contact:twitter": "uq_news",
        "email": "antiquitiesmuseum@uq.edu.au",
        "fee": "no",
        "level": "2",
        "museum": "archaeological",
        "name": "RD Milns Antiquities Museum",
        "opening_hours": "Mo-Tu 09:30-14:00; We-Fr 09:30-16:30",
        "phone": "+61 7 3365 3010",
        "tourism": "museum",
        "website": "https://antiquities-museum.uq.edu.au/",
        "wheelchair": "yes"
      },
      "geometry": {
        "type": "Point",
        "coordinates": [
          153.0118702,
          -27.4974435
        ]
      },
      "id": "node/6578445367"
    },
    {
      "type": "Feature",
      "properties": {
        "@id": "node/6578445368",
        "fee": "no",
        "name": "Physics Museum",
        "opening_hours": "Mo-Fr 09:45-16:00",
        "tourism": "museum"
      },
      "geometry": {
        "type": "Point",
        "coordinates": [
          153.0130797,
          -27.4981882
        ]
      },
      "id": "node/6578445368"
    },
    {
      "type": "Feature",
      "properties": {
        "@id": "node/6578445369",
        "fee": "no",
        "name": "Geology Museum",
        "opening_hours": "Mo-Fr 09:00-16:00",
        "tourism": "museum"
      },
      "geometry": {
        "type": "Point",
        "coordinates": [
          153.0145757,
          -27.4972715
        ]
      },
      "id": "node/6578445369"
    },
    {
      "type": "Feature",
      "properties": {
        "@id": "node/6604506121",
        "name": "Waroona Historical Society Museum",
        "note": "formerly Drakesbrook District Road Board",
        "tourism": "museum"
      },
      "geometry": {
        "type": "Point",
        "coordinates": [
          115.9225911,
          -32.8451502
        ]
      },
      "id": "node/6604506121"
    },
    {
      "type": "Feature",
      "properties": {
        "@id": "node/6654693253",
        "name": "Powder Magazine",
        "tourism": "museum"
      },
      "geometry": {
        "type": "Point",
        "coordinates": [
          144.7176088,
          -36.9258978
        ]
      },
      "id": "node/6654693253"
    },
    {
      "type": "Feature",
      "properties": {
        "@id": "node/6768325084",
        "fee": "yes",
        "name": "Das Neumann Haus",
        "tourism": "museum",
        "wheelchair": "yes"
      },
      "geometry": {
        "type": "Point",
        "coordinates": [
          152.3941228,
          -27.6316848
        ]
      },
      "id": "node/6768325084"
    },
    {
      "type": "Feature",
      "properties": {
        "@id": "node/6776040072",
        "name": "Forbes Historical Museum",
        "tourism": "museum"
      },
      "geometry": {
        "type": "Point",
        "coordinates": [
          148.0103874,
          -33.3832122
        ]
      },
      "id": "node/6776040072"
    },
    {
      "type": "Feature",
      "properties": {
        "@id": "node/6787766214",
        "addr:housenumber": "55",
        "addr:street": "Injidup Spring Road",
        "name": "Wardan Aboriginal Centre",
        "tourism": "museum"
      },
      "geometry": {
        "type": "Point",
        "coordinates": [
          115.0178185,
          -33.6995991
        ]
      },
      "id": "node/6787766214"
    },
    {
      "type": "Feature",
      "properties": {
        "@id": "node/6859892719",
        "charge": "5 AUD",
        "fee": "yes",
        "name": "Australian Road Transport Heritage Centre",
        "opening_hours": "Th-Su 10:00-15:00",
        "tourism": "museum",
        "website": "https://www.arthc.com.au"
      },
      "geometry": {
        "type": "Point",
        "coordinates": [
          148.102144,
          -35.0579297
        ]
      },
      "id": "node/6859892719"
    },
    {
      "type": "Feature",
      "properties": {
        "@id": "node/6938639052",
        "check_date:opening_hours": "2024-09-18",
        "fee": "yes",
        "name": "Shark Bay Discovery Centre",
        "opening_hours": "Mo-Fr 09:00-16:30, Sa,Su 09:00-13:00",
        "tourism": "museum",
        "wheelchair": "yes"
      },
      "geometry": {
        "type": "Point",
        "coordinates": [
          113.5350323,
          -25.9281048
        ]
      },
      "id": "node/6938639052"
    },
    {
      "type": "Feature",
      "properties": {
        "@id": "node/6956670556",
        "name": "Henry Parkes Museum",
        "tourism": "museum",
        "wheelchair": "yes"
      },
      "geometry": {
        "type": "Point",
        "coordinates": [
          148.1762794,
          -33.1199432
        ]
      },
      "id": "node/6956670556"
    },
    {
      "type": "Feature",
      "properties": {
        "@id": "node/6956681985",
        "name": "Parkes Motor Museum",
        "tourism": "museum",
        "wheelchair": "yes"
      },
      "geometry": {
        "type": "Point",
        "coordinates": [
          148.1762204,
          -33.1197169
        ]
      },
      "id": "node/6956681985"
    },
    {
      "type": "Feature",
      "properties": {
        "@id": "node/6956681989",
        "name": "The King's Castle Elvis Exhibit",
        "tourism": "museum",
        "wheelchair": "yes"
      },
      "geometry": {
        "type": "Point",
        "coordinates": [
          148.176038,
          -33.1196669
        ]
      },
      "id": "node/6956681989"
    },
    {
      "type": "Feature",
      "properties": {
        "@id": "node/6968600629",
        "addr:housenumber": "440",
        "addr:postcode": "6338",
        "addr:state": "WA",
        "addr:street": "Wellstead Road",
        "addr:town": "Bremer Bay",
        "fee": "yes",
        "name": "Wellstead Museum",
        "opening_hours": "Th-Mo 10:00-16:00",
        "tourism": "museum"
      },
      "geometry": {
        "type": "Point",
        "coordinates": [
          119.3616914,
          -34.4350695
        ]
      },
      "id": "node/6968600629"
    },
    {
      "type": "Feature",
      "properties": {
        "@id": "node/7007532485",
        "description": "$5 donation for adults",
        "fee": "donation",
        "name": "Railway Station Museum",
        "tourism": "museum"
      },
      "geometry": {
        "type": "Point",
        "coordinates": [
          113.6309566,
          -24.8752698
        ]
      },
      "id": "node/7007532485"
    },
    {
      "type": "Feature",
      "properties": {
        "@id": "node/7012510554",
        "contact:facebook": "https://www.facebook.com/wirrawayaviationmuseum/",
        "name": "Wirraway Aviation Museum",
        "tourism": "museum"
      },
      "geometry": {
        "type": "Point",
        "coordinates": [
          151.3382235,
          -32.7864627
        ]
      },
      "id": "node/7012510554"
    },
    {
      "type": "Feature",
      "properties": {
        "@id": "node/7018581083",
        "name": "Central Wandandian Public School 1911",
        "tourism": "museum"
      },
      "geometry": {
        "type": "Point",
        "coordinates": [
          150.6677395,
          -35.0344234
        ]
      },
      "id": "node/7018581083"
    },
    {
      "type": "Feature",
      "properties": {
        "@id": "node/7018601018",
        "name": "Second classroom St George's Basin Public School 1959",
        "tourism": "museum"
      },
      "geometry": {
        "type": "Point",
        "coordinates": [
          150.667441,
          -35.0344895
        ]
      },
      "id": "node/7018601018"
    },
    {
      "type": "Feature",
      "properties": {
        "@id": "node/7079137385",
        "fee": "yes",
        "name": "Royal Flying Doctor Service",
        "opening_hours": "Mo-Su 09:00-16:00; PH 10:00-15:00",
        "tourism": "museum",
        "wheelchair": "yes"
      },
      "geometry": {
        "type": "Point",
        "coordinates": [
          130.848936,
          -12.4705522
        ]
      },
      "id": "node/7079137385"
    },
    {
      "type": "Feature",
      "properties": {
        "@id": "node/7079137485",
        "fee": "yes",
        "name": "Bombing of Darwin Harbour",
        "opening_hours": "Mo-Su 09:00-15:00; PH 10:00-15:00",
        "tourism": "museum",
        "wheelchair": "yes"
      },
      "geometry": {
        "type": "Point",
        "coordinates": [
          130.849135,
          -12.4704527
        ]
      },
      "id": "node/7079137485"
    },
    {
      "type": "Feature",
      "properties": {
        "@id": "node/7089458749",
        "museum": "history",
        "name": "Gumeracha & District History Centre Inc.",
        "tourism": "museum"
      },
      "geometry": {
        "type": "Point",
        "coordinates": [
          138.8864642,
          -34.8219901
        ]
      },
      "id": "node/7089458749"
    },
    {
      "type": "Feature",
      "properties": {
        "@id": "node/7092653188",
        "museum": "history",
        "name": "Kimba and Gawler Ranges Historical Museum",
        "tourism": "museum"
      },
      "geometry": {
        "type": "Point",
        "coordinates": [
          136.4247688,
          -33.138619
        ]
      },
      "id": "node/7092653188"
    },
    {
      "type": "Feature",
      "properties": {
        "@id": "node/7123753985",
        "fee": "no",
        "name": "Opal Museum",
        "opening_hours": "Mo-Fr 10:30-17:30; Sa,Su 10:30-17:00",
        "tourism": "museum",
        "website": "https://www.nationalopal.com/opal-showrooms-museums/our-museums.html"
      },
      "geometry": {
        "type": "Point",
        "coordinates": [
          151.2089738,
          -33.8643176
        ]
      },
      "id": "node/7123753985"
    },
    {
      "type": "Feature",
      "properties": {
        "@id": "node/7123844131",
        "name": "Henry Lawson Centre",
        "tourism": "museum"
      },
      "geometry": {
        "type": "Point",
        "coordinates": [
          149.5314571,
          -32.3629793
        ]
      },
      "id": "node/7123844131"
    },
    {
      "type": "Feature",
      "properties": {
        "@id": "node/7140574190",
        "addr:housenumber": "47",
        "addr:street": "Liebelts Road",
        "email": "bayofwhalesgallery@gmail.com",
        "name": "Bay of Whales Gallery",
        "opening_hours": "We-Su 10:00-17:00",
        "operator": "Gerri Torpy",
        "phone": "+61 414 494 707",
        "tourism": "museum",
        "website": "https://brettjarrettwildlifeart.com/"
      },
      "geometry": {
        "type": "Point",
        "coordinates": [
          141.7197846,
          -38.2336644
        ]
      },
      "id": "node/7140574190"
    },
    {
      "type": "Feature",
      "properties": {
        "@id": "node/7140646495",
        "addr:street": "Nelson Bay Road",
        "amenity": "social_centre",
        "check_date": "2026-07-10",
        "fee": "no",
        "name": "Murrook Culture Centre",
        "tourism": "museum"
      },
      "geometry": {
        "type": "Point",
        "coordinates": [
          151.867393,
          -32.806546
        ]
      },
      "id": "node/7140646495"
    },
    {
      "type": "Feature",
      "properties": {
        "@id": "node/7176946197",
        "addr:housenumber": "40-42",
        "addr:street": "Bruce Neale Drive",
        "name": "Nepean Naval Museum",
        "opening_hours": "Sa-Su 13:00-15:00",
        "tourism": "museum"
      },
      "geometry": {
        "type": "Point",
        "coordinates": [
          150.6835786,
          -33.7464687
        ]
      },
      "id": "node/7176946197"
    },
    {
      "type": "Feature",
      "properties": {
        "@id": "node/7218450963",
        "name": "Sansouci Puppet Museum & Gallery",
        "tourism": "museum"
      },
      "geometry": {
        "type": "Point",
        "coordinates": [
          138.0992499,
          -32.6522368
        ]
      },
      "id": "node/7218450963"
    },
    {
      "type": "Feature",
      "properties": {
        "@id": "node/7314034130",
        "addr:housenumber": "6",
        "addr:street": "Old Northern Road",
        "name": "Cobham Hall Museum",
        "opening_hours": "Sa-Su 13:00-15:00",
        "tourism": "museum",
        "website": "https://www.wisemansinnhotel.com.au/#COBHAMHALLMUSEUM"
      },
      "geometry": {
        "type": "Point",
        "coordinates": [
          150.9857196,
          -33.3857925
        ]
      },
      "id": "node/7314034130"
    },
    {
      "type": "Feature",
      "properties": {
        "@id": "node/7318052606",
        "addr:full": "Lockyer Valley Cultural Centre",
        "addr:housenumber": "34",
        "addr:postcode": "4343",
        "addr:state": "QLD",
        "addr:street": "Lake Apex Drive",
        "addr:suburb": "Gatton",
        "contact:facebook": "https://www.facebook.com/qldtransportmuseum/",
        "fee": "yes",
        "museum": "transport",
        "name": "Queensland Transport Museum",
        "opening_hours": "Mo-Su 09:00-17:00",
        "operator": "Lockyer Valley Regional Council",
        "operator:type": "public",
        "tourism": "museum",
        "website": "https://www.luvyalockyer.com.au/queensland-transport-museum"
      },
      "geometry": {
        "type": "Point",
        "coordinates": [
          152.2692322,
          -27.5696892
        ]
      },
      "id": "node/7318052606"
    },
    {
      "type": "Feature",
      "properties": {
        "@id": "node/7555367385",
        "fixme": "500m from Gorge Rd. Where?",
        "name": "Old Survey Art Gallery",
        "tourism": "museum"
      },
      "geometry": {
        "type": "Point",
        "coordinates": [
          138.160156,
          -32.9608578
        ]
      },
      "id": "node/7555367385"
    },
    {
      "type": "Feature",
      "properties": {
        "@id": "node/7599692218",
        "addr:housenumber": "42B",
        "addr:postcode": "2621",
        "addr:state": "NSW",
        "addr:street": "Ellendon Street",
        "addr:suburb": "Bungendore",
        "fee": "no",
        "name": "Bungendore Fine Art",
        "shop": "art",
        "tourism": "museum",
        "website": "https://www.bungendorefineart.com.au/"
      },
      "geometry": {
        "type": "Point",
        "coordinates": [
          149.4407206,
          -35.2558725
        ]
      },
      "id": "node/7599692218"
    },
    {
      "type": "Feature",
      "properties": {
        "@id": "node/7632414806",
        "name": "Trackside Museum",
        "tourism": "museum"
      },
      "geometry": {
        "type": "Point",
        "coordinates": [
          117.365003,
          -34.9713761
        ]
      },
      "id": "node/7632414806"
    },
    {
      "type": "Feature",
      "properties": {
        "@id": "node/7642123348",
        "addr:housenumber": "58",
        "addr:postcode": "4410",
        "addr:state": "QLD",
        "addr:street": "High Street",
        "addr:suburb": "Jandowae",
        "museum": "history",
        "name": "The Old Nab",
        "tourism": "museum"
      },
      "geometry": {
        "type": "Point",
        "coordinates": [
          151.1099864,
          -26.7816298
        ]
      },
      "id": "node/7642123348"
    },
    {
      "type": "Feature",
      "properties": {
        "@id": "node/7749799800",
        "addr:street": "Mahony Avenue",
        "name": "Carnarvon Space & Technology Centre",
        "opening_hours": "Jan-Mar Mo-Su 10:00-14:00; Apr-Sep Mo-Su 09:00-16:00; Oct-Dec Mo-Su 10:00-14:00",
        "tourism": "museum",
        "website": "https://www.carnarvonmuseum.org.au/"
      },
      "geometry": {
        "type": "Point",
        "coordinates": [
          113.7041026,
          -24.8687499
        ]
      },
      "id": "node/7749799800"
    },
    {
      "type": "Feature",
      "properties": {
        "@id": "node/7889230181",
        "addr:postcode": "2800",
        "addr:state": "NSW",
        "addr:street": "Byng Street",
        "addr:suburb": "Orange",
        "name": "Orange Regional Museum",
        "operator": "Orange City Council",
        "tourism": "museum"
      },
      "geometry": {
        "type": "Point",
        "coordinates": [
          149.1031283,
          -33.2816709
        ]
      },
      "id": "node/7889230181"
    },
    {
      "type": "Feature",
      "properties": {
        "@id": "node/7959163038",
        "name": "Onslow Visitors Centre and Museum",
        "tourism": "museum"
      },
      "geometry": {
        "type": "Point",
        "coordinates": [
          115.1143572,
          -21.6388427
        ]
      },
      "id": "node/7959163038"
    },
    {
      "type": "Feature",
      "properties": {
        "@id": "node/8265625040",
        "tourism": "museum"
      },
      "geometry": {
        "type": "Point",
        "coordinates": [
          152.7784033,
          -26.9544089
        ]
      },
      "id": "node/8265625040"
    },
    {
      "type": "Feature",
      "properties": {
        "@id": "node/8280257699",
        "name": "Hall of History",
        "tourism": "museum"
      },
      "geometry": {
        "type": "Point",
        "coordinates": [
          152.5637364,
          -26.947476
        ]
      },
      "id": "node/8280257699"
    },
    {
      "type": "Feature",
      "properties": {
        "@id": "node/8291899936",
        "name": "Beechworth Carriage Museum",
        "tourism": "museum"
      },
      "geometry": {
        "type": "Point",
        "coordinates": [
          146.6859341,
          -36.3547154
        ]
      },
      "id": "node/8291899936"
    },
    {
      "type": "Feature",
      "properties": {
        "@id": "node/8393274183",
        "tourism": "museum"
      },
      "geometry": {
        "type": "Point",
        "coordinates": [
          146.0086109,
          -34.5685581
        ]
      },
      "id": "node/8393274183"
    },
    {
      "type": "Feature",
      "properties": {
        "@id": "node/8430911584",
        "name": "Coolamon Fire Museum",
        "tourism": "museum"
      },
      "geometry": {
        "type": "Point",
        "coordinates": [
          147.1993865,
          -34.8133918
        ]
      },
      "id": "node/8430911584"
    },
    {
      "type": "Feature",
      "properties": {
        "@id": "node/8440019502",
        "fee": "yes",
        "name": "Griffiths Sea Shell Museum",
        "tourism": "museum"
      },
      "geometry": {
        "type": "Point",
        "coordinates": [
          147.9777777,
          -37.8816338
        ]
      },
      "id": "node/8440019502"
    },
    {
      "type": "Feature",
      "properties": {
        "@id": "node/8441855331",
        "addr:housenumber": "8262",
        "addr:street": "Mundubbera - Durong Road",
        "museum": "history",
        "name": "Boondooma Homestead Museum",
        "operator": "Boondooma Museum & Heritage Association Inc.",
        "operator:type": "association",
        "phone": "+61 7 4168 0159",
        "tourism": "museum",
        "website": "https://boondoomahomestead.org.au/"
      },
      "geometry": {
        "type": "Point",
        "coordinates": [
          151.2929689,
          -26.2027968
        ]
      },
      "id": "node/8441855331"
    },
    {
      "type": "Feature",
      "properties": {
        "@id": "node/8481456849",
        "name": "Museum of Lands, Mapping and Surveying",
        "opening_hours": "Mo-Fr 09:30-16:00",
        "operator": "Queensland Government",
        "operator:type": "government",
        "tourism": "museum",
        "website": "https://www.qld.gov.au/recreation/arts/heritage/museum-of-lands",
        "wikidata": "Q60746927"
      },
      "geometry": {
        "type": "Point",
        "coordinates": [
          153.0250599,
          -27.4654316
        ]
      },
      "id": "node/8481456849"
    },
    {
      "type": "Feature",
      "properties": {
        "@id": "node/8547990386",
        "fixme": "10OCT21 Facility not complete yet, but taking visitors",
        "museum": "history",
        "name": "Eromanga Natural History Museum",
        "tourism": "museum"
      },
      "geometry": {
        "type": "Point",
        "coordinates": [
          143.2756234,
          -26.6984039
        ]
      },
      "id": "node/8547990386"
    },
    {
      "type": "Feature",
      "properties": {
        "@id": "node/8585394066",
        "heritage:operator": "Queensland Heritage Register",
        "museum": "history",
        "name": "Queens Theatre and Museum",
        "tourism": "museum",
        "wikidata": "Q28183917",
        "wikipedia": "en:Nostalgic Queen's Theatre"
      },
      "geometry": {
        "type": "Point",
        "coordinates": [
          149.1865536,
          -26.5867699
        ]
      },
      "id": "node/8585394066"
    },
    {
      "type": "Feature",
      "properties": {
        "@id": "node/8597896302",
        "name": "Zara Clark Museum",
        "tourism": "museum"
      },
      "geometry": {
        "type": "Point",
        "coordinates": [
          146.2575666,
          -20.0739806
        ]
      },
      "id": "node/8597896302"
    },
    {
      "type": "Feature",
      "properties": {
        "@id": "node/8608497746",
        "name": "Tram Museum",
        "tourism": "museum"
      },
      "geometry": {
        "type": "Point",
        "coordinates": [
          145.2464576,
          -22.9751448
        ]
      },
      "id": "node/8608497746"
    },
    {
      "type": "Feature",
      "properties": {
        "@id": "node/8613799502",
        "addr:housenumber": "35-37",
        "addr:postcode": "3140",
        "addr:state": "VIC",
        "addr:street": "Castella Street",
        "addr:suburb": "Lilydale",
        "fee": "no",
        "name": "Yarra Ranges Regional Museum",
        "opening_hours": "Mo-Tu closed; We-Su 12:00-16:00",
        "phone": "+61 3 9294 6511",
        "tourism": "museum",
        "website": "https://www.yarraranges.vic.gov.au/Experience/Yarra-Ranges-Regional-Museum"
      },
      "geometry": {
        "type": "Point",
        "coordinates": [
          145.3535324,
          -37.7558212
        ]
      },
      "id": "node/8613799502"
    },
    {
      "type": "Feature",
      "properties": {
        "@id": "node/8614200850",
        "name": "Powerhouse Museum",
        "tourism": "museum"
      },
      "geometry": {
        "type": "Point",
        "coordinates": [
          145.9792494,
          -27.2460665
        ]
      },
      "id": "node/8614200850"
    },
    {
      "type": "Feature",
      "properties": {
        "@id": "node/8636923691",
        "museum": "history",
        "name": "Beta Hut Railway Museum",
        "tourism": "museum"
      },
      "geometry": {
        "type": "Point",
        "coordinates": [
          146.6415345,
          -23.6491231
        ]
      },
      "id": "node/8636923691"
    },
    {
      "type": "Feature",
      "properties": {
        "@id": "node/8636997234",
        "museum": "history",
        "name": "Tivoli Theatre Museum",
        "phone": "+61 7 4985 1050",
        "tourism": "museum"
      },
      "geometry": {
        "type": "Point",
        "coordinates": [
          146.6416131,
          -23.6488932
        ]
      },
      "id": "node/8636997234"
    },
    {
      "type": "Feature",
      "properties": {
        "@id": "node/8654747414",
        "fee": "no",
        "name": "The Asylum",
        "tourism": "museum",
        "wheelchair": "yes"
      },
      "geometry": {
        "type": "Point",
        "coordinates": [
          147.8477311,
          -43.1487505
        ]
      },
      "id": "node/8654747414"
    },
    {
      "type": "Feature",
      "properties": {
        "@id": "node/8727081960",
        "name": "Power Up Electricity Museum",
        "tourism": "museum"
      },
      "geometry": {
        "type": "Point",
        "coordinates": [
          116.147874,
          -34.2365635
        ]
      },
      "id": "node/8727081960"
    },
    {
      "type": "Feature",
      "properties": {
        "@id": "node/8730764974",
        "name": "Old Isisford District Hospital Museum",
        "tourism": "museum"
      },
      "geometry": {
        "type": "Point",
        "coordinates": [
          144.4389788,
          -24.2609199
        ]
      },
      "id": "node/8730764974"
    },
    {
      "type": "Feature",
      "properties": {
        "@id": "node/8735321692",
        "name": "Courthouse",
        "tourism": "museum"
      },
      "geometry": {
        "type": "Point",
        "coordinates": [
          143.4745183,
          -37.0914604
        ]
      },
      "id": "node/8735321692"
    },
    {
      "type": "Feature",
      "properties": {
        "@id": "node/8735321693",
        "tourism": "museum"
      },
      "geometry": {
        "type": "Point",
        "coordinates": [
          143.4739514,
          -37.0927679
        ]
      },
      "id": "node/8735321693"
    },
    {
      "type": "Feature",
      "properties": {
        "@id": "node/8739114248",
        "addr:city": "Brisbane",
        "addr:housenumber": "8",
        "addr:postcode": "4011",
        "addr:street": "Reeve Street",
        "addr:suburb": "Clayfield",
        "name": "Telstra Museum",
        "tourism": "museum",
        "website": "https://www.telemuseum.org"
      },
      "geometry": {
        "type": "Point",
        "coordinates": [
          153.0507827,
          -27.4268338
        ]
      },
      "id": "node/8739114248"
    },
    {
      "type": "Feature",
      "properties": {
        "@id": "node/8788023892",
        "name": "Gaol Museum",
        "tourism": "museum"
      },
      "geometry": {
        "type": "Point",
        "coordinates": [
          150.7566793,
          -28.5752767
        ]
      },
      "id": "node/8788023892"
    },
    {
      "type": "Feature",
      "properties": {
        "@id": "node/8788023893",
        "name": "Railway and Agriculture",
        "tourism": "museum"
      },
      "geometry": {
        "type": "Point",
        "coordinates": [
          150.7575898,
          -28.5750264
        ]
      },
      "id": "node/8788023893"
    },
    {
      "type": "Feature",
      "properties": {
        "@id": "node/8861979687",
        "access": "permissive",
        "museum": "history",
        "name": "Holotype Collection",
        "note": "Shuttle buses go to all attractions. No private vehicles.\nAccess to cafe and gift shop does not need entry fee payment, hence permissive",
        "opening_hours": "Mo-Su 08:30-17:00",
        "operator": "Australian Age of Dinosaurs",
        "operator:type": "private_non_profit",
        "tourism": "museum",
        "website": "https://www.australianageofdinosaurs.com/"
      },
      "geometry": {
        "type": "Point",
        "coordinates": [
          143.1827256,
          -22.4791253
        ]
      },
      "id": "node/8861979687"
    },
    {
      "type": "Feature",
      "properties": {
        "@id": "node/8917818656",
        "tourism": "museum"
      },
      "geometry": {
        "type": "Point",
        "coordinates": [
          145.1213201,
          -17.6796001
        ]
      },
      "id": "node/8917818656"
    },
    {
      "type": "Feature",
      "properties": {
        "@id": "node/8940308878",
        "name": "Fordson Tractor",
        "tourism": "museum"
      },
      "geometry": {
        "type": "Point",
        "coordinates": [
          139.6354901,
          -23.6891239
        ]
      },
      "id": "node/8940308878"
    },
    {
      "type": "Feature",
      "properties": {
        "@id": "node/8953667308",
        "access": "customers",
        "museum": "history",
        "name": "March of the Titanosaurs Exhibition",
        "operator": "Australian Age of Dinosaurs Museum of Natural History",
        "operator:type": "private_non_profit",
        "tourism": "museum"
      },
      "geometry": {
        "type": "Point",
        "coordinates": [
          143.1706117,
          -22.4804334
        ]
      },
      "id": "node/8953667308"
    },
    {
      "type": "Feature",
      "properties": {
        "@id": "node/8972068653",
        "addr:street": "Quindanning-darkan Road",
        "name": "Six Mile Cottage",
        "tourism": "museum"
      },
      "geometry": {
        "type": "Point",
        "coordinates": [
          116.6699281,
          -33.2820816
        ]
      },
      "id": "node/8972068653"
    },
    {
      "type": "Feature",
      "properties": {
        "@id": "node/8974227180",
        "name": "Machiinery Display",
        "tourism": "museum"
      },
      "geometry": {
        "type": "Point",
        "coordinates": [
          144.0771884,
          -24.8831034
        ]
      },
      "id": "node/8974227180"
    },
    {
      "type": "Feature",
      "properties": {
        "@id": "node/8978579052",
        "museum": "history",
        "name": "Emmet Railway Station (Display)",
        "tourism": "museum"
      },
      "geometry": {
        "type": "Point",
        "coordinates": [
          144.4772406,
          -24.6685145
        ]
      },
      "id": "node/8978579052"
    },
    {
      "type": "Feature",
      "properties": {
        "@id": "node/8989147841",
        "fee": "no",
        "name": "Penong Windmill Museum",
        "opening_hours": "24/7",
        "tourism": "museum"
      },
      "geometry": {
        "type": "Point",
        "coordinates": [
          133.009483,
          -31.9260288
        ]
      },
      "id": "node/8989147841"
    },
    {
      "type": "Feature",
      "properties": {
        "@id": "node/9044517207",
        "name": "Wadjemup Museum",
        "survey:date": "2025-12-26",
        "tourism": "museum"
      },
      "geometry": {
        "type": "Point",
        "coordinates": [
          115.5401045,
          -31.9958921
        ]
      },
      "id": "node/9044517207"
    },
    {
      "type": "Feature",
      "properties": {
        "@id": "node/9100388215",
        "museum": "local",
        "name": "Schoolmasters House",
        "tourism": "museum"
      },
      "geometry": {
        "type": "Point",
        "coordinates": [
          146.9219217,
          -43.1639272
        ]
      },
      "id": "node/9100388215"
    },
    {
      "type": "Feature",
      "properties": {
        "@id": "node/9100405600",
        "fee": "yes",
        "name": "Dover Museum and Art Gallery",
        "tourism": "museum"
      },
      "geometry": {
        "type": "Point",
        "coordinates": [
          147.0155383,
          -43.3141339
        ]
      },
      "id": "node/9100405600"
    },
    {
      "type": "Feature",
      "properties": {
        "@id": "node/9135519890",
        "name": "Brew Tower Museum",
        "tourism": "museum"
      },
      "geometry": {
        "type": "Point",
        "coordinates": [
          144.9851786,
          -37.8100363
        ]
      },
      "id": "node/9135519890"
    },
    {
      "type": "Feature",
      "properties": {
        "@id": "node/9166218130",
        "name": "Ossies Opal Workshop and Museum",
        "tourism": "museum"
      },
      "geometry": {
        "type": "Point",
        "coordinates": [
          144.6331467,
          -27.9681774
        ]
      },
      "id": "node/9166218130"
    },
    {
      "type": "Feature",
      "properties": {
        "@id": "node/9176851436",
        "name": "Faye's Underground Home",
        "tourism": "museum"
      },
      "geometry": {
        "type": "Point",
        "coordinates": [
          134.7631608,
          -29.0108769
        ]
      },
      "id": "node/9176851436"
    },
    {
      "type": "Feature",
      "properties": {
        "@id": "node/9188644317",
        "name": "Marree Railway Museum",
        "tourism": "museum"
      },
      "geometry": {
        "type": "Point",
        "coordinates": [
          138.064927,
          -29.6473737
        ]
      },
      "id": "node/9188644317"
    },
    {
      "type": "Feature",
      "properties": {
        "@id": "node/9191893889",
        "addr:housenumber": "94",
        "addr:state": "NSW",
        "addr:street": "Pandora Street",
        "addr:suburb": "Lightning Ridge",
        "alt_name": "Goondee Keeping Place",
        "museum": "history",
        "name": "The Goondee",
        "opening_hours": "09:00-17:00",
        "phone": "+61 2 6829 1343",
        "tourism": "museum",
        "website": "https://aumuseums.com/nsw/goondee-keeping-place"
      },
      "geometry": {
        "type": "Point",
        "coordinates": [
          147.988379,
          -29.4273711
        ]
      },
      "id": "node/9191893889"
    },
    {
      "type": "Feature",
      "properties": {
        "@id": "node/9213030473",
        "name": "Possum Park - Aircraft Restoration",
        "tourism": "museum",
        "website": "https://www.possumpark.com.au/plane.html"
      },
      "geometry": {
        "type": "Point",
        "coordinates": [
          150.0990268,
          -26.5014152
        ]
      },
      "id": "node/9213030473"
    },
    {
      "type": "Feature",
      "properties": {
        "@id": "node/9213169841",
        "name": "Folk Museum",
        "tourism": "museum"
      },
      "geometry": {
        "type": "Point",
        "coordinates": [
          149.9735487,
          -26.1278575
        ]
      },
      "id": "node/9213169841"
    },
    {
      "type": "Feature",
      "properties": {
        "@id": "node/9231372233",
        "museum": "history",
        "name": "NSW Schoolhouse Museum",
        "tourism": "museum",
        "wikidata": "Q109419728",
        "wikipedia": "en:NSW Schoolhouse Museum"
      },
      "geometry": {
        "type": "Point",
        "coordinates": [
          151.1212494,
          -33.7946815
        ]
      },
      "id": "node/9231372233"
    },
    {
      "type": "Feature",
      "properties": {
        "@id": "node/9289109782",
        "tourism": "museum"
      },
      "geometry": {
        "type": "Point",
        "coordinates": [
          138.9194028,
          -33.1499672
        ]
      },
      "id": "node/9289109782"
    },
    {
      "type": "Feature",
      "properties": {
        "@id": "node/9311601106",
        "name": "Monaro Country Historical Museum",
        "tourism": "museum"
      },
      "geometry": {
        "type": "Point",
        "coordinates": [
          149.2410171,
          -36.9062287
        ]
      },
      "id": "node/9311601106"
    },
    {
      "type": "Feature",
      "properties": {
        "@id": "node/9313148601",
        "name": "Gallery of Glass",
        "tourism": "museum"
      },
      "geometry": {
        "type": "Point",
        "coordinates": [
          151.0759754,
          -30.1709514
        ]
      },
      "id": "node/9313148601"
    },
    {
      "type": "Feature",
      "properties": {
        "@id": "node/9441906926",
        "name": "The Maritime Museum of Townsville",
        "tourism": "museum"
      },
      "geometry": {
        "type": "Point",
        "coordinates": [
          146.8229464,
          -19.2594282
        ]
      },
      "id": "node/9441906926"
    },
    {
      "type": "Feature",
      "properties": {
        "@id": "node/9470432326",
        "addr:housenumber": "3a",
        "addr:street": "State Mine Gully Road",
        "name": "Lithgow Mine State Heritage Park",
        "tourism": "museum"
      },
      "geometry": {
        "type": "Point",
        "coordinates": [
          150.1685804,
          -33.4608202
        ]
      },
      "id": "node/9470432326"
    },
    {
      "type": "Feature",
      "properties": {
        "@id": "node/9488437664",
        "name": "Shrine of Remembrance Education Centre",
        "tourism": "museum"
      },
      "geometry": {
        "type": "Point",
        "coordinates": [
          144.9740115,
          -37.8307333
        ]
      },
      "id": "node/9488437664"
    },
    {
      "type": "Feature",
      "properties": {
        "@id": "node/9497145459",
        "name": "Gold Mine Museum",
        "tourism": "museum"
      },
      "geometry": {
        "type": "Point",
        "coordinates": [
          151.1293097,
          -31.4615392
        ]
      },
      "id": "node/9497145459"
    },
    {
      "type": "Feature",
      "properties": {
        "@id": "node/9506358862",
        "name": "Fox's Store",
        "tourism": "museum"
      },
      "geometry": {
        "type": "Point",
        "coordinates": [
          150.8378816,
          -31.767452
        ]
      },
      "id": "node/9506358862"
    },
    {
      "type": "Feature",
      "properties": {
        "@id": "node/9536155229",
        "addr:housenumber": "24A",
        "addr:postcode": "2050",
        "addr:street": "Australia Street",
        "fee": "no",
        "museum": "ethnography",
        "name": "Portuguese Ethnographic Museum of Australia",
        "opening_hours": "\"Open 10:00-15:00 first Sunday of every month except January\"",
        "phone": "+61 404 053 055",
        "tourism": "museum",
        "website": "http://www.mepa.org.au/contact.html"
      },
      "geometry": {
        "type": "Point",
        "coordinates": [
          151.174991,
          -33.8884396
        ]
      },
      "id": "node/9536155229"
    },
    {
      "type": "Feature",
      "properties": {
        "@id": "node/9540385542",
        "charge": "$20",
        "fee": "yes",
        "museum": "motorcycle",
        "name": "TLM Moto Guzzi",
        "opening_hours": "We 13:00-17:00",
        "tourism": "museum",
        "website": "https://www.facebook.com/people/TLM-Moto-Guzzi-Australia/100047441268649/"
      },
      "geometry": {
        "type": "Point",
        "coordinates": [
          145.4122724,
          -37.3009244
        ]
      },
      "id": "node/9540385542"
    },
    {
      "type": "Feature",
      "properties": {
        "@id": "node/9572078638",
        "museum": "history",
        "name": "Nannup Historical Society Inc",
        "opening_hours": "Mo,We,Fr 09:00-12:00",
        "phone": "+61 414 986 525",
        "tourism": "museum",
        "website": "https://www.nannuphistory.org/home.html"
      },
      "geometry": {
        "type": "Point",
        "coordinates": [
          115.7651639,
          -33.9764855
        ]
      },
      "id": "node/9572078638"
    },
    {
      "type": "Feature",
      "properties": {
        "@id": "node/9576562561",
        "name": "Historical Museum",
        "tourism": "museum"
      },
      "geometry": {
        "type": "Point",
        "coordinates": [
          117.5535087,
          -33.6884053
        ]
      },
      "id": "node/9576562561"
    },
    {
      "type": "Feature",
      "properties": {
        "@id": "node/9589133462",
        "name": "Cooma",
        "note": "Services suspended since 2014, currently in the works to re-open the line.",
        "operator": "Cooma Monaro Railway",
        "public_transport": "station",
        "railway": "station",
        "tourism": "museum",
        "train": "yes"
      },
      "geometry": {
        "type": "Point",
        "coordinates": [
          149.1353797,
          -36.236478
        ]
      },
      "id": "node/9589133462"
    },
    {
      "type": "Feature",
      "properties": {
        "@id": "node/9604694362",
        "addr:street": "Alan Mathews Drive",
        "museum": "military",
        "name": "The RAAF Air Museum",
        "phone": "+61 3 5022 7691",
        "tourism": "museum",
        "website": "https://rslmuseummildura.com.au/"
      },
      "geometry": {
        "type": "Point",
        "coordinates": [
          142.0839861,
          -34.232098
        ]
      },
      "id": "node/9604694362"
    },
    {
      "type": "Feature",
      "properties": {
        "@id": "node/9631049071",
        "fee": "no",
        "name:signed": "no",
        "opening_hours": "24/7",
        "tourism": "museum"
      },
      "geometry": {
        "type": "Point",
        "coordinates": [
          145.1820615,
          -35.3035632
        ]
      },
      "id": "node/9631049071"
    },
    {
      "type": "Feature",
      "properties": {
        "@id": "node/9632303872",
        "name": "NSWFB Display",
        "tourism": "museum"
      },
      "geometry": {
        "type": "Point",
        "coordinates": [
          146.008185,
          -34.5665604
        ]
      },
      "id": "node/9632303872"
    },
    {
      "type": "Feature",
      "properties": {
        "@id": "node/9632495368",
        "fee": "yes",
        "name": "Mont De Lancey Museum",
        "tourism": "museum",
        "website": "https://montdelancey.org.au/"
      },
      "geometry": {
        "type": "Point",
        "coordinates": [
          145.4243308,
          -37.7889434
        ]
      },
      "id": "node/9632495368"
    },
    {
      "type": "Feature",
      "properties": {
        "@id": "node/9669524993",
        "name": "Wilmington Toy Museum",
        "tourism": "museum"
      },
      "geometry": {
        "type": "Point",
        "coordinates": [
          138.0981871,
          -32.6505793
        ]
      },
      "id": "node/9669524993"
    },
    {
      "type": "Feature",
      "properties": {
        "@id": "node/9691703766",
        "name": "Engine Museum",
        "tourism": "museum",
        "wikidata": "Q113667482"
      },
      "geometry": {
        "type": "Point",
        "coordinates": [
          115.7397209,
          -32.0548868
        ]
      },
      "id": "node/9691703766"
    },
    {
      "type": "Feature",
      "properties": {
        "@id": "node/9711066972",
        "name": "Franklin Harbour Historical Museum",
        "tourism": "museum"
      },
      "geometry": {
        "type": "Point",
        "coordinates": [
          136.9265141,
          -33.6842719
        ]
      },
      "id": "node/9711066972"
    },
    {
      "type": "Feature",
      "properties": {
        "@id": "node/9733690316",
        "name": "Mannahill Hotel",
        "tourism": "museum"
      },
      "geometry": {
        "type": "Point",
        "coordinates": [
          139.9860434,
          -32.430905
        ]
      },
      "id": "node/9733690316"
    },
    {
      "type": "Feature",
      "properties": {
        "@id": "node/9801203789",
        "level": "1",
        "name": "Port Macquarie Surfing Museum",
        "tourism": "museum"
      },
      "geometry": {
        "type": "Point",
        "coordinates": [
          152.907794,
          -31.4305044
        ]
      },
      "id": "node/9801203789"
    },
    {
      "type": "Feature",
      "properties": {
        "@id": "node/9802952015",
        "name": "Barossa Museum",
        "tourism": "museum"
      },
      "geometry": {
        "type": "Point",
        "coordinates": [
          138.9574745,
          -34.5264066
        ]
      },
      "id": "node/9802952015"
    },
    {
      "type": "Feature",
      "properties": {
        "@id": "node/9847433346",
        "museum": "history",
        "museum_type": "regional",
        "name": "Don Rhodes Mining Museum",
        "opening_hours": "24/7",
        "operator": "Town of Port Hedland",
        "tourism": "museum",
        "wikipedia": "en:Don Rhodes Mining and Transport Museum"
      },
      "geometry": {
        "type": "Point",
        "coordinates": [
          118.6053114,
          -20.311639
        ]
      },
      "id": "node/9847433346"
    },
    {
      "type": "Feature",
      "properties": {
        "@id": "node/9892622985",
        "name": "Burketown Visitors Centre and Museum",
        "tourism": "museum"
      },
      "geometry": {
        "type": "Point",
        "coordinates": [
          139.5460882,
          -17.7413437
        ]
      },
      "id": "node/9892622985"
    },
    {
      "type": "Feature",
      "properties": {
        "@id": "node/9903087089",
        "museum": "history",
        "name": "Bendigo Steam Engine Museum",
        "tourism": "museum"
      },
      "geometry": {
        "type": "Point",
        "coordinates": [
          144.2740039,
          -36.7363454
        ]
      },
      "id": "node/9903087089"
    },
    {
      "type": "Feature",
      "properties": {
        "@id": "node/9908972636",
        "description": "Old police station built in 1954 \nOne room of which later repurposed as rural and industry bank agency \nDecommissioned in 1992\nMuseum opened 07/08/1995",
        "name": "Courthouse Museum",
        "tourism": "museum"
      },
      "geometry": {
        "type": "Point",
        "coordinates": [
          128.1010097,
          -15.4614107
        ]
      },
      "id": "node/9908972636"
    },
    {
      "type": "Feature",
      "properties": {
        "@id": "node/9920253189",
        "name": "Bluewater Springs Roadhouse - Military Models",
        "tourism": "museum"
      },
      "geometry": {
        "type": "Point",
        "coordinates": [
          145.6452947,
          -19.4118431
        ]
      },
      "id": "node/9920253189"
    },
    {
      "type": "Feature",
      "properties": {
        "@id": "node/9930419886",
        "museum": "history",
        "name": "Collinsville and Scottville and District Historical Society Inc.",
        "tourism": "museum"
      },
      "geometry": {
        "type": "Point",
        "coordinates": [
          147.83882,
          -20.5466644
        ]
      },
      "id": "node/9930419886"
    },
    {
      "type": "Feature",
      "properties": {
        "@id": "node/9942803983",
        "check_date": "2026-05-26",
        "check_date:opening_hours": "2026-05-26",
        "fee": "no",
        "museum": "local_history",
        "name": "Westpac Museum",
        "opening_hours": "Mo-Th 09:30-16:00; Fr 09:30-17:00",
        "operator": "Westpac",
        "operator:type": "private",
        "operator:wikidata": "Q2031726",
        "tourism": "museum"
      },
      "geometry": {
        "type": "Point",
        "coordinates": [
          151.206751,
          -33.8672648
        ]
      },
      "id": "node/9942803983"
    },
    {
      "type": "Feature",
      "properties": {
        "@id": "node/9950263105",
        "museum": "history",
        "name": "Duaringa Historical Museum / Information Centre",
        "operator": "Central Highlands Regional Council",
        "tourism": "museum"
      },
      "geometry": {
        "type": "Point",
        "coordinates": [
          149.6729306,
          -23.7224843
        ]
      },
      "id": "node/9950263105"
    },
    {
      "type": "Feature",
      "properties": {
        "@id": "node/9979028515",
        "museum": "history",
        "name": "Tara and District Historical Museum",
        "tourism": "museum"
      },
      "geometry": {
        "type": "Point",
        "coordinates": [
          150.4617315,
          -27.2757128
        ]
      },
      "id": "node/9979028515"
    },
    {
      "type": "Feature",
      "properties": {
        "@id": "node/9981266804",
        "name": "Slab Hut Museum",
        "tourism": "museum"
      },
      "geometry": {
        "type": "Point",
        "coordinates": [
          151.2021137,
          -27.5330867
        ]
      },
      "id": "node/9981266804"
    },
    {
      "type": "Feature",
      "properties": {
        "@id": "node/9984269894",
        "name": "Cobb and Co Coach Collectables Museum",
        "tourism": "museum"
      },
      "geometry": {
        "type": "Point",
        "coordinates": [
          152.0850582,
          -28.6464823
        ]
      },
      "id": "node/9984269894"
    },
    {
      "type": "Feature",
      "properties": {
        "@id": "node/10012479738",
        "description": "Collectors of Petrol Bowsers, Oil Tins, Bottles, Garage signs/items. By appointment. Fee",
        "fee": "yes",
        "museum": "history",
        "name": "John & Josie Ellis - Collectors",
        "opening_hours": "\"by appointment\"",
        "phone": "+61 419 030 222",
        "tourism": "museum"
      },
      "geometry": {
        "type": "Point",
        "coordinates": [
          151.7341727,
          -29.7611684
        ]
      },
      "id": "node/10012479738"
    },
    {
      "type": "Feature",
      "properties": {
        "@id": "node/10076235308",
        "addr:housenumber": "10",
        "addr:postcode": "3089",
        "addr:state": "VIC",
        "addr:street": "Nillumbik Square",
        "addr:suburb": "Diamond Creek",
        "fee": "no",
        "museum": "history",
        "name": "Nillumbik Historical Society",
        "tourism": "museum",
        "website": "https://www.nillumbikhistory.org.au/"
      },
      "geometry": {
        "type": "Point",
        "coordinates": [
          145.175567,
          -37.6709196
        ]
      },
      "id": "node/10076235308"
    },
    {
      "type": "Feature",
      "properties": {
        "@id": "node/10115732974",
        "name": "Seafaring Museum",
        "tourism": "museum"
      },
      "geometry": {
        "type": "Point",
        "coordinates": [
          153.5565328,
          -28.2332272
        ]
      },
      "id": "node/10115732974"
    },
    {
      "type": "Feature",
      "properties": {
        "@id": "node/10213482851",
        "name": "Iron Knob Tourist Centre and Museum",
        "tourism": "museum"
      },
      "geometry": {
        "type": "Point",
        "coordinates": [
          137.149674,
          -32.7398031
        ]
      },
      "id": "node/10213482851"
    },
    {
      "type": "Feature",
      "properties": {
        "@id": "node/10242355782",
        "name": "Warden Finerty's Residence",
        "tourism": "museum"
      },
      "geometry": {
        "type": "Point",
        "coordinates": [
          121.1669915,
          -30.9582509
        ]
      },
      "id": "node/10242355782"
    },
    {
      "type": "Feature",
      "properties": {
        "@id": "node/10244256064",
        "name": "Yilgarn History Museum",
        "tourism": "museum"
      },
      "geometry": {
        "type": "Point",
        "coordinates": [
          119.3277066,
          -31.2315166
        ]
      },
      "id": "node/10244256064"
    },
    {
      "type": "Feature",
      "properties": {
        "@id": "node/10255449049",
        "museum": "history",
        "name": "Exploring Wildflower Country",
        "operator": "Community",
        "tourism": "museum"
      },
      "geometry": {
        "type": "Point",
        "coordinates": [
          116.4453522,
          -29.7593777
        ]
      },
      "id": "node/10255449049"
    },
    {
      "type": "Feature",
      "properties": {
        "@id": "node/10269116582",
        "name": "John Pullbrook Machinery Shed",
        "tourism": "museum"
      },
      "geometry": {
        "type": "Point",
        "coordinates": [
          116.0068222,
          -29.2097745
        ]
      },
      "id": "node/10269116582"
    },
    {
      "type": "Feature",
      "properties": {
        "@id": "node/10271242697",
        "name": "Perenjori Visitors Centre and Pioneer Museum",
        "tourism": "museum"
      },
      "geometry": {
        "type": "Point",
        "coordinates": [
          116.2874126,
          -29.4421876
        ]
      },
      "id": "node/10271242697"
    },
    {
      "type": "Feature",
      "properties": {
        "@id": "node/10275645426",
        "name": "Hal Waltons Tractor Museum",
        "tourism": "museum"
      },
      "geometry": {
        "type": "Point",
        "coordinates": [
          115.8899436,
          -29.6924317
        ]
      },
      "id": "node/10275645426"
    },
    {
      "type": "Feature",
      "properties": {
        "@id": "node/10296849317",
        "name": "Koorda Motor Museum",
        "tourism": "museum"
      },
      "geometry": {
        "type": "Point",
        "coordinates": [
          117.482457,
          -30.8261904
        ]
      },
      "id": "node/10296849317"
    },
    {
      "type": "Feature",
      "properties": {
        "@id": "node/10297782348",
        "description": "Machinery Display",
        "tourism": "museum"
      },
      "geometry": {
        "type": "Point",
        "coordinates": [
          117.7929974,
          -31.1141506
        ]
      },
      "id": "node/10297782348"
    },
    {
      "type": "Feature",
      "properties": {
        "@id": "node/10299448932",
        "mobile": "+61 427 523 332",
        "name": "Kellerberrin Pioneer Museum",
        "note": "Open by appointment.",
        "operator": "Kellerberrin Historical Society",
        "tourism": "museum"
      },
      "geometry": {
        "type": "Point",
        "coordinates": [
          117.7209274,
          -31.6322204
        ]
      },
      "id": "node/10299448932"
    },
    {
      "type": "Feature",
      "properties": {
        "@id": "node/10301768358",
        "name": "Machinery Museum",
        "tourism": "museum"
      },
      "geometry": {
        "type": "Point",
        "coordinates": [
          118.1493582,
          -31.8764374
        ]
      },
      "id": "node/10301768358"
    },
    {
      "type": "Feature",
      "properties": {
        "@id": "node/10301768374",
        "name": "Bruce Rock Museum",
        "tourism": "museum"
      },
      "geometry": {
        "type": "Point",
        "coordinates": [
          118.1486063,
          -31.8765136
        ]
      },
      "id": "node/10301768374"
    },
    {
      "type": "Feature",
      "properties": {
        "@id": "node/10302512956",
        "name": "Quairading Museum",
        "tourism": "museum"
      },
      "geometry": {
        "type": "Point",
        "coordinates": [
          117.3986357,
          -32.0116559
        ]
      },
      "id": "node/10302512956"
    },
    {
      "type": "Feature",
      "properties": {
        "@id": "node/10307683547",
        "name": "Dead Finish Museum",
        "operator": "Beverley Historical Society",
        "tourism": "museum"
      },
      "geometry": {
        "type": "Point",
        "coordinates": [
          116.9220663,
          -32.1073958
        ]
      },
      "id": "node/10307683547"
    },
    {
      "type": "Feature",
      "properties": {
        "@id": "node/10544468536",
        "name": "Pioneer Museum",
        "tourism": "museum"
      },
      "geometry": {
        "type": "Point",
        "coordinates": [
          117.8774961,
          -32.333448
        ]
      },
      "id": "node/10544468536"
    },
    {
      "type": "Feature",
      "properties": {
        "@id": "node/10556235343",
        "name": "Narambeen Machinery Museum",
        "tourism": "museum"
      },
      "geometry": {
        "type": "Point",
        "coordinates": [
          118.3928844,
          -32.0656589
        ]
      },
      "id": "node/10556235343"
    },
    {
      "type": "Feature",
      "properties": {
        "@id": "node/10556287574",
        "name": "Grain Discovery Centre",
        "tourism": "museum"
      },
      "geometry": {
        "type": "Point",
        "coordinates": [
          118.3961621,
          -32.0646735
        ]
      },
      "id": "node/10556287574"
    },
    {
      "type": "Feature",
      "properties": {
        "@id": "node/10564260895",
        "name": "Heritage Machinery and Army Museum",
        "tourism": "museum"
      },
      "geometry": {
        "type": "Point",
        "coordinates": [
          118.0970744,
          -31.1855979
        ]
      },
      "id": "node/10564260895"
    },
    {
      "type": "Feature",
      "properties": {
        "@id": "node/10567590655",
        "name": "Yelbeni Centenery Museum",
        "tourism": "museum"
      },
      "geometry": {
        "type": "Point",
        "coordinates": [
          117.6632751,
          -31.168286
        ]
      },
      "id": "node/10567590655"
    },
    {
      "type": "Feature",
      "properties": {
        "@id": "node/10568995147",
        "name": "CBH and Agricultural Museum",
        "tourism": "museum"
      },
      "geometry": {
        "type": "Point",
        "coordinates": [
          117.3797656,
          -31.1798183
        ]
      },
      "id": "node/10568995147"
    },
    {
      "type": "Feature",
      "properties": {
        "@id": "node/10569202233",
        "name": "School House Museum",
        "tourism": "museum"
      },
      "geometry": {
        "type": "Point",
        "coordinates": [
          117.3820982,
          -31.177812
        ]
      },
      "id": "node/10569202233"
    },
    {
      "type": "Feature",
      "properties": {
        "@id": "node/10571846174",
        "name": "Dowerin District Museum",
        "tourism": "museum"
      },
      "geometry": {
        "type": "Point",
        "coordinates": [
          117.0320948,
          -31.193363
        ]
      },
      "id": "node/10571846174"
    },
    {
      "type": "Feature",
      "properties": {
        "@id": "node/10572215576",
        "name": "Goomalling Historical Museum",
        "tourism": "museum"
      },
      "geometry": {
        "type": "Point",
        "coordinates": [
          116.8318677,
          -31.2983313
        ]
      },
      "id": "node/10572215576"
    },
    {
      "type": "Feature",
      "properties": {
        "@id": "node/10575535413",
        "name": "Machinery Display",
        "tourism": "museum"
      },
      "geometry": {
        "type": "Point",
        "coordinates": [
          116.2134356,
          -30.9717241
        ]
      },
      "id": "node/10575535413"
    },
    {
      "type": "Feature",
      "properties": {
        "@id": "node/10575535419",
        "name": "New Norcia Visitor Centre, Museum, Art Gallery and Gift Shop",
        "opening_hours": "Mo-Su 09:30-16:30",
        "tourism": "museum",
        "website": "https://www.newnorcia.wa.edu.au/"
      },
      "geometry": {
        "type": "Point",
        "coordinates": [
          116.213905,
          -30.9719899
        ]
      },
      "id": "node/10575535419"
    },
    {
      "type": "Feature",
      "properties": {
        "@id": "node/10588032190",
        "name": "Cuballinmg Restore Vintage Machinery Display",
        "tourism": "museum"
      },
      "geometry": {
        "type": "Point",
        "coordinates": [
          117.1803192,
          -32.8201208
        ]
      },
      "id": "node/10588032190"
    },
    {
      "type": "Feature",
      "properties": {
        "@id": "node/10588124909",
        "name": "Old Courthouse Museum",
        "tourism": "museum"
      },
      "geometry": {
        "type": "Point",
        "coordinates": [
          117.1772474,
          -32.9337018
        ]
      },
      "id": "node/10588124909"
    },
    {
      "type": "Feature",
      "properties": {
        "@id": "node/10609781552",
        "name": "Police Station Museum",
        "tourism": "museum",
        "wikidata": "Q66975953"
      },
      "geometry": {
        "type": "Point",
        "coordinates": [
          117.6608525,
          -34.6181424
        ]
      },
      "id": "node/10609781552"
    },
    {
      "type": "Feature",
      "properties": {
        "@id": "node/10613223676",
        "museum": "history",
        "name": "(Restored DC3)",
        "tourism": "museum"
      },
      "geometry": {
        "type": "Point",
        "coordinates": [
          118.2147865,
          -34.2237953
        ]
      },
      "id": "node/10613223676"
    },
    {
      "type": "Feature",
      "properties": {
        "@id": "node/10613381137",
        "description": "Pingrup CRC for access",
        "name": "Schoolhouse Museum",
        "opening_hours": "\"on call\"",
        "operator": "Pimgrup CRC",
        "tourism": "museum"
      },
      "geometry": {
        "type": "Point",
        "coordinates": [
          118.5119494,
          -33.5342234
        ]
      },
      "id": "node/10613381137"
    },
    {
      "type": "Feature",
      "properties": {
        "@id": "node/10613753974",
        "name": "Gnowangerup Heritage Museum",
        "tourism": "museum"
      },
      "geometry": {
        "type": "Point",
        "coordinates": [
          118.0051526,
          -33.9392058
        ]
      },
      "id": "node/10613753974"
    },
    {
      "type": "Feature",
      "properties": {
        "@id": "node/10656699110",
        "museum": "dolls",
        "name": "Aunty Joan's Dolly Mix",
        "tourism": "museum"
      },
      "geometry": {
        "type": "Point",
        "coordinates": [
          121.8911186,
          -33.8635038
        ]
      },
      "id": "node/10656699110"
    },
    {
      "type": "Feature",
      "properties": {
        "@id": "node/10669522543",
        "museum": "history",
        "name": "Norseman Historical Museum",
        "tourism": "museum"
      },
      "geometry": {
        "type": "Point",
        "coordinates": [
          121.782398,
          -32.1970124
        ]
      },
      "id": "node/10669522543"
    },
    {
      "type": "Feature",
      "properties": {
        "@id": "node/10675414559",
        "name": "Tasmania Police Museum",
        "tourism": "museum"
      },
      "geometry": {
        "type": "Point",
        "coordinates": [
          147.3284669,
          -42.8790507
        ]
      },
      "id": "node/10675414559"
    },
    {
      "type": "Feature",
      "properties": {
        "@id": "node/10695846861",
        "fee": "yes",
        "name": "St Helens History Room",
        "tourism": "museum"
      },
      "geometry": {
        "type": "Point",
        "coordinates": [
          148.2486791,
          -41.3208362
        ]
      },
      "id": "node/10695846861"
    },
    {
      "type": "Feature",
      "properties": {
        "@id": "node/10703671105",
        "fixme": "Flood damaged, active?",
        "name": "Mid Murray Classic Car Gallery",
        "tourism": "museum"
      },
      "geometry": {
        "type": "Point",
        "coordinates": [
          139.5970719,
          -34.5667969
        ]
      },
      "id": "node/10703671105"
    },
    {
      "type": "Feature",
      "properties": {
        "@id": "node/10705548996",
        "name": "Mallee Tourist Heritage Centre",
        "tourism": "museum"
      },
      "geometry": {
        "type": "Point",
        "coordinates": [
          140.9068441,
          -35.2604664
        ]
      },
      "id": "node/10705548996"
    },
    {
      "type": "Feature",
      "properties": {
        "@id": "node/10727093565",
        "name": "Ardlethan and Beyond",
        "tourism": "museum"
      },
      "geometry": {
        "type": "Point",
        "coordinates": [
          146.9036825,
          -34.3581958
        ]
      },
      "id": "node/10727093565"
    },
    {
      "type": "Feature",
      "properties": {
        "@id": "node/10728486198",
        "museum": "history",
        "name": "Courthouse Museum - Wyalong Museum",
        "operator": "Bland District Historical Museum",
        "tourism": "museum"
      },
      "geometry": {
        "type": "Point",
        "coordinates": [
          147.2425623,
          -33.9256176
        ]
      },
      "id": "node/10728486198"
    },
    {
      "type": "Feature",
      "properties": {
        "@id": "node/10734203203",
        "name": "Bundarra Courthouse and Police Station Museum",
        "tourism": "museum"
      },
      "geometry": {
        "type": "Point",
        "coordinates": [
          151.075497,
          -30.1716463
        ]
      },
      "id": "node/10734203203"
    },
    {
      "type": "Feature",
      "properties": {
        "@id": "node/10817732047",
        "name": "Millers' Bakehouse Museum",
        "tourism": "museum"
      },
      "geometry": {
        "type": "Point",
        "coordinates": [
          115.7874032,
          -32.0397606
        ]
      },
      "id": "node/10817732047"
    },
    {
      "type": "Feature",
      "properties": {
        "@id": "node/10860502997",
        "name": "historical museum",
        "tourism": "museum"
      },
      "geometry": {
        "type": "Point",
        "coordinates": [
          148.1450646,
          -35.5210931
        ]
      },
      "id": "node/10860502997"
    },
    {
      "type": "Feature",
      "properties": {
        "@id": "node/10866289214",
        "check_date": "2023-05-04",
        "fee": "no",
        "name": "Natural History Museum",
        "tourism": "museum"
      },
      "geometry": {
        "type": "Point",
        "coordinates": [
          151.6405364,
          -30.4860946
        ]
      },
      "id": "node/10866289214"
    },
    {
      "type": "Feature",
      "properties": {
        "@id": "node/10915455518",
        "addr:street": "Wharf Road",
        "name": "Tathra Wharf Museum",
        "opening_hours": "Sa, Su 10:00-15:00",
        "tourism": "museum",
        "website": "www.tathrawharfmuseum.org"
      },
      "geometry": {
        "type": "Point",
        "coordinates": [
          149.9888187,
          -36.725649
        ]
      },
      "id": "node/10915455518"
    },
    {
      "type": "Feature",
      "properties": {
        "@id": "node/10962936209",
        "addr:postcode": "7260",
        "addr:state": "TAS",
        "addr:street": "George Street",
        "addr:suburb": "Scottsdale",
        "addr:unit": "32A",
        "name": "Scottsdale Military Museum",
        "tourism": "museum"
      },
      "geometry": {
        "type": "Point",
        "coordinates": [
          147.5167929,
          -41.1573607
        ]
      },
      "id": "node/10962936209"
    },
    {
      "type": "Feature",
      "properties": {
        "@id": "node/11021393210",
        "tourism": "museum"
      },
      "geometry": {
        "type": "Point",
        "coordinates": [
          136.8128606,
          -29.3987672
        ]
      },
      "id": "node/11021393210"
    },
    {
      "type": "Feature",
      "properties": {
        "@id": "node/11022144215",
        "addr:housenumber": "12",
        "addr:postcode": "2311",
        "addr:state": "NSW",
        "addr:street": "Park Street",
        "addr:suburb": "East Gresford",
        "museum": "local",
        "name": "Gresford District Historical Museum",
        "tourism": "museum"
      },
      "geometry": {
        "type": "Point",
        "coordinates": [
          151.5533051,
          -32.4335487
        ]
      },
      "id": "node/11022144215"
    },
    {
      "type": "Feature",
      "properties": {
        "@id": "node/11034136119",
        "addr:housenumber": "52",
        "addr:postcode": "2135",
        "addr:state": "NSW",
        "addr:street": "Weeroona Road",
        "addr:suburb": "Strathfield",
        "building": "yes",
        "fixme": "exact location needs to be investigated",
        "museum": "Golf",
        "name": "Australian Golf Heritage Society Museum",
        "operator": "Australian Golf Heritage Society",
        "operator:type": "private_non_profit",
        "tourism": "museum"
      },
      "geometry": {
        "type": "Point",
        "coordinates": [
          151.0634018,
          -33.8804678
        ]
      },
      "id": "node/11034136119"
    },
    {
      "type": "Feature",
      "properties": {
        "@id": "node/11063167706",
        "addr:postcode": "0872",
        "name": "Giles Weather Station Museum",
        "tourism": "museum"
      },
      "geometry": {
        "type": "Point",
        "coordinates": [
          128.3034462,
          -25.0333402
        ]
      },
      "id": "node/11063167706"
    },
    {
      "type": "Feature",
      "properties": {
        "@id": "node/11092533182",
        "addr:postcode": "5061",
        "fee": "no",
        "museum": "local",
        "name": "Unley Museum",
        "opening_hours": "Mo-We 10:00-16:00; Th 10:00-18:00; Sa 10:00-13:00",
        "operator": "City of Unley",
        "tourism": "museum",
        "website": "https://www.unley.sa.gov.au/Events-programs-facilities/Facilities-venues/Unley-Museum"
      },
      "geometry": {
        "type": "Point",
        "coordinates": [
          138.6088391,
          -34.9513852
        ]
      },
      "id": "node/11092533182"
    },
    {
      "type": "Feature",
      "properties": {
        "@id": "node/11121243068",
        "fee": "yes",
        "museum": "history",
        "museum_type": "municipal",
        "name": "Kyogle Museum",
        "tourism": "museum",
        "wheelchair": "yes"
      },
      "geometry": {
        "type": "Point",
        "coordinates": [
          153.0027593,
          -28.6215326
        ]
      },
      "id": "node/11121243068"
    },
    {
      "type": "Feature",
      "properties": {
        "@id": "node/11127003372",
        "description": "Some Old Motorcycles",
        "museum": "motor_cycles",
        "tourism": "museum"
      },
      "geometry": {
        "type": "Point",
        "coordinates": [
          150.2584863,
          -35.5753371
        ]
      },
      "id": "node/11127003372"
    },
    {
      "type": "Feature",
      "properties": {
        "@id": "node/11137521608",
        "name": "Riverboat Rod's Model Paddlesteamer Display",
        "tourism": "museum"
      },
      "geometry": {
        "type": "Point",
        "coordinates": [
          141.9197553,
          -34.1079929
        ]
      },
      "id": "node/11137521608"
    },
    {
      "type": "Feature",
      "properties": {
        "@id": "node/11147426224",
        "museum": "history",
        "name": "The Country Way Museum",
        "tourism": "museum"
      },
      "geometry": {
        "type": "Point",
        "coordinates": [
          152.0678527,
          -26.1801484
        ]
      },
      "id": "node/11147426224"
    },
    {
      "type": "Feature",
      "properties": {
        "@id": "node/11147762381",
        "name": "Armaments Display",
        "tourism": "museum"
      },
      "geometry": {
        "type": "Point",
        "coordinates": [
          151.0699863,
          -33.8301654
        ]
      },
      "id": "node/11147762381"
    },
    {
      "type": "Feature",
      "properties": {
        "@id": "node/11147785811",
        "name": "Murama Healing Space",
        "tourism": "museum"
      },
      "geometry": {
        "type": "Point",
        "coordinates": [
          151.0653269,
          -33.8248371
        ]
      },
      "id": "node/11147785811"
    },
    {
      "type": "Feature",
      "properties": {
        "@id": "node/11150091904",
        "name": "Moffat Wagon",
        "tourism": "museum"
      },
      "geometry": {
        "type": "Point",
        "coordinates": [
          150.8212013,
          -31.2147103
        ]
      },
      "id": "node/11150091904"
    },
    {
      "type": "Feature",
      "properties": {
        "@id": "node/11166212625",
        "name": "Larikins Lock-up - Old Comboyne Gaol and Garden Centre",
        "tourism": "museum"
      },
      "geometry": {
        "type": "Point",
        "coordinates": [
          152.4666773,
          -31.6046922
        ]
      },
      "id": "node/11166212625"
    },
    {
      "type": "Feature",
      "properties": {
        "@id": "node/11242347605",
        "name": "Walgett Historical Society",
        "tourism": "museum"
      },
      "geometry": {
        "type": "Point",
        "coordinates": [
          148.1162574,
          -30.0227105
        ]
      },
      "id": "node/11242347605"
    },
    {
      "type": "Feature",
      "properties": {
        "@id": "node/11268457521",
        "name": "Headlie Taylor Header Museum",
        "tourism": "museum"
      },
      "geometry": {
        "type": "Point",
        "coordinates": [
          147.0357589,
          -35.5191149
        ]
      },
      "id": "node/11268457521"
    },
    {
      "type": "Feature",
      "properties": {
        "@id": "node/11331050451",
        "addr:postcode": "5360",
        "addr:state": "SA",
        "addr:street": "Nitschke Road",
        "addr:suburb": "Greenock",
        "fee": "yes",
        "museum": "military",
        "name": "Greenock Aviation Museum",
        "opening_hours": "We-Su 10:00-16:00",
        "operator": "Lincoln",
        "operator:type": "private",
        "tourism": "museum"
      },
      "geometry": {
        "type": "Point",
        "coordinates": [
          138.9371582,
          -34.4381644
        ]
      },
      "id": "node/11331050451"
    },
    {
      "type": "Feature",
      "properties": {
        "@id": "node/11333102285",
        "museum": "transport",
        "name": "National Automobile Museum",
        "tourism": "museum"
      },
      "geometry": {
        "type": "Point",
        "coordinates": [
          147.1287418,
          -41.4307954
        ]
      },
      "id": "node/11333102285"
    },
    {
      "type": "Feature",
      "properties": {
        "@id": "node/11339537611",
        "museum": "history",
        "name": "Sisters of Charity Heritage Centre and Archives",
        "opening_hours": "Tu-Th 10:00-15:00",
        "tourism": "museum",
        "website": "https://www.socheritagecentre.org.au/"
      },
      "geometry": {
        "type": "Point",
        "coordinates": [
          151.2241625,
          -33.8697436
        ]
      },
      "id": "node/11339537611"
    },
    {
      "type": "Feature",
      "properties": {
        "@id": "node/11340555203",
        "addr:housenumber": "728",
        "addr:postcode": "3095",
        "addr:state": "VIC",
        "addr:street": "Main Road",
        "addr:suburb": "Eltham",
        "fee": "no",
        "museum": "history",
        "name": "Eltham District Historical Society",
        "tourism": "museum",
        "website": "http://www.elthamhistory.org.au/"
      },
      "geometry": {
        "type": "Point",
        "coordinates": [
          145.1458708,
          -37.7224899
        ]
      },
      "id": "node/11340555203"
    },
    {
      "type": "Feature",
      "properties": {
        "@id": "node/11378830326",
        "fee": "yes",
        "name": "House Down Under",
        "tourism": "museum"
      },
      "geometry": {
        "type": "Point",
        "coordinates": [
          150.9244054,
          -33.6915038
        ]
      },
      "id": "node/11378830326"
    },
    {
      "type": "Feature",
      "properties": {
        "@id": "node/11411565831",
        "fixme": "name?",
        "tourism": "museum"
      },
      "geometry": {
        "type": "Point",
        "coordinates": [
          149.8636501,
          -33.7047526
        ]
      },
      "id": "node/11411565831"
    },
    {
      "type": "Feature",
      "properties": {
        "@id": "node/11427370571",
        "check_date": "2025-10-18",
        "fee": "no",
        "level": "0",
        "museum": "science;technology",
        "name": "MOD.",
        "opening_hours": "Tu-Sa 10:00-17:00",
        "tourism": "museum",
        "website": "https://mod.org.au/"
      },
      "geometry": {
        "type": "Point",
        "coordinates": [
          138.5928931,
          -34.9216462
        ]
      },
      "id": "node/11427370571"
    },
    {
      "type": "Feature",
      "properties": {
        "@id": "node/11427483971",
        "alt_name": "The Show Museum",
        "email": "history@adelaideshowground.com.au",
        "museum": "local_history",
        "name": "RA&HS Museum & Archives",
        "opening_hours": "\"During the Royal Adelaide Show or by appointment\"",
        "tourism": "museum",
        "website": "https://www.rahshistory.com.au/"
      },
      "geometry": {
        "type": "Point",
        "coordinates": [
          138.5855128,
          -34.9461088
        ]
      },
      "id": "node/11427483971"
    },
    {
      "type": "Feature",
      "properties": {
        "@id": "node/11436139469",
        "name": "Chicory Kiln",
        "tourism": "museum"
      },
      "geometry": {
        "type": "Point",
        "coordinates": [
          145.3621172,
          -38.3668835
        ]
      },
      "id": "node/11436139469"
    },
    {
      "type": "Feature",
      "properties": {
        "@id": "node/11450631305",
        "name": "Petersens Art Gallery & Museum",
        "tourism": "museum"
      },
      "geometry": {
        "type": "Point",
        "coordinates": [
          147.5932585,
          -37.0990829
        ]
      },
      "id": "node/11450631305"
    },
    {
      "type": "Feature",
      "properties": {
        "@id": "node/11458324916",
        "check_date": "2025-01-02",
        "check_date:opening_hours": "2025-01-02",
        "fee": "no",
        "name": "Albany Museum of Surfing WA",
        "opening_hours": "Th,Fr,Su,Mo 10:00-17:00",
        "tourism": "museum"
      },
      "geometry": {
        "type": "Point",
        "coordinates": [
          117.8875113,
          -35.0265369
        ]
      },
      "id": "node/11458324916"
    },
    {
      "type": "Feature",
      "properties": {
        "@id": "node/11460980816",
        "name": "Berrigan Heritage Museum",
        "tourism": "museum"
      },
      "geometry": {
        "type": "Point",
        "coordinates": [
          145.8118511,
          -35.6569997
        ]
      },
      "id": "node/11460980816"
    },
    {
      "type": "Feature",
      "properties": {
        "@id": "node/11474812204",
        "name": "Historical Centre",
        "tourism": "museum"
      },
      "geometry": {
        "type": "Point",
        "coordinates": [
          142.3951757,
          -36.2497787
        ]
      },
      "id": "node/11474812204"
    },
    {
      "type": "Feature",
      "properties": {
        "@id": "node/11475736680",
        "information": "yes",
        "name": "Wagonin",
        "tourism": "museum"
      },
      "geometry": {
        "type": "Point",
        "coordinates": [
          141.6467816,
          -36.3370538
        ]
      },
      "id": "node/11475736680"
    },
    {
      "type": "Feature",
      "properties": {
        "@id": "node/11495735549",
        "addr:housenumber": "85",
        "addr:street": "Elizabeth Street",
        "name": "Dachshund Museum & Gallery",
        "tourism": "museum"
      },
      "geometry": {
        "type": "Point",
        "coordinates": [
          141.2952029,
          -37.036539
        ]
      },
      "id": "node/11495735549"
    },
    {
      "type": "Feature",
      "properties": {
        "@id": "node/11495855995",
        "name": "Harrow Discovery Centre",
        "phone": "+61 3 5588 1387",
        "tourism": "museum"
      },
      "geometry": {
        "type": "Point",
        "coordinates": [
          141.5926529,
          -37.1659589
        ]
      },
      "id": "node/11495855995"
    },
    {
      "type": "Feature",
      "properties": {
        "@id": "node/11524345967",
        "museum": "local",
        "name": "National Alpine Museum of Australia",
        "seasonal": "yes",
        "tourism": "museum",
        "website": "https://www.nama.org.au/"
      },
      "geometry": {
        "type": "Point",
        "coordinates": [
          146.4487847,
          -37.1450692
        ]
      },
      "id": "node/11524345967"
    },
    {
      "type": "Feature",
      "properties": {
        "@id": "node/11568630856",
        "fee": "no",
        "level": "0",
        "museum": "history",
        "name": "Vickers Vimy Exhibition",
        "opening_hours": "Mo-Su 08:00-20:00",
        "tourism": "museum",
        "website": "https://www.adelaideairport.com.au/vickers-vimy/"
      },
      "geometry": {
        "type": "Point",
        "coordinates": [
          138.5388098,
          -34.937686
        ]
      },
      "id": "node/11568630856"
    },
    {
      "type": "Feature",
      "properties": {
        "@id": "node/11613149289",
        "museum": "military",
        "note": "Not a traditional museum, just a series of info boards and historical machinery/weapons/signage on display.",
        "opening_hours": "24/7",
        "outdoor": "yes",
        "tourism": "museum"
      },
      "geometry": {
        "type": "Point",
        "coordinates": [
          151.2171629,
          -33.8438144
        ]
      },
      "id": "node/11613149289"
    },
    {
      "type": "Feature",
      "properties": {
        "@id": "node/11658554087",
        "addr:housenumber": "22-36",
        "addr:postcode": "3189",
        "addr:street": "Bulli Street",
        "addr:suburb": "Moorabbin",
        "fee": "yes",
        "name": "Twisted Science",
        "source": "survey",
        "tourism": "museum",
        "website": "https://www.twistedscience.com.au/visit/melbourne/"
      },
      "geometry": {
        "type": "Point",
        "coordinates": [
          145.0547083,
          -37.9434148
        ]
      },
      "id": "node/11658554087"
    },
    {
      "type": "Feature",
      "properties": {
        "@id": "node/11757275095",
        "check_date": "2026-02-02",
        "museum": "local_history",
        "name": "Uniting Church in Australia History Centre",
        "opening_hours": "We 13:00-16:00",
        "tourism": "museum",
        "website": "https://historicalsociety.unitingchurch.org.au/about/the-history-centre/"
      },
      "geometry": {
        "type": "Point",
        "coordinates": [
          138.5809907,
          -34.9580146
        ]
      },
      "id": "node/11757275095"
    },
    {
      "type": "Feature",
      "properties": {
        "@id": "node/11804233625",
        "addr:housenumber": "33",
        "addr:street": "Medical Road",
        "check_date": "2024-09-05",
        "description": "A collection of zoological specimens dating from the late 19th century to the present, The Tiegs Museum holds a working set of all types of animals, both vertebrate and invertebrate, used principally in teaching undergraduate classes",
        "level": "1",
        "museum": "science",
        "name": "Tiegs Museum",
        "note": "Data uploaded by Jon Peacock, Business Services, 2024",
        "opening_hours": "\"By appointment only\"",
        "operator": "University of Melbourne, School of Biological Sciences",
        "operator:type": "university",
        "source": "local knowledge",
        "toilets": "yes",
        "tourism": "museum",
        "website": "https://biosciences.unimelb.edu.au/engage/tiegs-museum",
        "wheelchair": "limited"
      },
      "geometry": {
        "type": "Point",
        "coordinates": [
          144.9588141,
          -37.7975638
        ]
      },
      "id": "node/11804233625"
    },
    {
      "type": "Feature",
      "properties": {
        "@id": "node/11804270582",
        "air_conditioning": "yes",
        "changing_table": "no",
        "check_date": "2024-04-09",
        "description": "The Ed Muirhead Physics Museum aims to celebrate the discipline of physics at the University of Melbourne. The museum also serves as an intellectual laboratory and a muse",
        "level": "0",
        "museum": "science",
        "name": "Ed Muirhead Physics Museum",
        "operator": "University of Melbourne",
        "operator:type": "university",
        "source": "local knowledge",
        "tourism": "museum",
        "website": "https://physics.unimelb.edu.au/engage/ed-muirhead-physics-museum",
        "wheelchair": "limited"
      },
      "geometry": {
        "type": "Point",
        "coordinates": [
          144.9636696,
          -37.7970308
        ]
      },
      "id": "node/11804270582"
    },
    {
      "type": "Feature",
      "properties": {
        "@id": "node/11815694732",
        "check_date": "2025-07-27",
        "description": "Museum that celebrates Australia’s LGBTQIA+ history.",
        "email": "info@qtopiasydney.com.au",
        "fee": "yes",
        "museum": "history",
        "name": "Qtopia",
        "opening_hours": "We-Su 10:30-16:30",
        "phone": "+61 2 7258 8300",
        "tourism": "museum",
        "website": "https://qtopiasydney.com.au/"
      },
      "geometry": {
        "type": "Point",
        "coordinates": [
          151.2172056,
          -33.8797412
        ]
      },
      "id": "node/11815694732"
    },
    {
      "type": "Feature",
      "properties": {
        "@id": "node/11885898879",
        "museum": "nature",
        "name": "Bunurong Environment Centre & Shell Museum",
        "opening_hours": "Mo-Su 10:00-16:00",
        "phone": "+61 3 5674 3738",
        "tourism": "museum",
        "website": "https://www.sgcs.org.au/our-centre"
      },
      "geometry": {
        "type": "Point",
        "coordinates": [
          145.7291683,
          -38.6346498
        ]
      },
      "id": "node/11885898879"
    },
    {
      "type": "Feature",
      "properties": {
        "@id": "node/11888041875",
        "description": "Car Museum",
        "tourism": "museum"
      },
      "geometry": {
        "type": "Point",
        "coordinates": [
          151.6718091,
          -30.2198002
        ]
      },
      "id": "node/11888041875"
    },
    {
      "type": "Feature",
      "properties": {
        "@id": "node/11892527167",
        "name": "Post Office Museum",
        "tourism": "museum"
      },
      "geometry": {
        "type": "Point",
        "coordinates": [
          152.9784594,
          -30.051641
        ]
      },
      "id": "node/11892527167"
    },
    {
      "type": "Feature",
      "properties": {
        "@id": "node/11913301503",
        "museum": "history",
        "name": "Enoggera & Districts Historical Society",
        "tourism": "museum"
      },
      "geometry": {
        "type": "Point",
        "coordinates": [
          152.991247,
          -27.4218716
        ]
      },
      "id": "node/11913301503"
    },
    {
      "type": "Feature",
      "properties": {
        "@id": "node/11935641398",
        "email": "navy.heritage@defence.gov.au",
        "museum": "military",
        "name": "Royal Australian Navy Heritage Centre",
        "opening_hours": "closed",
        "tourism": "museum",
        "website": "https://www.nsw.gov.au/visiting-and-exploring-nsw/locations-and-attractions/royal-australian-navy-heritage-centre"
      },
      "geometry": {
        "type": "Point",
        "coordinates": [
          151.2300928,
          -33.8595349
        ]
      },
      "id": "node/11935641398"
    },
    {
      "type": "Feature",
      "properties": {
        "@id": "node/11949388581",
        "museum": "history",
        "name": "Falls Creek Museum",
        "operator": "Falls Creek Historical Society",
        "operator:type": "private_non_profit",
        "tourism": "museum",
        "website": "https://www.fallscreekmuseum.com.au/"
      },
      "geometry": {
        "type": "Point",
        "coordinates": [
          147.2821841,
          -36.8641773
        ]
      },
      "id": "node/11949388581"
    },
    {
      "type": "Feature",
      "properties": {
        "@id": "node/11970146248",
        "information": "yes",
        "museum": "history",
        "name": "(History Displays)",
        "tourism": "museum"
      },
      "geometry": {
        "type": "Point",
        "coordinates": [
          150.1558679,
          -23.6217811
        ]
      },
      "id": "node/11970146248"
    },
    {
      "type": "Feature",
      "properties": {
        "@id": "node/11997780523",
        "description": "Outdoor display - bullock/horse drawn cart",
        "tourism": "museum"
      },
      "geometry": {
        "type": "Point",
        "coordinates": [
          145.2869975,
          -23.5520144
        ]
      },
      "id": "node/11997780523"
    },
    {
      "type": "Feature",
      "properties": {
        "@id": "node/11997984663",
        "description": "Bottle & Gun Display",
        "tourism": "museum"
      },
      "geometry": {
        "type": "Point",
        "coordinates": [
          144.5058025,
          -23.4887733
        ]
      },
      "id": "node/11997984663"
    },
    {
      "type": "Feature",
      "properties": {
        "@id": "node/12001719589",
        "description": "Old produce/general store",
        "museum": "history",
        "tourism": "museum"
      },
      "geometry": {
        "type": "Point",
        "coordinates": [
          144.4422586,
          -24.2592457
        ]
      },
      "id": "node/12001719589"
    },
    {
      "type": "Feature",
      "properties": {
        "@id": "node/12001719590",
        "museum": "history",
        "name": "Bakery",
        "tourism": "museum"
      },
      "geometry": {
        "type": "Point",
        "coordinates": [
          144.4427066,
          -24.2593655
        ]
      },
      "id": "node/12001719590"
    },
    {
      "type": "Feature",
      "properties": {
        "@id": "node/12001719591",
        "tourism": "museum"
      },
      "geometry": {
        "type": "Point",
        "coordinates": [
          144.4415693,
          -24.2598057
        ]
      },
      "id": "node/12001719591"
    },
    {
      "type": "Feature",
      "properties": {
        "@id": "node/12001719592",
        "tourism": "museum"
      },
      "geometry": {
        "type": "Point",
        "coordinates": [
          144.4418429,
          -24.259478
        ]
      },
      "id": "node/12001719592"
    },
    {
      "type": "Feature",
      "properties": {
        "@id": "node/12002598267",
        "contact:facebook": "https://facebook.com/geelongsportsmuseum",
        "fee": "yes",
        "level": "0",
        "name": "Geelong Sports Museum",
        "opening_hours": "We-Fr 10:00-16:30; PH off",
        "phone": "+61 3 5224 9111",
        "tourism": "museum",
        "website": "https://geelongsportsmuseum.vic.gov.au"
      },
      "geometry": {
        "type": "Point",
        "coordinates": [
          144.3554109,
          -38.1571588
        ]
      },
      "id": "node/12002598267"
    },
    {
      "type": "Feature",
      "properties": {
        "@id": "node/12016301976",
        "addr:housenumber": "4-6",
        "addr:postcode": "4720",
        "addr:state": "QLD",
        "addr:street": "Brief Street",
        "addr:suburb": "Emerald",
        "email": "hello@outbackxp.com.au",
        "museum": "science",
        "name": "Outback Exploratorium Science Museum",
        "phone": "+61 7 4843 5611",
        "tourism": "museum",
        "website": "https://outbackxp.com.au/"
      },
      "geometry": {
        "type": "Point",
        "coordinates": [
          148.1560884,
          -23.5193487
        ]
      },
      "id": "node/12016301976"
    },
    {
      "type": "Feature",
      "properties": {
        "@id": "node/12037360285",
        "addr:postcode": "2625",
        "addr:state": "NSW",
        "addr:street": "Friday Drive",
        "addr:suburb": "Thredbo",
        "charge": "'Gold Coin'",
        "fee": "yes",
        "museum": "local",
        "name": "Thredbo Alpine Museum",
        "opening_hours": "Jul-Sep Tu-Su 13:00-17:00; Oct,Feb-Apr PH,Sa-Su 13:00-17:00; Dec 26-Jan 26 12:00-16:00",
        "operator": "Thredbo Historical Society",
        "payment:coins": "yes",
        "phone": "+61 2 9449 7610",
        "tourism": "museum",
        "website": "https://www.thredboalpinemuseum.org.au/"
      },
      "geometry": {
        "type": "Point",
        "coordinates": [
          148.3055252,
          -36.5042987
        ]
      },
      "id": "node/12037360285"
    },
    {
      "type": "Feature",
      "properties": {
        "@id": "node/12046883940",
        "name": "Injune Museum",
        "tourism": "museum"
      },
      "geometry": {
        "type": "Point",
        "coordinates": [
          148.5651398,
          -25.8431651
        ]
      },
      "id": "node/12046883940"
    },
    {
      "type": "Feature",
      "properties": {
        "@id": "node/12056223638",
        "museum": "history",
        "tourism": "museum"
      },
      "geometry": {
        "type": "Point",
        "coordinates": [
          143.6996937,
          -37.1713269
        ]
      },
      "id": "node/12056223638"
    },
    {
      "type": "Feature",
      "properties": {
        "@id": "node/12151195709",
        "museum": "history",
        "name": "Shellharbour City Museum",
        "operator": "Shellharbour City Council",
        "operator:type": "government",
        "tourism": "museum"
      },
      "geometry": {
        "type": "Point",
        "coordinates": [
          150.8359373,
          -34.5666536
        ]
      },
      "id": "node/12151195709"
    },
    {
      "type": "Feature",
      "properties": {
        "@id": "node/12155036527",
        "name": "Whistle Stop Rail Museum",
        "tourism": "museum"
      },
      "geometry": {
        "type": "Point",
        "coordinates": [
          152.7002215,
          -25.5381828
        ]
      },
      "id": "node/12155036527"
    },
    {
      "type": "Feature",
      "properties": {
        "@id": "node/12156347700",
        "addr:housenumber": "21",
        "addr:postcode": "3047",
        "addr:state": "VIC",
        "addr:street": "Pearcedale Parade",
        "addr:suburb": "Broadmeadows",
        "museum": "history",
        "name": "Broadmeadows Museum",
        "operator": "Broadmeadows Historical Society Inc.",
        "operator:type": "public",
        "tourism": "museum"
      },
      "geometry": {
        "type": "Point",
        "coordinates": [
          144.9161799,
          -37.6800329
        ]
      },
      "id": "node/12156347700"
    },
    {
      "type": "Feature",
      "properties": {
        "@id": "node/12167193459",
        "museum": "history",
        "name": "Adavale Police Museum",
        "operator": "Quilpie Shire Council",
        "tourism": "museum"
      },
      "geometry": {
        "type": "Point",
        "coordinates": [
          144.5995445,
          -25.9081853
        ]
      },
      "id": "node/12167193459"
    },
    {
      "type": "Feature",
      "properties": {
        "@id": "node/12183012813",
        "addr:housenumber": "2",
        "addr:postcode": "4490",
        "addr:state": "QLD",
        "addr:street": "Jane Street",
        "addr:suburb": "Cunnamulla",
        "name": "Cunnamulla Fella Centre",
        "tourism": "museum"
      },
      "geometry": {
        "type": "Point",
        "coordinates": [
          145.6812706,
          -28.0680338
        ]
      },
      "id": "node/12183012813"
    },
    {
      "type": "Feature",
      "properties": {
        "@id": "node/12200433669",
        "description": "Historical Machinery Display",
        "tourism": "museum"
      },
      "geometry": {
        "type": "Point",
        "coordinates": [
          148.8876952,
          -30.3514208
        ]
      },
      "id": "node/12200433669"
    },
    {
      "type": "Feature",
      "properties": {
        "@id": "node/12280426925",
        "addr:housenumber": "144",
        "addr:postcode": "2365",
        "addr:state": "NSW",
        "addr:street": "Bradley Street",
        "addr:suburb": "Guyra",
        "contact:facebook": "https://www.facebook.com/AustralianPoetryHallofFame",
        "mobile": "+61 423 478 656",
        "name": "Australian Poetry Hall of Fame",
        "phone": "+61 2 6779 1828",
        "tourism": "museum",
        "website": "https://www.australianpoetryhalloffame.com.au/"
      },
      "geometry": {
        "type": "Point",
        "coordinates": [
          151.6714872,
          -30.2199474
        ]
      },
      "id": "node/12280426925"
    },
    {
      "type": "Feature",
      "properties": {
        "@id": "node/12324931401",
        "name": "The Cave (Faye's First Underground Home)",
        "tourism": "museum"
      },
      "geometry": {
        "type": "Point",
        "coordinates": [
          134.7547418,
          -29.0093341
        ]
      },
      "id": "node/12324931401"
    },
    {
      "type": "Feature",
      "properties": {
        "@id": "node/12334512822",
        "name": "Emmaville Courthouse Museum",
        "tourism": "museum"
      },
      "geometry": {
        "type": "Point",
        "coordinates": [
          151.5986308,
          -29.4486405
        ]
      },
      "id": "node/12334512822"
    },
    {
      "type": "Feature",
      "properties": {
        "@id": "node/12353573102",
        "name": "National Communications Museum",
        "tourism": "museum",
        "website": "https://ncm.org.au/"
      },
      "geometry": {
        "type": "Point",
        "coordinates": [
          145.0364794,
          -37.8225372
        ]
      },
      "id": "node/12353573102"
    },
    {
      "type": "Feature",
      "properties": {
        "@id": "node/12357569031",
        "addr:housenumber": "13",
        "addr:street": "Selwyn Street",
        "name": "Melbourne Holocaust Museum",
        "opening_hours": "Tu-Th 14:00-18:00; Su 10:00-18:00; Mo,Fr,Sa closed",
        "phone": "+61 3 9528 1985",
        "tourism": "museum",
        "website": "https://mhm.org.au/",
        "wikipedia": "en:Melbourne Holocaust Museum"
      },
      "geometry": {
        "type": "Point",
        "coordinates": [
          145.0010897,
          -37.8834043
        ]
      },
      "id": "node/12357569031"
    },
    {
      "type": "Feature",
      "properties": {
        "@id": "node/12368794250",
        "check_date": "2025-08-12",
        "fee": "no",
        "level": "1",
        "museum": "local",
        "name": "Arcade Museum",
        "tourism": "museum",
        "wheelchair": "no"
      },
      "geometry": {
        "type": "Point",
        "coordinates": [
          138.6039623,
          -34.9233908
        ]
      },
      "id": "node/12368794250"
    },
    {
      "type": "Feature",
      "properties": {
        "@id": "node/12416893460",
        "addr:housenumber": "26",
        "addr:postcode": "3540",
        "addr:state": "VIC",
        "addr:street": "Guthrie Street",
        "addr:suburb": "Quambatook",
        "name": "Quambatook Historical Centre",
        "tourism": "museum"
      },
      "geometry": {
        "type": "Point",
        "coordinates": [
          143.5204126,
          -35.8499536
        ]
      },
      "id": "node/12416893460"
    },
    {
      "type": "Feature",
      "properties": {
        "@id": "node/12420670474",
        "addr:housenumber": "74",
        "addr:street": "Murray Esplanade",
        "fee": "no",
        "name": "Port of Echuca Discovery Centre",
        "opening_hours": "Mo-Su 09:00-17:00",
        "tourism": "museum",
        "website": "https://www.portofechuca.com.au/discovery-centre/"
      },
      "geometry": {
        "type": "Point",
        "coordinates": [
          144.7467136,
          -36.1197085
        ]
      },
      "id": "node/12420670474"
    },
    {
      "type": "Feature",
      "properties": {
        "@id": "node/12473039207",
        "museum": "history",
        "name": "Campaspe Run Rural Discovery Centre",
        "tourism": "museum"
      },
      "geometry": {
        "type": "Point",
        "coordinates": [
          144.6072869,
          -36.495562
        ]
      },
      "id": "node/12473039207"
    },
    {
      "type": "Feature",
      "properties": {
        "@id": "node/12586293605",
        "name": "Powerhouse Motorcycle Museum",
        "tourism": "museum"
      },
      "geometry": {
        "type": "Point",
        "coordinates": [
          150.942254,
          -31.0996865
        ]
      },
      "id": "node/12586293605"
    },
    {
      "type": "Feature",
      "properties": {
        "@id": "node/12624593136",
        "name": "Wellington Museum",
        "note": "The old police station",
        "tourism": "museum"
      },
      "geometry": {
        "type": "Point",
        "coordinates": [
          148.9427043,
          -32.5558326
        ]
      },
      "id": "node/12624593136"
    },
    {
      "type": "Feature",
      "properties": {
        "@id": "node/12639741584",
        "addr:housenumber": "198",
        "addr:postcode": "2622",
        "addr:state": "NSW",
        "addr:street": "Wallace Street",
        "addr:suburb": "Braidwood",
        "contact:facebook": "https://www.facebook.com/ModelCarsDiecastCars/",
        "name": "Model Cars of Braidwood",
        "opening_hours": "Fr-We 09:00-17:00",
        "phone": "+61 2 4842 1122",
        "tourism": "museum",
        "website": "https://www.carmodels.com.au/"
      },
      "geometry": {
        "type": "Point",
        "coordinates": [
          149.8001202,
          -35.4401191
        ]
      },
      "id": "node/12639741584"
    },
    {
      "type": "Feature",
      "properties": {
        "@id": "node/12662363140",
        "tourism": "museum"
      },
      "geometry": {
        "type": "Point",
        "coordinates": [
          148.0099592,
          -35.7773169
        ]
      },
      "id": "node/12662363140"
    },
    {
      "type": "Feature",
      "properties": {
        "@id": "node/12682168066",
        "description": "Fire Engine Display",
        "museum": "history",
        "tourism": "museum"
      },
      "geometry": {
        "type": "Point",
        "coordinates": [
          146.9015287,
          -35.761838
        ]
      },
      "id": "node/12682168066"
    },
    {
      "type": "Feature",
      "properties": {
        "@id": "node/12697721559",
        "name": "Katamatite Historical Society Museum",
        "tourism": "museum"
      },
      "geometry": {
        "type": "Point",
        "coordinates": [
          145.6887816,
          -36.0791122
        ]
      },
      "id": "node/12697721559"
    },
    {
      "type": "Feature",
      "properties": {
        "@id": "node/12701769495",
        "addr:housenumber": "20",
        "addr:postcode": "3573",
        "addr:state": "VIC",
        "addr:street": "Haig Street",
        "addr:suburb": "Mitiamo",
        "alt_name": "Mitiamo Hall",
        "museum": "history",
        "name": "East Loddon Historical Society",
        "tourism": "museum",
        "website": "https://www.loddon.vic.gov.au/For-residents/Community-support/Community-Directory/East-Loddon-Historical-Society"
      },
      "geometry": {
        "type": "Point",
        "coordinates": [
          144.232161,
          -36.2093023
        ]
      },
      "id": "node/12701769495"
    },
    {
      "type": "Feature",
      "properties": {
        "@id": "node/12703299778",
        "addr:housenumber": "13",
        "addr:postcode": "3575",
        "addr:state": "VIC",
        "addr:street": "McKay Street",
        "addr:suburb": "Pyramid Hill",
        "museum": "history",
        "name": "Pyramid Hill & Districts Historical Museum",
        "operator": "Pyramid Hill & Districts Historical Society",
        "tourism": "museum",
        "website": "https://www.loddon.vic.gov.au/For-residents/Community-support/Community-Directory/Pyramid-Hill-Historical-Society"
      },
      "geometry": {
        "type": "Point",
        "coordinates": [
          144.1155773,
          -36.0540261
        ]
      },
      "id": "node/12703299778"
    },
    {
      "type": "Feature",
      "properties": {
        "@id": "node/12708684328",
        "name": "Old Balranald Gaol",
        "tourism": "museum"
      },
      "geometry": {
        "type": "Point",
        "coordinates": [
          143.5652246,
          -34.6400251
        ]
      },
      "id": "node/12708684328"
    },
    {
      "type": "Feature",
      "properties": {
        "@id": "node/12715218211",
        "name": "Rural Life Museum",
        "tourism": "museum"
      },
      "geometry": {
        "type": "Point",
        "coordinates": [
          142.7700577,
          -34.5842525
        ]
      },
      "id": "node/12715218211"
    },
    {
      "type": "Feature",
      "properties": {
        "@id": "node/12753021555",
        "addr:housenumber": "28",
        "addr:postcode": "5485",
        "addr:state": "SA",
        "addr:street": "Horrocks Highway",
        "addr:suburb": "Wilmington",
        "name": "Dawes Brothers Geological Museum",
        "tourism": "museum"
      },
      "geometry": {
        "type": "Point",
        "coordinates": [
          138.0989567,
          -32.6509125
        ]
      },
      "id": "node/12753021555"
    },
    {
      "type": "Feature",
      "properties": {
        "@id": "node/12771587965",
        "addr:housenumber": "142",
        "addr:postcode": "2824",
        "addr:state": "NSW",
        "addr:street": "Dubbo Street",
        "addr:suburb": "Warren",
        "name": "Warren Museum & Art Gallery",
        "tourism": "museum"
      },
      "geometry": {
        "type": "Point",
        "coordinates": [
          147.8369541,
          -31.7007838
        ]
      },
      "id": "node/12771587965"
    },
    {
      "type": "Feature",
      "properties": {
        "@id": "node/12802178699",
        "name": "Camden Haven Museum",
        "opening_hours": "Tu-Sa 10:00-14:00",
        "operator": "Camden Haven Historical Society",
        "phone": "+61 493 401 551",
        "tourism": "museum",
        "website": "https://camdenhavenhistoricalsociety.com.au"
      },
      "geometry": {
        "type": "Point",
        "coordinates": [
          152.7965587,
          -31.6521068
        ]
      },
      "id": "node/12802178699"
    },
    {
      "type": "Feature",
      "properties": {
        "@id": "node/12886238536",
        "name": "Kumbia Federation Heritage Centre",
        "tourism": "museum"
      },
      "geometry": {
        "type": "Point",
        "coordinates": [
          151.6522016,
          -26.6912135
        ]
      },
      "id": "node/12886238536"
    },
    {
      "type": "Feature",
      "properties": {
        "@id": "node/12908501948",
        "name": "Monto Museum of Art",
        "tourism": "museum"
      },
      "geometry": {
        "type": "Point",
        "coordinates": [
          151.1224918,
          -24.8635632
        ]
      },
      "id": "node/12908501948"
    },
    {
      "type": "Feature",
      "properties": {
        "@id": "node/12911849764",
        "museum": "local",
        "name": "George Shafer Collection",
        "tourism": "museum"
      },
      "geometry": {
        "type": "Point",
        "coordinates": [
          151.1231854,
          -25.3693619
        ]
      },
      "id": "node/12911849764"
    },
    {
      "type": "Feature",
      "properties": {
        "@id": "node/12914838256",
        "contact:facebook": "https://www.facebook.com/p/Goovigen-Historical-And-District-Society-100071203632829/",
        "name": "Goovigen Historical Society",
        "opening_hours": "\"By appointment\"",
        "tourism": "museum"
      },
      "geometry": {
        "type": "Point",
        "coordinates": [
          150.2865001,
          -24.1439907
        ]
      },
      "id": "node/12914838256"
    },
    {
      "type": "Feature",
      "properties": {
        "@id": "node/12944551827",
        "addr:housenumber": "123-125",
        "addr:postcode": "2852",
        "addr:state": "NSW",
        "addr:street": "Mayne Street",
        "addr:suburb": "Gulgong",
        "museum": "history",
        "name": "Gulgong Holtermann Museum",
        "opening_hours": "Mo-Su 10:00-15:00",
        "tourism": "museum"
      },
      "geometry": {
        "type": "Point",
        "coordinates": [
          149.5328601,
          -32.3627581
        ]
      },
      "id": "node/12944551827"
    },
    {
      "type": "Feature",
      "properties": {
        "@id": "node/12960430987",
        "name": "Eva and Marc Besen Centre",
        "note": "Building entrance and main floor is on the same level as the TarraWarra Museum of Art. Parking is one level up.",
        "tourism": "museum",
        "website": "https://www.twma.com.au/the-centre/"
      },
      "geometry": {
        "type": "Point",
        "coordinates": [
          145.4694812,
          -37.6595901
        ]
      },
      "id": "node/12960430987"
    },
    {
      "type": "Feature",
      "properties": {
        "@id": "node/12993755169",
        "name": "R. M. Williams Outback Heritage Museum",
        "operator": "R.M. Williams",
        "tourism": "museum"
      },
      "geometry": {
        "type": "Point",
        "coordinates": [
          138.5944435,
          -34.8786165
        ]
      },
      "id": "node/12993755169"
    },
    {
      "type": "Feature",
      "properties": {
        "@id": "node/13008559612",
        "museum": "local",
        "name": "Discovery Theatre",
        "tourism": "museum"
      },
      "geometry": {
        "type": "Point",
        "coordinates": [
          145.4271524,
          -16.2379573
        ]
      },
      "id": "node/13008559612"
    },
    {
      "type": "Feature",
      "properties": {
        "@id": "node/13013480462",
        "tourism": "museum"
      },
      "geometry": {
        "type": "Point",
        "coordinates": [
          132.5262869,
          -12.8985538
        ]
      },
      "id": "node/13013480462"
    },
    {
      "type": "Feature",
      "properties": {
        "@id": "node/13114049475",
        "museum": "military",
        "name": "National Military Vehicle Museum",
        "tourism": "museum",
        "website": "https://www.military-vehicle-museum.org.au"
      },
      "geometry": {
        "type": "Point",
        "coordinates": [
          138.62913,
          -34.7262953
        ]
      },
      "id": "node/13114049475"
    },
    {
      "type": "Feature",
      "properties": {
        "@id": "node/13155709840",
        "addr:housenumber": "102",
        "addr:postcode": "6005",
        "addr:state": "WA",
        "addr:street": "Railway Street",
        "addr:suburb": "West Perth",
        "air_conditioning": "yes",
        "check_date": "2026-07-20",
        "email": "info@scitech.org.au",
        "fee": "yes",
        "museum": "science",
        "name": "Scitech",
        "opening_hours": "Mo-Su 09:30-16:00",
        "operator:ref:abn": "55 009 292 700",
        "payment:cash": "yes",
        "payment:debit_cards": "yes",
        "payment:mastercard": "yes",
        "payment:visa": "yes",
        "phone": "+61 8 9215 0700",
        "tourism": "museum",
        "website": "https://www.scitech.org.au/",
        "wheelchair": "yes"
      },
      "geometry": {
        "type": "Point",
        "coordinates": [
          115.8467847,
          -31.9440572
        ]
      },
      "id": "node/13155709840"
    },
    {
      "type": "Feature",
      "properties": {
        "@id": "node/13157298884",
        "addr:housenumber": "769",
        "addr:street": "Wallaga Lake Road",
        "name": "Montreal Goldfields",
        "tourism": "museum",
        "website": "https://montrealgoldfield.org/"
      },
      "geometry": {
        "type": "Point",
        "coordinates": [
          150.0703481,
          -36.383373
        ]
      },
      "id": "node/13157298884"
    },
    {
      "type": "Feature",
      "properties": {
        "@id": "node/13180162171",
        "addr:housenumber": "5A",
        "addr:state": "VIC",
        "addr:street": "McMillan Street",
        "addr:suburb": "Anglesea",
        "name": "Anglesea Museum",
        "note": "Location Approxiamate",
        "phone": "+61 438 070 560",
        "tourism": "museum",
        "url": "https://victoriancollections.net.au/organisations/anglesea-district-historical-society"
      },
      "geometry": {
        "type": "Point",
        "coordinates": [
          144.1837826,
          -38.4096869
        ]
      },
      "id": "node/13180162171"
    },
    {
      "type": "Feature",
      "properties": {
        "@id": "node/13227221858",
        "addr:housenumber": "130",
        "addr:street": "Foster Street",
        "museum": "history",
        "name": "Sale Historical Museum",
        "opening_hours": "Su,We 13:30-16:00",
        "tourism": "museum",
        "website": "http://www.salemuseums.com/"
      },
      "geometry": {
        "type": "Point",
        "coordinates": [
          147.0675254,
          -38.1116176
        ]
      },
      "id": "node/13227221858"
    },
    {
      "type": "Feature",
      "properties": {
        "@id": "node/13230396745",
        "addr:housenumber": "63",
        "addr:postcode": "3850",
        "addr:state": "VIC",
        "addr:street": "Reeve Street",
        "addr:suburb": "Sale",
        "museum": "history",
        "name": "Old train signals",
        "tourism": "museum"
      },
      "geometry": {
        "type": "Point",
        "coordinates": [
          147.0608301,
          -38.1069059
        ]
      },
      "id": "node/13230396745"
    },
    {
      "type": "Feature",
      "properties": {
        "@id": "node/13232010875",
        "name": "Green Hill Fort Museum",
        "operator": "Torres Strait Historical Society And Museum  Association",
        "tourism": "museum"
      },
      "geometry": {
        "type": "Point",
        "coordinates": [
          142.2113017,
          -10.5839915
        ]
      },
      "id": "node/13232010875"
    },
    {
      "type": "Feature",
      "properties": {
        "@id": "node/13296066187",
        "fee": "yes",
        "museum": "history",
        "name": "Fannie Bay Gaol",
        "opening_hours": "We-Su 10:00-14:00",
        "tourism": "museum"
      },
      "geometry": {
        "type": "Point",
        "coordinates": [
          130.8363055,
          -12.4256284
        ]
      },
      "id": "node/13296066187"
    },
    {
      "type": "Feature",
      "properties": {
        "@id": "node/13339880497",
        "name": "Latrobe Courthouse Museum",
        "tourism": "museum",
        "website": "https://www.nationaltrust.org.au/places/latrobe-courthouse-museum/"
      },
      "geometry": {
        "type": "Point",
        "coordinates": [
          146.4114382,
          -41.2352211
        ]
      },
      "id": "node/13339880497"
    },
    {
      "type": "Feature",
      "properties": {
        "@id": "node/13398886160",
        "addr:housenumber": "73",
        "addr:street": "Church Street",
        "museum": "history",
        "name": "Maitland Regional Museum",
        "tourism": "museum",
        "website": "https://maitlandregionalmuseum.com/"
      },
      "geometry": {
        "type": "Point",
        "coordinates": [
          151.5528672,
          -32.7349737
        ]
      },
      "id": "node/13398886160"
    },
    {
      "type": "Feature",
      "properties": {
        "@id": "node/13420319709",
        "museum": "history",
        "name": "Miners Cottage",
        "tourism": "museum"
      },
      "geometry": {
        "type": "Point",
        "coordinates": [
          145.5410532,
          -41.7780676
        ]
      },
      "id": "node/13420319709"
    },
    {
      "type": "Feature",
      "properties": {
        "@id": "node/13420319726",
        "historic:civilization": "modern",
        "museum": "history",
        "name": "Philosopher's Hut",
        "ruins": "building",
        "tourism": "museum"
      },
      "geometry": {
        "type": "Point",
        "coordinates": [
          145.5311602,
          -41.4440907
        ]
      },
      "id": "node/13420319726"
    },
    {
      "type": "Feature",
      "properties": {
        "@id": "node/13420362245",
        "name": "The Hive Museum",
        "tourism": "museum",
        "website": "https://www.hivetasmania.com.au/museum/"
      },
      "geometry": {
        "type": "Point",
        "coordinates": [
          146.1757787,
          -41.1573473
        ]
      },
      "id": "node/13420362245"
    },
    {
      "type": "Feature",
      "properties": {
        "@id": "node/13454089104",
        "addr:housenumber": "25",
        "addr:postcode": "6000",
        "addr:state": "WA",
        "addr:street": "Murray Street",
        "addr:suburb": "Perth",
        "museum": "technology",
        "name": "Old Central Fire Station Heritage Centre",
        "opening_hours": "Tu-Th 10:00-15:00; Sa [1,3] 10:00-12:00",
        "tourism": "museum",
        "website": "https://dfes.wa.gov.au/schooleducation/fehc/Pages/default.aspx"
      },
      "geometry": {
        "type": "Point",
        "coordinates": [
          115.8643686,
          -31.954836
        ]
      },
      "id": "node/13454089104"
    },
    {
      "type": "Feature",
      "properties": {
        "@id": "node/13472739493",
        "name": "Merrowa Cottage Museum",
        "tourism": "museum"
      },
      "geometry": {
        "type": "Point",
        "coordinates": [
          150.3536026,
          -32.1388616
        ]
      },
      "id": "node/13472739493"
    },
    {
      "type": "Feature",
      "properties": {
        "@id": "node/13472828426",
        "name": "Jas Piper - Stock and Station Agent",
        "tourism": "museum"
      },
      "geometry": {
        "type": "Point",
        "coordinates": [
          149.9813024,
          -32.0058339
        ]
      },
      "id": "node/13472828426"
    },
    {
      "type": "Feature",
      "properties": {
        "@id": "node/13481009824",
        "tourism": "museum"
      },
      "geometry": {
        "type": "Point",
        "coordinates": [
          130.8366926,
          -12.4451552
        ]
      },
      "id": "node/13481009824"
    },
    {
      "type": "Feature",
      "properties": {
        "@id": "node/13503079059",
        "addr:housenumber": "28-30",
        "addr:postcode": "2849",
        "addr:state": "NSW",
        "addr:street": "Louee Street",
        "addr:suburb": "Rylstone",
        "name": "Cottage Museum",
        "tourism": "museum"
      },
      "geometry": {
        "type": "Point",
        "coordinates": [
          149.9720113,
          -32.7952112
        ]
      },
      "id": "node/13503079059"
    },
    {
      "type": "Feature",
      "properties": {
        "@id": "node/13518401430",
        "addr:housenumber": "53",
        "addr:state": "NSW",
        "addr:street": "Railway Parade",
        "addr:suburb": "Henty",
        "fixme": "Note Agnvet for sale sign visible",
        "name": "Ed's Old Farm Machinery Museum",
        "tourism": "museum"
      },
      "geometry": {
        "type": "Point",
        "coordinates": [
          147.0364479,
          -35.520833
        ]
      },
      "id": "node/13518401430"
    },
    {
      "type": "Feature",
      "properties": {
        "@id": "node/13527862241",
        "name": "Doug Kerr Vintage Museum",
        "tourism": "museum"
      },
      "geometry": {
        "type": "Point",
        "coordinates": [
          146.1648767,
          -35.5569783
        ]
      },
      "id": "node/13527862241"
    },
    {
      "type": "Feature",
      "properties": {
        "@id": "node/13648206184",
        "name": "Military Museum",
        "tourism": "museum"
      },
      "geometry": {
        "type": "Point",
        "coordinates": [
          142.0323349,
          -34.092339
        ]
      },
      "id": "node/13648206184"
    },
    {
      "type": "Feature",
      "properties": {
        "@id": "node/13649017044",
        "museum": "history",
        "name": "Fremantle Hospital Museum",
        "tourism": "museum"
      },
      "geometry": {
        "type": "Point",
        "coordinates": [
          115.752894,
          -32.0574623
        ]
      },
      "id": "node/13649017044"
    },
    {
      "type": "Feature",
      "properties": {
        "@id": "node/13660235013",
        "check_date:opening_hours": "2026-03-19",
        "fee": "no",
        "name": "Classroom",
        "opening_hours:signed": "no",
        "tourism": "museum",
        "wheelchair": "no"
      },
      "geometry": {
        "type": "Point",
        "coordinates": [
          151.406555,
          -33.2753393
        ]
      },
      "id": "node/13660235013"
    },
    {
      "type": "Feature",
      "properties": {
        "@id": "node/13660306675",
        "name": "Hospital Gallery - Heritage Cottage",
        "tourism": "museum"
      },
      "geometry": {
        "type": "Point",
        "coordinates": [
          147.9753959,
          -29.4291638
        ]
      },
      "id": "node/13660306675"
    },
    {
      "type": "Feature",
      "properties": {
        "@id": "node/13660307561",
        "check_date:opening_hours": "2026-03-19",
        "fee": "yes",
        "name": "Barkers Barn",
        "opening_hours:signed": "no",
        "tourism": "museum",
        "wheelchair": "yes"
      },
      "geometry": {
        "type": "Point",
        "coordinates": [
          151.4062637,
          -33.2751142
        ]
      },
      "id": "node/13660307561"
    },
    {
      "type": "Feature",
      "properties": {
        "@id": "node/13685607595",
        "name": "Whistle Stop Cafe and Museum",
        "tourism": "museum"
      },
      "geometry": {
        "type": "Point",
        "coordinates": [
          146.624922,
          -33.8761193
        ]
      },
      "id": "node/13685607595"
    },
    {
      "type": "Feature",
      "properties": {
        "@id": "node/13704794918",
        "description": "Small museum covering the “shot tower” structure and more general history of Melbourne. Entrance is located inside the R.M. Williams shop.",
        "fee": "no",
        "museum": "local_history",
        "name": "Shot Tower Museum",
        "tourism": "museum"
      },
      "geometry": {
        "type": "Point",
        "coordinates": [
          144.9631448,
          -37.810453
        ]
      },
      "id": "node/13704794918"
    },
    {
      "type": "Feature",
      "properties": {
        "@id": "node/13722817537",
        "contact:facebook": "https://www.facebook.com/p/Boggabri-Agricultural-Heritage-centre-100070254069601/",
        "museum": "history",
        "name": "Boggabri Agricultural Heritage Centre",
        "tourism": "museum"
      },
      "geometry": {
        "type": "Point",
        "coordinates": [
          150.0422041,
          -30.7048936
        ]
      },
      "id": "node/13722817537"
    },
    {
      "type": "Feature",
      "properties": {
        "@id": "node/13727417749",
        "name": "Canning - Gunbarrel Discovery Center",
        "tourism": "museum"
      },
      "geometry": {
        "type": "Point",
        "coordinates": [
          120.22825,
          -26.5972267
        ]
      },
      "id": "node/13727417749"
    },
    {
      "type": "Feature",
      "properties": {
        "@id": "node/13739870317",
        "check_date": "2026-04-18",
        "name": "Australian Museum of Performing Arts",
        "operator": "Arts Centre Melbourne",
        "tourism": "museum",
        "website": "https://www.artscentremelbourne.com.au/ampa"
      },
      "geometry": {
        "type": "Point",
        "coordinates": [
          144.9679101,
          -37.8198986
        ]
      },
      "id": "node/13739870317"
    },
    {
      "type": "Feature",
      "properties": {
        "@id": "node/13778410273",
        "addr:housenumber": "280",
        "addr:street": "William Street",
        "charge": "16 AUD",
        "check_date": "2026-04-29",
        "fee": "yes",
        "museum": "history",
        "name": "Hellenic Museum",
        "name:el": "Ελληνικό Μουσείο",
        "name:fr": "Musée hellénique",
        "opening_hours": "Mo-Su 10:00-16:00",
        "phone": "+61 3 8615 9016",
        "toilets": "yes",
        "toilets:access": "customers",
        "tourism": "museum",
        "website": "https://www.hellenic.org.au/",
        "wikidata": "Q15961629"
      },
      "geometry": {
        "type": "Point",
        "coordinates": [
          144.957084,
          -37.812171
        ]
      },
      "id": "node/13778410273"
    },
    {
      "type": "Feature",
      "properties": {
        "@id": "node/13783336411",
        "addr:housenumber": "749-755",
        "addr:postcode": "3008",
        "addr:state": "VIC",
        "addr:street": "Collins Street",
        "addr:suburb": "Docklands",
        "fee": "yes",
        "museum": "transport",
        "name": "Fox Classic Car Museum",
        "opening_hours": "Th-Sa 10:00-14:00",
        "tourism": "museum",
        "website": "https://www.foxcollection.org.au/"
      },
      "geometry": {
        "type": "Point",
        "coordinates": [
          144.948532,
          -37.821252
        ]
      },
      "id": "node/13783336411"
    },
    {
      "type": "Feature",
      "properties": {
        "@id": "node/13894922201",
        "addr:housenumber": "146",
        "addr:street": "Robinson Street",
        "check_date": "2026-05-30",
        "contact:instagram": "GwoonwarduMia",
        "email": "gwoonwardumia@museum.wa.gov.au",
        "level": "0",
        "name": "Gwoonwardu Mia",
        "phone": "+61 8 9941 1989",
        "tourism": "museum",
        "website": "https://www.gahcc.com.au"
      },
      "geometry": {
        "type": "Point",
        "coordinates": [
          113.6631819,
          -24.877135
        ]
      },
      "id": "node/13894922201"
    },
    {
      "type": "Feature",
      "properties": {
        "@id": "node/13903373944",
        "addr:housenumber": "410",
        "addr:street": "Murray Street",
        "check_date": "2026-09-17",
        "name": "Museum of Perth",
        "opening_hours": "Mo-Sa 10:00-16:00",
        "tourism": "museum"
      },
      "geometry": {
        "type": "Point",
        "coordinates": [
          115.8536669,
          -31.9510525
        ]
      },
      "id": "node/13903373944"
    },
    {
      "type": "Feature",
      "properties": {
        "@id": "node/13909319105",
        "addr:housenumber": "38",
        "addr:postcode": "4613",
        "addr:state": "QLD",
        "addr:street": "Blake Street",
        "addr:suburb": "Proston",
        "name": "Heritage Museum",
        "tourism": "museum"
      },
      "geometry": {
        "type": "Point",
        "coordinates": [
          151.6013666,
          -26.163503
        ]
      },
      "id": "node/13909319105"
    },
    {
      "type": "Feature",
      "properties": {
        "@id": "node/13922671894",
        "tourism": "museum"
      },
      "geometry": {
        "type": "Point",
        "coordinates": [
          149.9751866,
          -24.5672425
        ]
      },
      "id": "node/13922671894"
    },
    {
      "type": "Feature",
      "properties": {
        "@id": "node/13938019809",
        "museum": "person",
        "name": "May Gibbs' Nutcote",
        "name:etymology": "May Gibbs",
        "name:etymology:wikidata": "Q3302879",
        "opening_hours": "We-Su 11:00-15:00",
        "tourism": "museum",
        "website": "https://maygibbs.com.au"
      },
      "geometry": {
        "type": "Point",
        "coordinates": [
          151.2215264,
          -33.8419167
        ]
      },
      "id": "node/13938019809"
    },
    {
      "type": "Feature",
      "properties": {
        "@id": "node/13956654755",
        "description": "Old pharmaceutical items and cameras.",
        "museum": "history",
        "name": "Pieces of Yesteryear",
        "tourism": "museum"
      },
      "geometry": {
        "type": "Point",
        "coordinates": [
          143.0372809,
          -22.3897225
        ]
      },
      "id": "node/13956654755"
    },
    {
      "type": "Feature",
      "properties": {
        "@id": "node/13956819380",
        "museum": "history",
        "name": "Winton Heritage Truck & Machinery Museum",
        "tourism": "museum"
      },
      "geometry": {
        "type": "Point",
        "coordinates": [
          143.0427805,
          -22.3778309
        ]
      },
      "id": "node/13956819380"
    },
    {
      "type": "Feature",
      "properties": {
        "@id": "node/13966989547",
        "name": "Ambulance Museum",
        "tourism": "museum"
      },
      "geometry": {
        "type": "Point",
        "coordinates": [
          146.2662322,
          -20.0767492
        ]
      },
      "id": "node/13966989547"
    },
    {
      "type": "Feature",
      "properties": {
        "@id": "node/13968144108",
        "check_date": "2026-01-31",
        "museum": "local",
        "name": "Temporary Museum and reception",
        "note": "building to the west is the normal museum but is currently closed forheritage work",
        "tourism": "museum"
      },
      "geometry": {
        "type": "Point",
        "coordinates": [
          144.887704,
          -38.4920599
        ]
      },
      "id": "node/13968144108"
    },
    {
      "type": "Feature",
      "properties": {
        "@id": "node/13969593487",
        "addr:housenumber": "84",
        "addr:postcode": "4816",
        "addr:state": "QLD",
        "addr:street": "Macrossan Street",
        "addr:suburb": "Ravenswood",
        "amenity": "cafe",
        "cuisine": "coffee_shop",
        "museum": "history",
        "name": "Thorps Building Heritage Tea Room and Treasures",
        "tourism": "museum"
      },
      "geometry": {
        "type": "Point",
        "coordinates": [
          146.8895185,
          -20.1005229
        ]
      },
      "id": "node/13969593487"
    },
    {
      "type": "Feature",
      "properties": {
        "@id": "node/13969893366",
        "name": "Burdekin Dam",
        "tourism": "museum"
      },
      "geometry": {
        "type": "Point",
        "coordinates": [
          147.1444465,
          -20.6420342
        ]
      },
      "id": "node/13969893366"
    },
    {
      "type": "Feature",
      "properties": {
        "@id": "node/13970488918",
        "fee": "yes",
        "museum": "local_history",
        "name": "BridgeMuseum",
        "start_date": "2026-05",
        "toilets": "yes",
        "toilets:access": "customers",
        "tourism": "museum",
        "website": "https://www.bridgemuseum.com.au/"
      },
      "geometry": {
        "type": "Point",
        "coordinates": [
          151.2094667,
          -33.8545903
        ]
      },
      "id": "node/13970488918"
    },
    {
      "type": "Feature",
      "properties": {
        "@id": "node/14021314211",
        "museum": "history",
        "name": "Evans Head Living Museum",
        "opening_hours": "We-Fr 10:00-13:00; Sa 10:00-13:00",
        "phone": "+61 2 6682 6410",
        "tourism": "museum",
        "website": "https://ehlm.com.au/",
        "wheelchair": "yes"
      },
      "geometry": {
        "type": "Point",
        "coordinates": [
          153.4338855,
          -29.1159227
        ]
      },
      "id": "node/14021314211"
    },
    {
      "type": "Feature",
      "properties": {
        "@id": "node/14023465717",
        "fee": "yes",
        "name": "Maritime museum",
        "tourism": "museum"
      },
      "geometry": {
        "type": "Point",
        "coordinates": [
          148.2515305,
          -41.3230517
        ]
      },
      "id": "node/14023465717"
    },
    {
      "type": "Feature",
      "properties": {
        "@id": "node/14023949901",
        "addr:street": "Kennedy Developmental Road",
        "name": "Truck and Machinery Museum",
        "opening_hours": "Mo-Su 09:00-18:00",
        "phone": "+61 429 806 140",
        "tourism": "museum"
      },
      "geometry": {
        "type": "Point",
        "coordinates": [
          143.0430094,
          -22.3776566
        ]
      },
      "id": "node/14023949901"
    },
    {
      "type": "Feature",
      "properties": {
        "@id": "node/14044988001",
        "addr:housenumber": "63",
        "addr:street": "Deighton Street",
        "name": "Underground Hospital & Museum",
        "opening_hours": "Mo-Sa 09:30-13:30",
        "phone": "+61 7 4749 3087",
        "tourism": "museum",
        "website": "https://www.undergroundhospital.com.au/"
      },
      "geometry": {
        "type": "Point",
        "coordinates": [
          139.4946419,
          -20.7310549
        ]
      },
      "id": "node/14044988001"
    },
    {
      "type": "Feature",
      "properties": {
        "@id": "node/14061573616",
        "museum": "history",
        "name": "Pearl Luggers",
        "operator": "Willie Creek Pearls",
        "tourism": "museum",
        "website": "https://www.williecreekpearls.com.au/pages/pearl-luggers-tour"
      },
      "geometry": {
        "type": "Point",
        "coordinates": [
          122.2446502,
          -17.9551818
        ]
      },
      "id": "node/14061573616"
    },
    {
      "type": "Feature",
      "properties": {
        "@id": "node/14070845057",
        "addr:housenumber": "9",
        "addr:postcode": "2132",
        "addr:state": "NSW",
        "addr:street": "West Street",
        "addr:suburb": "Croydon",
        "museum": "computer",
        "name": "Australian Computer Museum Society",
        "opening_hours": "Sa 11:00-15:00",
        "tourism": "museum",
        "website": "https://acms.org.au/",
        "wikidata": "Q4824027"
      },
      "geometry": {
        "type": "Point",
        "coordinates": [
          151.1261148,
          -33.8746979
        ]
      },
      "id": "node/14070845057"
    },
    {
      "type": "Feature",
      "properties": {
        "@id": "node/14081363351",
        "addr:housename": "Mechanics Institute Building",
        "addr:housenumber": "43",
        "addr:postcode": "3300",
        "addr:state": "VIC",
        "addr:street": "Gray Street",
        "addr:suburb": "Hamilton",
        "museum": "history",
        "museum_type": "municipal",
        "name": "Hamilton History Centre",
        "opening_hours": "Mo-Fr,Su 14:00-17:00; PH closed",
        "phone": "+61 3 5572 4933",
        "tourism": "museum",
        "website": "https://hamiltonhistorycentre.org.au/"
      },
      "geometry": {
        "type": "Point",
        "coordinates": [
          142.021455,
          -37.7445211
        ]
      },
      "id": "node/14081363351"
    },
    {
      "type": "Feature",
      "properties": {
        "@id": "node/14089605404",
        "email": "contact@parramattafemalefactoryfriends.com.au",
        "name": "Parramatta Female Factory",
        "operator": "Parramatta Female Factory Action Group Inc.",
        "phone": "+61 451 332 823",
        "tourism": "museum",
        "website": "https://www.parramattafemalefactoryfriends.com.au",
        "wikidata": "Q7139738",
        "wikipedia": "en:Parramatta Female Factory"
      },
      "geometry": {
        "type": "Point",
        "coordinates": [
          151.0004471,
          -33.8035105
        ]
      },
      "id": "node/14089605404"
    },
    {
      "type": "Feature",
      "properties": {
        "@id": "node/14090823195",
        "fee": "no",
        "museum": "history",
        "name": "QStation Visitor Centre Museum",
        "opening_hours": "10:00-16:00",
        "tourism": "museum",
        "website": "https://qstation.com.au/visitor-centre/"
      },
      "geometry": {
        "type": "Point",
        "coordinates": [
          151.2858876,
          -33.8156422
        ]
      },
      "id": "node/14090823195"
    },
    {
      "type": "Feature",
      "properties": {
        "@id": "node/14118031988",
        "air_conditioning": "yes",
        "fee": "no",
        "museum": "history",
        "name": "Centre of Democracy",
        "operator": "History Trust of South Australia",
        "operator:type": "government",
        "tourism": "museum",
        "website": "https://www.centreofdemocracy.sa.gov.au/"
      },
      "geometry": {
        "type": "Point",
        "coordinates": [
          138.602044,
          -34.9208227
        ]
      },
      "id": "node/14118031988"
    },
    {
      "type": "Feature",
      "properties": {
        "@id": "node/14161874001",
        "addr:street": "Cadell Street",
        "name": "Number 8 Elementary Flying Training School & Tiger Moth Memorial",
        "opening_hours": "Mo-Fr 09:00-16:00; Sa 09:00-15:00; Su 10:00-14:00",
        "tourism": "museum"
      },
      "geometry": {
        "type": "Point",
        "coordinates": [
          146.5505928,
          -34.7449876
        ]
      },
      "id": "node/14161874001"
    },
    {
      "type": "Feature",
      "properties": {
        "@id": "node/14220901277",
        "addr:housenumber": "4",
        "addr:street": "Neil Street",
        "addr:suburb": "Mannum",
        "museum": "transport",
        "name": "River Rides Motorcycle Museum",
        "note": "address approx",
        "tourism": "museum"
      },
      "geometry": {
        "type": "Point",
        "coordinates": [
          139.3000812,
          -34.9135091
        ]
      },
      "id": "node/14220901277"
    },
    {
      "type": "Feature",
      "properties": {
        "@id": "node/14225737901",
        "addr:street": "Alfred Terrace",
        "description": "Engines museum",
        "name": "Power House Museum",
        "opening_hours": "Tu,Fr 14:00-17:00",
        "phone": "+61 428 261 776;+61 407 178 157;+61 427 390 479",
        "tourism": "museum"
      },
      "geometry": {
        "type": "Point",
        "coordinates": [
          134.2135905,
          -32.7951063
        ]
      },
      "id": "node/14225737901"
    },
    {
      "type": "Feature",
      "properties": {
        "@id": "node/14237939254",
        "addr:housenumber": "365",
        "addr:street": "Millencowbah Road",
        "contact:facebook": "https://www.facebook.com/justrusticlightningridge/",
        "email": "cod501@bigpond.com",
        "fax": "+61 2 6829 0829",
        "museum": "history",
        "name": "Just Rustic",
        "opening_hours": "\"By appointment\"",
        "phone": "+61 427 780 434",
        "tourism": "museum",
        "website": "https://justrusticlightningridge.com.au/"
      },
      "geometry": {
        "type": "Point",
        "coordinates": [
          148.161681,
          -29.2423222
        ]
      },
      "id": "node/14237939254"
    },
    {
      "type": "Feature",
      "properties": {
        "@id": "node/14248274949",
        "museum": "history",
        "name": "Lydham Hall",
        "tourism": "museum",
        "website": "https://stgeorgehistsoc.org.au/lydham-hall/"
      },
      "geometry": {
        "type": "Point",
        "coordinates": [
          151.1300262,
          -33.9448986
        ]
      },
      "id": "node/14248274949"
    }
  ]
}